{"elements":[{"attributes":{"name":"Crowdsourcing","default":true,"landmark":false,"xor":false},"metadata":{"graphics":{"position":{"x":-6260,"y":-4360},"size":{"height":2160,"width":2650}}},"id":"crowdsourcing-view-container","type":"ifml.ViewContainer"},{"attributes":{"name":"Xor","default":false,"landmark":false,"xor":true},"metadata":{"graphics":{"position":{"x":-6230,"y":-4310},"size":{"height":2070,"width":2580}}},"id":"xor-crowdsourcing-view-container","type":"ifml.ViewContainer"},{"attributes":{"name":"Action","parameters":[],"results":[]},"metadata":{"graphics":{"position":{"x":-5830,"y":-3800},"size":{"height":50,"width":75},"parent":"xor-crowdsourcing-view-container"}},"id":"4acbc226-650a-4aa3-b428-c8ee68b70e38","type":"ifml.Action"},{"attributes":{"name":"Sign up and Log In Pattern","default":true,"landmark":false,"xor":false},"metadata":{"graphics":{"position":{"x":-6210,"y":-4270},"size":{"height":370,"width":880}}},"id":"sign-up-and-log-in-pattern-view-container","type":"ifml.ViewContainer"},{"attributes":{"name":"Master","default":false,"landmark":false,"xor":false},"metadata":{"graphics":{"position":{"x":-5300,"y":-4270},"size":{"height":690,"width":1610}}},"id":"master-view-container","type":"ifml.ViewContainer"},{"attributes":{"name":"Worker","default":false,"landmark":false,"xor":false},"metadata":{"graphics":{"position":{"x":-5580,"y":-3540},"size":{"height":1260,"width":1890}}},"id":"worker-view-container-1","type":"ifml.ViewContainer"},{"attributes":{"name":"Master"},"metadata":{"graphics":{"position":{"x":-5770,"y":-3810},"name":{"horizontal":"middle","vertical":"top"}}},"id":"master-start-event","type":"ifml.Event"},{"attributes":{"name":"Worker"},"metadata":{"graphics":{"position":{"x":-5770,"y":-3760},"name":{"horizontal":"middle","vertical":"bottom"}}},"id":"worker-start-event","type":"ifml.Event"},{"attributes":{"name":"Log Out","parameters":[],"results":[]},"metadata":{"graphics":{"position":{"x":-5980,"y":-4000},"size":{"height":80,"width":112.5},"parent":"sign-up-and-log-in-pattern-view-container"}},"id":"log-out-action","type":"ifml.Action"},{"attributes":{"name":"Log In","parameters":[{"label":"username"},{"label":"password"}],"results":[{"label":"username-error"},{"label":"password-error"},{"label":"username"},{"label":"password"}]},"metadata":{"graphics":{"position":{"x":-5730,"y":-4000},"size":{"height":80,"width":115},"parent":"sign-up-and-log-in-pattern-view-container"}},"id":"log-in-action","type":"ifml.Action"},{"attributes":{"name":"Registration","parameters":[{"label":"name"},{"label":"surname"},{"label":"username"},{"label":"password"},{"label":"role"}],"results":[{"label":"name-error"},{"label":"surname-error"},{"label":"username-error"},{"label":"password-error"},{"label":"name"},{"label":"surname"},{"label":"username"},{"label":"password"},{"label":"role"}]},"metadata":{"graphics":{"position":{"x":-5540,"y":-4000},"size":{"height":80,"width":160},"parent":"sign-up-and-log-in-pattern-view-container"}},"id":"registration-action","type":"ifml.Action"},{"attributes":{"name":"Sign Up and Log In","default":false,"landmark":false,"xor":true},"metadata":{"graphics":{"position":{"x":-6190,"y":-4230},"size":{"height":200,"width":840}}},"id":"sign-up-and-log-in-view-container","type":"ifml.ViewContainer"},{"attributes":{"name":"Xor","default":false,"landmark":false,"xor":true},"metadata":{"graphics":{"position":{"x":-5270,"y":-4230},"size":{"height":620,"width":1550}}},"id":"xor-master-view-container","type":"ifml.ViewContainer"},{"attributes":{"name":"Xor","default":false,"landmark":false,"xor":true},"metadata":{"graphics":{"position":{"x":-5550,"y":-3500},"size":{"height":1190,"width":1830}}},"id":"xor-worker-view-container-1","type":"ifml.ViewContainer"},{"attributes":{"name":"Done"},"metadata":{"graphics":{"position":{"x":-5877.5,"y":-4000},"name":{"horizontal":"middle","vertical":"top"}}},"id":"done-log-out-event","type":"ifml.Event"},{"attributes":{"name":"Failed"},"metadata":{"graphics":{"position":{"x":-5990,"y":-4000},"name":{"horizontal":"left-outer","vertical":"top"}}},"id":"failed-log-out-event","type":"ifml.Event"},{"attributes":{"name":"Done"},"metadata":{"graphics":{"position":{"x":-5740,"y":-3970},"name":{"horizontal":"middle","vertical":"top"}}},"id":"done-log-in-event","type":"ifml.Event"},{"attributes":{"name":"Failed"},"metadata":{"graphics":{"position":{"x":-5660,"y":-4010},"name":{"horizontal":"middle","vertical":"bottom"}}},"id":"failed-log-in-event","type":"ifml.Event"},{"attributes":{"name":"Done"},"metadata":{"graphics":{"position":{"x":-5550,"y":-3990},"name":{"horizontal":"middle","vertical":"top"}}},"id":"done-registration-event","type":"ifml.Event"},{"attributes":{"name":"Registration"},"metadata":{"graphics":{"position":{"x":-5440,"y":-4010},"name":{"horizontal":"middle","vertical":"bottom"}}},"id":"failed-registration-event","type":"ifml.Event"},{"attributes":{"name":"Welcome","default":false,"landmark":false,"xor":false},"metadata":{"graphics":{"position":{"x":-6170,"y":-4190},"size":{"height":140,"width":200}}},"id":"welcome-view-container","type":"ifml.ViewContainer"},{"attributes":{"name":"Log In","default":true,"landmark":false,"xor":false},"metadata":{"graphics":{"position":{"x":-5780,"y":-4190},"size":{"height":140,"width":190}}},"id":"log-in-view-container","type":"ifml.ViewContainer"},{"attributes":{"name":"Sign Up","default":false,"landmark":false,"xor":false},"metadata":{"graphics":{"position":{"x":-5560,"y":-4190},"size":{"height":140,"width":190}}},"id":"sign-up-view-container","type":"ifml.ViewContainer"},{"attributes":{"name":"Tasks Content Management Pattern","default":true,"landmark":true,"xor":false},"metadata":{"graphics":{"position":{"x":-5240,"y":-4180},"size":{"height":540,"width":900}}},"id":"master-tasks-content-management-pattern-view-container","type":"ifml.ViewContainer"},{"attributes":{"name":"Account Content Management Pattern","default":false,"landmark":true,"xor":false},"metadata":{"graphics":{"position":{"x":-4310,"y":-4180},"size":{"height":430,"width":560}}},"id":"master-account-content-management-pattern-view-container","type":"ifml.ViewContainer"},{"attributes":{"name":"Start","parameters":[{"label":"id"}],"results":[{"label":"id"}]},"metadata":{"graphics":{"position":{"x":-4480,"y":-2780},"size":{"height":50,"width":75},"parent":"xor-worker-view-container-1"}},"id":"worker-task-start-task-action-1","type":"ifml.Action"},{"attributes":{"name":"Account Content Management Pattern","default":false,"landmark":true,"xor":false},"metadata":{"graphics":{"position":{"x":-4290,"y":-3460},"size":{"height":430,"width":540}}},"id":"worker-account-content-management-pattern-view-container-1","type":"ifml.ViewContainer"},{"attributes":{"name":"Task Input Data Validation Pattern","default":false,"landmark":false,"xor":false},"metadata":{"graphics":{"position":{"x":-5160,"y":-2810},"size":{"height":480,"width":430}}},"id":"worker-task-input-data-validation-pattern-view-container-1","type":"ifml.ViewContainer"},{"attributes":{"name":"Restricted Search","default":true,"landmark":true,"xor":false},"metadata":{"graphics":{"position":{"x":-5490,"y":-3460},"size":{"height":630,"width":1160}}},"id":"worker-restricted-search-pattern-view-container-1","type":"ifml.ViewContainer"},{"attributes":{"name":"Log Out"},"metadata":{"graphics":{"position":{"x":-5980,"y":-4100},"name":{"horizontal":"middle","vertical":"top"}}},"id":"log-out-event","type":"ifml.Event"},{"attributes":{"name":"Start"},"metadata":{"graphics":{"position":{"x":-6110,"y":-4060},"name":{"horizontal":"middle","vertical":"top"}}},"id":"start-event","type":"ifml.Event"},{"attributes":{"name":"Log In Form","stereotype":"form","fields":[{"label":"username","value":"username","type":"text"},{"label":"password","value":"password","type":"password"}]},"metadata":{"graphics":{"position":{"x":-5760,"y":-4150},"size":{"height":80,"width":150}}},"id":"log-in-form","type":"ifml.ViewComponent"},{"attributes":{"name":"Sign Up Form","stereotype":"form","fields":[{"label":"name","value":"name","type":"text"},{"label":"surname","value":"surname","type":"text"},{"label":"username","value":"username","type":"text"},{"label":"password","value":"password","type":"password"},{"label":"worker","value":"worker","type":"radio","name":"role"},{"label":"master","value":"master","type":"radio","name":"role"}]},"metadata":{"graphics":{"position":{"x":-5540,"y":-4150},"size":{"height":80,"width":150}}},"id":"sign-up-form","type":"ifml.ViewComponent"},{"attributes":{"name":"Xor Tasks Content Management","default":false,"landmark":false,"xor":true},"metadata":{"graphics":{"position":{"x":-5220,"y":-4140},"size":{"height":480,"width":860}}},"id":"xor-tasks-content-management-view-container-1","type":"ifml.ViewContainer"},{"attributes":{"name":"Xor Account Content Management","default":false,"landmark":false,"xor":true},"metadata":{"graphics":{"position":{"x":-4280,"y":-4140},"size":{"height":370,"width":510}}},"id":"xor-account-content-management-view-container","type":"ifml.ViewContainer"},{"attributes":{"name":"On"},"metadata":{"graphics":{"position":{"x":-4450,"y":-2740},"name":{"horizontal":"middle","vertical":"bottom"}}},"id":"worker-task-on-event-1","type":"ifml.Event"},{"attributes":{"name":"Xor Account Content Management","default":false,"landmark":false,"xor":true},"metadata":{"graphics":{"position":{"x":-4270,"y":-3420},"size":{"height":370,"width":500}}},"id":"xor-worker-account-content-management-view-container-1","type":"ifml.ViewContainer"},{"attributes":{"name":"Validate","parameters":[],"results":[{"label":"id"}]},"metadata":{"graphics":{"position":{"x":-4860,"y":-2440},"size":{"height":70,"width":100},"parent":"worker-task-input-data-validation-pattern-view-container-1"}},"id":"worker-task-validate-action-1","type":"ifml.Action"},{"attributes":{"name":"Data","default":false,"landmark":false,"xor":false},"metadata":{"graphics":{"position":{"x":-5120,"y":-2760},"size":{"height":250,"width":230}}},"id":"worker-task-data-view-container-1","type":"ifml.ViewContainer"},{"attributes":{"name":"Xor","default":false,"landmark":false,"xor":true},"metadata":{"graphics":{"position":{"x":-5470,"y":-3430},"size":{"height":580,"width":1120}}},"id":"worker-xor-search-multilevel-master-details-view-container","type":"ifml.ViewContainer"},{"attributes":{"name":"Sign Up"},"metadata":{"graphics":{"position":{"x":-5620,"y":-4150},"name":{"horizontal":"middle","vertical":"top"}}},"id":"sign-up-event","type":"ifml.Event"},{"attributes":{"name":"Log In"},"metadata":{"graphics":{"position":{"x":-5710,"y":-4080},"name":{"horizontal":"middle","vertical":"top"}}},"id":"log-in-event","type":"ifml.Event"},{"attributes":{"name":"Log In"},"metadata":{"graphics":{"position":{"x":-5550,"y":-4120},"name":{"horizontal":"middle","vertical":"top"}}},"id":"back-to-log-in-event","type":"ifml.Event"},{"attributes":{"name":"Registration"},"metadata":{"graphics":{"position":{"x":-5490,"y":-4080},"name":{"horizontal":"middle","vertical":"top"}}},"id":"registration-event","type":"ifml.Event"},{"attributes":{"name":"Create or Modify","parameters":[{"label":"id"},{"label":"name"},{"label":"description"},{"label":"state"}],"results":[{"label":"id"},{"label":"name-error"},{"label":"description-error"},{"label":"name"},{"label":"description"},{"label":"state"},{"label":"state-error"}]},"metadata":{"graphics":{"position":{"x":-4730,"y":-3850},"size":{"height":60,"width":120},"parent":"xor-tasks-content-management-view-container-1"}},"id":"master-tasks-create-modify-action","type":"ifml.Action"},{"attributes":{"name":"Delete","parameters":[{"label":"id"}],"results":[]},"metadata":{"graphics":{"position":{"x":-4910,"y":-3790},"size":{"height":50,"width":75},"parent":"xor-tasks-content-management-view-container-1"}},"id":"master-tasks-delete-action","type":"ifml.Action"},{"attributes":{"name":"Load Content","parameters":[{"label":"id"}],"results":[{"label":"id"},{"label":"name"},{"label":"description"}]},"metadata":{"graphics":{"position":{"x":-4730,"y":-3750},"size":{"height":60,"width":120},"parent":"xor-tasks-content-management-view-container-1"}},"id":"master-tasks-load-content-action","type":"ifml.Action"},{"attributes":{"name":"Create Task","default":false,"landmark":true,"xor":false},"metadata":{"graphics":{"position":{"x":-4840,"y":-4080},"size":{"height":150,"width":200}}},"id":"master-tasks-task-view-container","type":"ifml.ViewContainer"},{"attributes":{"name":"Task","default":false,"landmark":false,"xor":false},"metadata":{"graphics":{"position":{"x":-4620,"y":-4080},"size":{"height":150,"width":240}}},"id":"master-tasks-task-details-view-container","type":"ifml.ViewContainer"},{"attributes":{"name":"Modal Confirmation","default":false,"landmark":false,"xor":false},"metadata":{"graphics":{"position":{"x":-5150,"y":-3900},"size":{"height":160,"width":210}}},"id":"modal-confirmation-view-container-1","type":"ifml.ViewContainer"},{"attributes":{"name":"Tasks","default":true,"landmark":true,"xor":false},"metadata":{"graphics":{"position":{"x":-5140,"y":-4090},"size":{"height":150,"width":220}}},"id":"master-tasks-view-container","type":"ifml.ViewContainer"},{"attributes":{"name":"Create or Modify","parameters":[{"label":"id"},{"label":"name"},{"label":"surname"},{"label":"username"},{"label":"password"}],"results":[{"label":"id"},{"label":"name-error"},{"label":"surname-error"},{"label":"username-error"},{"label":"password-error"},{"label":"name"},{"label":"surname"},{"label":"username"},{"label":"password"}]},"metadata":{"graphics":{"position":{"x":-4140,"y":-3850},"size":{"height":60,"width":120},"parent":"xor-account-content-management-view-container"}},"id":"master-account-create-modify-action","type":"ifml.Action"},{"attributes":{"name":"Profile","default":false,"landmark":false,"xor":false},"metadata":{"graphics":{"position":{"x":-4250,"y":-4080},"size":{"height":150,"width":200}}},"id":"profile-view-container","type":"ifml.ViewContainer"},{"attributes":{"name":"Profile","default":true,"landmark":true,"xor":false},"metadata":{"graphics":{"position":{"x":-4030,"y":-4080},"size":{"height":150,"width":240}}},"id":"master-account-profile-details-view-container","type":"ifml.ViewContainer"},{"attributes":{"name":"Create or Modify","parameters":[{"label":"id"},{"label":"name"},{"label":"surname"},{"label":"username"},{"label":"password"}],"results":[{"label":"id"},{"label":"name-error"},{"label":"surname-error"},{"label":"username-error"},{"label":"password-error"},{"label":"name"},{"label":"surname"},{"label":"username"},{"label":"password"}]},"metadata":{"graphics":{"position":{"x":-4140,"y":-3130},"size":{"height":60,"width":120},"parent":"xor-worker-account-content-management-view-container-1"}},"id":"worker-account-create-modify-action-1","type":"ifml.Action"},{"attributes":{"name":"Profile","default":false,"landmark":false,"xor":false},"metadata":{"graphics":{"position":{"x":-4250,"y":-3360},"size":{"height":150,"width":200}}},"id":"worker-account-profile-view-container-1","type":"ifml.ViewContainer"},{"attributes":{"name":"Profile","default":true,"landmark":true,"xor":false},"metadata":{"graphics":{"position":{"x":-4030,"y":-3360},"size":{"height":150,"width":240}}},"id":"worker-account-profile-details-view-container-1","type":"ifml.ViewContainer"},{"attributes":{"name":"Failed"},"metadata":{"graphics":{"position":{"x":-4860,"y":-2380},"name":{"horizontal":"middle","vertical":"bottom"}}},"id":"worker-task-failed-validate-event-1","type":"ifml.Event"},{"attributes":{"name":"Done"},"metadata":{"graphics":{"position":{"x":-4780,"y":-2450},"name":{"horizontal":"middle","vertical":"top"}}},"id":"worker-task-done-validate-event-1","type":"ifml.Event"},{"attributes":{"name":"Task","stereotype":"form","fields":[{"label":"id","value":"id","type":"hidden"}]},"metadata":{"graphics":{"position":{"x":-5100,"y":-2600},"size":{"height":60,"width":150}}},"id":"worker-task-form-1","type":"ifml.ViewComponent"},{"attributes":{"name":"Task Component","stereotype":"details","fields":[{"label":"name"},{"label":"description"}],"collection":"tasks"},"metadata":{"graphics":{"position":{"x":-5100,"y":-2700},"size":{"height":60,"width":150}}},"id":"worker-task-component-details-1","type":"ifml.ViewComponent"},{"attributes":{"name":"Back"},"metadata":{"graphics":{"position":{"x":-5130,"y":-2720},"name":{"horizontal":"middle","vertical":"top"}}},"id":"worker-task-back-to-tasks-event-1","type":"ifml.Event"},{"attributes":{"name":"Multilevel Master Detail Pattern","default":true,"landmark":true,"xor":false},"metadata":{"graphics":{"position":{"x":-5450,"y":-3390},"size":{"height":250,"width":1070}}},"id":"worker-multilevel-master-detail-pattern-view-container-1","type":"ifml.ViewContainer"},{"attributes":{"name":"Key Search","default":false,"landmark":true,"xor":false},"metadata":{"graphics":{"position":{"x":-5450,"y":-3120},"size":{"height":240,"width":460}}},"id":"worker-key-search-view-container","type":"ifml.ViewContainer"},{"attributes":{"name":"Done"},"metadata":{"graphics":{"position":{"x":-4620,"y":-3850},"name":{"horizontal":"middle","vertical":"top"}}},"id":"master-tasks-done-create-modify-event","type":"ifml.Event"},{"attributes":{"name":"Failed"},"metadata":{"graphics":{"position":{"x":-4720,"y":-3860},"name":{"horizontal":"left-outer","vertical":"top"}}},"id":"failed-create-modify-event-1","type":"ifml.Event"},{"attributes":{"name":"Done"},"metadata":{"graphics":{"position":{"x":-4880,"y":-3800},"name":{"horizontal":"left-outer","vertical":"top"}}},"id":"master-tasks-done-delete-event","type":"ifml.Event"},{"attributes":{"name":"Done"},"metadata":{"graphics":{"position":{"x":-4740,"y":-3750},"name":{"horizontal":"middle","vertical":"top"}}},"id":"master-tasks-done-load-content-event","type":"ifml.Event"},{"attributes":{"name":"Failed"},"metadata":{"graphics":{"position":{"x":-4740,"y":-3710},"name":{"horizontal":"middle","vertical":"bottom"}}},"id":"master-tasks-failed-load-content-event","type":"ifml.Event"},{"attributes":{"name":"Create Task","stereotype":"form","fields":[{"label":"id","value":"id","type":"text"},{"label":"name","value":"name","type":"text"},{"label":"description","value":"description","type":"textarea"},{"label":"state","value":"state","type":"text"}]},"metadata":{"graphics":{"position":{"x":-4820,"y":-4020},"size":{"height":70,"width":150}}},"id":"master-tasks-task-form","type":"ifml.ViewComponent"},{"attributes":{"name":"Task","stereotype":"details","fields":[{"label":"name"},{"label":"description"},{"label":"state"}],"collection":"tasks"},"metadata":{"graphics":{"position":{"x":-4560,"y":-4010},"size":{"height":60,"width":170}}},"id":"master-tasks-task-details","type":"ifml.ViewComponent"},{"attributes":{"name":"Cancel"},"metadata":{"graphics":{"position":{"x":-5090,"y":-3750},"name":{"horizontal":"middle","vertical":"top"}}},"id":"master-tasks-cancel-confirmation-event","type":"ifml.Event"},{"attributes":{"name":"Delete Page","stereotype":"details","fields":[{"label":"name"},{"label":"state"},{"label":"description"}],"collection":"tasks"},"metadata":{"graphics":{"position":{"x":-5130,"y":-3830},"size":{"height":60,"width":150}}},"id":"master-tasks-delete-page-details","type":"ifml.ViewComponent"},{"attributes":{"name":"Tasks","stereotype":"list","fields":[{"label":"name"},{"label":"state"},{"label":"description"}],"collection":"tasks","filters":[]},"metadata":{"graphics":{"position":{"x":-5120,"y":-4060},"size":{"height":60,"width":180}}},"id":"master-tasks-list","type":"ifml.ViewComponent"},{"attributes":{"name":"Done"},"metadata":{"graphics":{"position":{"x":-4030,"y":-3850},"name":{"horizontal":"middle","vertical":"top"}}},"id":"master-account-done-create-modify-event","type":"ifml.Event"},{"attributes":{"name":"Failed"},"metadata":{"graphics":{"position":{"x":-4130,"y":-3860},"name":{"horizontal":"left-outer","vertical":"top"}}},"id":"master-account-failed-create-modify-event","type":"ifml.Event"},{"attributes":{"name":"Profile","stereotype":"form","fields":[{"label":"name","value":"name","type":"text"},{"label":"surname","value":"surname","type":"text"},{"label":"username","value":"username","type":"text"},{"label":"password","value":"password","type":"password"},{"label":"id","value":"id","type":"hidden"}]},"metadata":{"graphics":{"position":{"x":-4230,"y":-4020},"size":{"height":70,"width":150}}},"id":"master-account-profile-form","type":"ifml.ViewComponent"},{"attributes":{"name":"Profile","stereotype":"details","fields":[{"label":"name"},{"label":"surname"},{"label":"username"},{"label":"password"}],"collection":"profiles"},"metadata":{"graphics":{"position":{"x":-3970,"y":-4010},"size":{"height":60,"width":170}}},"id":"profile-details","type":"ifml.ViewComponent"},{"attributes":{"name":"Done"},"metadata":{"graphics":{"position":{"x":-4030,"y":-3130},"name":{"horizontal":"middle","vertical":"top"}}},"id":"worker-account-done-create-modify-event-1","type":"ifml.Event"},{"attributes":{"name":"Failed"},"metadata":{"graphics":{"position":{"x":-4130,"y":-3140},"name":{"horizontal":"left-outer","vertical":"top"}}},"id":"worker-account-failed-create-modify-event-1","type":"ifml.Event"},{"attributes":{"name":"Profile","stereotype":"form","fields":[{"label":"name","value":"name","type":"text"},{"label":"surname","value":"surname","type":"text"},{"label":"username","value":"username","type":"text"},{"label":"password","value":"password","type":"password"},{"label":"id","value":"id","type":"hidden"}]},"metadata":{"graphics":{"position":{"x":-4230,"y":-3300},"size":{"height":70,"width":150}}},"id":"worker-account-profile-form-1","type":"ifml.ViewComponent"},{"attributes":{"name":"Profile","stereotype":"details","fields":[{"label":"name"},{"label":"surname"},{"label":"username"},{"label":"password"}],"collection":"profiles"},"metadata":{"graphics":{"position":{"x":-3970,"y":-3290},"size":{"height":60,"width":170}}},"id":"worker-account-profile-details-1","type":"ifml.ViewComponent"},{"attributes":{"name":"Send"},"metadata":{"graphics":{"position":{"x":-4960,"y":-2560},"name":{"horizontal":"right-outer","vertical":"top"}}},"id":"send-event-1","type":"ifml.Event"},{"attributes":{"name":"Multilevel Master Detail","default":false,"landmark":false,"xor":true},"metadata":{"graphics":{"position":{"x":-5350,"y":-3350},"size":{"height":190,"width":950}}},"id":"worker-multilevel-master-detail-view-container-1","type":"ifml.ViewContainer"},{"attributes":{"name":"Keyword","stereotype":"form","fields":[{"label":"key","value":"key","type":"text"}]},"metadata":{"graphics":{"position":{"x":-5430,"y":-3090},"size":{"height":90,"width":150}}},"id":"worker-keyword-form-1","type":"ifml.ViewComponent"},{"attributes":{"name":"Categories","stereotype":"list","fields":[],"collection":"categories","filters":[]},"metadata":{"graphics":{"position":{"x":-5430,"y":-2990},"size":{"height":90,"width":150}}},"id":"worker-categories-list-1-1","type":"ifml.ViewComponent"},{"attributes":{"name":"Search"},"metadata":{"graphics":{"position":{"x":-5150,"y":-2890},"name":{"horizontal":"middle","vertical":"top"}}},"id":"worker-search-event-1","type":"ifml.Event"},{"attributes":{"name":"Tasks","stereotype":"list","fields":[{"label":"name"},{"label":"state"}],"collection":"tasks","filters":[{"label":"category"},{"label":"key"}]},"metadata":{"graphics":{"position":{"x":-5180,"y":-3080},"size":{"height":90,"width":150}}},"id":"worker-tasks-list-1","type":"ifml.ViewComponent"},{"attributes":{"name":"Submit"},"metadata":{"graphics":{"position":{"x":-4700,"y":-3960},"name":{"horizontal":"middle","vertical":"top"}}},"id":"master-tasks-submit-event","type":"ifml.Event"},{"attributes":{"name":"Modify"},"metadata":{"graphics":{"position":{"x":-4570,"y":-4000},"name":{"horizontal":"left-outer","vertical":"top"}}},"id":"master-tasks-modify-page-event","type":"ifml.Event"},{"attributes":{"name":"Delete"},"metadata":{"graphics":{"position":{"x":-4990,"y":-3790},"name":{"horizontal":"middle","vertical":"top"}}},"id":"master-tasks-delete-confirmation-event","type":"ifml.Event"},{"attributes":{"name":"Modify"},"metadata":{"graphics":{"position":{"x":-4960,"y":-4010},"name":{"horizontal":"middle","vertical":"bottom"}}},"id":"master-tasks-modify-event","type":"ifml.Event"},{"attributes":{"name":"Delete"},"metadata":{"graphics":{"position":{"x":-5060,"y":-4010},"name":{"horizontal":"left-outer","vertical":"bottom"}}},"id":"master-tasks-delete-event","type":"ifml.Event"},{"attributes":{"name":"Display"},"metadata":{"graphics":{"position":{"x":-4950,"y":-4050},"name":{"horizontal":"middle","vertical":"top"}}},"id":"display-event-1","type":"ifml.Event"},{"attributes":{"name":"Submit"},"metadata":{"graphics":{"position":{"x":-4110,"y":-3960},"name":{"horizontal":"middle","vertical":"top"}}},"id":"master-account-submit-event","type":"ifml.Event"},{"attributes":{"name":"Modify"},"metadata":{"graphics":{"position":{"x":-3980,"y":-4000},"name":{"horizontal":"left-outer","vertical":"top"}}},"id":"modify-page-event","type":"ifml.Event"},{"attributes":{"name":"Submit"},"metadata":{"graphics":{"position":{"x":-4110,"y":-3240},"name":{"horizontal":"middle","vertical":"top"}}},"id":"worker-account-submit-event-1","type":"ifml.Event"},{"attributes":{"name":"Modify"},"metadata":{"graphics":{"position":{"x":-3980,"y":-3280},"name":{"horizontal":"left-outer","vertical":"top"}}},"id":"worker-account-modify-page-event-1","type":"ifml.Event"},{"attributes":{"name":"Final","default":false,"landmark":false,"xor":false},"metadata":{"graphics":{"position":{"x":-4630,"y":-3310},"size":{"height":130,"width":210}}},"id":"worker-final-view-container-1","type":"ifml.ViewContainer"},{"attributes":{"name":"Results","default":false,"landmark":false,"xor":false},"metadata":{"graphics":{"position":{"x":-4860,"y":-3310},"size":{"height":130,"width":210}}},"id":"worker-results-view-container","type":"ifml.ViewContainer"},{"attributes":{"name":"Subcategories","default":false,"landmark":false,"xor":false},"metadata":{"graphics":{"position":{"x":-5090,"y":-3310},"size":{"height":130,"width":210}}},"id":"worker-subcategories-view-container-1","type":"ifml.ViewContainer"},{"attributes":{"name":"Categories","default":true,"landmark":true,"xor":false},"metadata":{"graphics":{"position":{"x":-5330,"y":-3310},"size":{"height":130,"width":220}}},"id":"worker-categories-view-container-1","type":"ifml.ViewContainer"},{"attributes":{"name":"Selected","stereotype":"selection"},"metadata":{"graphics":{"position":{"x":-5040,"y":-3010},"name":{"horizontal":"right","vertical":"bottom"}}},"id":"worker-selected-product-event-1","type":"ifml.Event"},{"attributes":{"name":"Task","stereotype":"details","fields":[{"label":"name"},{"label":"author"},{"label":"description"},{"label":"state"}],"collection":"subcategories"},"metadata":{"graphics":{"position":{"x":-4610,"y":-3270},"size":{"height":70,"width":170}}},"id":"worker-task-details-1","type":"ifml.ViewComponent"},{"attributes":{"name":"Results","stereotype":"list","fields":[{"label":"name"},{"label":"state"}],"collection":"tasks","filters":[{"label":"name"}]},"metadata":{"graphics":{"position":{"x":-4840,"y":-3270},"size":{"height":70,"width":170}}},"id":"worker-results-list","type":"ifml.ViewComponent"},{"attributes":{"name":"Subcategories","stereotype":"list","fields":[{"label":"name"}],"collection":"subcategories","filters":[{"label":"name"}]},"metadata":{"graphics":{"position":{"x":-5070,"y":-3270},"size":{"height":70,"width":170}}},"id":"worker-subcategories-list-1","type":"ifml.ViewComponent"},{"attributes":{"name":"Categories","stereotype":"list","fields":[{"label":"name"}],"collection":"categories","filters":[]},"metadata":{"graphics":{"position":{"x":-5310,"y":-3270},"size":{"height":70,"width":180}}},"id":"worker-categories-list-2","type":"ifml.ViewComponent"},{"attributes":{"name":"Start"},"metadata":{"graphics":{"position":{"x":-4490,"y":-3210},"name":{"horizontal":"middle","vertical":"bottom"}}},"id":"worker-start-task-event-1","type":"ifml.Event"},{"attributes":{"name":"selected","stereotype":"selection"},"metadata":{"graphics":{"position":{"x":-4680,"y":-3220},"name":{"horizontal":"right","vertical":"bottom"}}},"id":"abc42140-c096-4223-9990-31b263786886","type":"ifml.Event"},{"attributes":{"name":"Selected","stereotype":"selection"},"metadata":{"graphics":{"position":{"x":-4910,"y":-3220},"name":{"horizontal":"right","vertical":"bottom"}}},"id":"worker-selected-step-2-event-1","type":"ifml.Event"},{"attributes":{"name":"Selected","stereotype":"selection"},"metadata":{"graphics":{"position":{"x":-5140,"y":-3220},"name":{"horizontal":"right","vertical":"bottom"}}},"id":"worker-selected-step-1-event-1","type":"ifml.Event"},{"attributes":{"bindings":[{"input":"id","output":"id"}]},"metadata":{"graphics":{}},"id":"delete-navigation-flow-1","type":"ifml.NavigationFlow"},{"attributes":{"bindings":[]},"metadata":{"graphics":{"vertices":[{"x":-5800,"y":-3960},{"x":-5800,"y":-4130}]}},"id":"done-log-in-navigation-flow","type":"ifml.NavigationFlow"},{"attributes":{"bindings":[]},"metadata":{"graphics":{"vertices":[{"x":-5830,"y":-3990}]}},"id":"done-log-out-navigation-flow","type":"ifml.NavigationFlow"},{"attributes":{"bindings":[]},"metadata":{"graphics":{"vertices":[{"x":-5600,"y":-3980}]}},"id":"done-registration-navigation-flow","type":"ifml.NavigationFlow"},{"attributes":{"bindings":[{"input":"username-error","output":"username-error"},{"input":"password-error","output":"password-error"},{"input":"username","output":"username"},{"input":"password","output":"password"}]},"metadata":{"graphics":{"vertices":[]}},"id":"failed-log-in-navigation-flow","type":"ifml.NavigationFlow"},{"attributes":{"bindings":[]},"metadata":{"graphics":{"vertices":[{"x":-6050,"y":-3990}]}},"id":"failed-log-out-navigation-flow","type":"ifml.NavigationFlow"},{"attributes":{"bindings":[{"input":"name-error","output":"name-error"},{"input":"surname-error","output":"surname-error"},{"input":"username-error","output":"username-error"},{"input":"password-error","output":"password-error"},{"input":"name","output":"name"},{"input":"surname","output":"surname"},{"input":"username","output":"username"},{"input":"password","output":"password"},{"input":"role","output":"role"}]},"metadata":{"graphics":{"vertices":[]}},"id":"failed-registration-navigation-flow","type":"ifml.NavigationFlow"},{"attributes":{"bindings":[{"input":"username","output":"username"},{"input":"password","output":"password"}]},"metadata":{"graphics":{}},"id":"log-in-navigation-flow","type":"ifml.NavigationFlow"},{"attributes":{"bindings":[]},"metadata":{"graphics":{"vertices":[{"x":-5920,"y":-4090}]}},"id":"log-out-navigation-flow","type":"ifml.NavigationFlow"},{"attributes":{"bindings":[{"input":"id","output":"id"},{"input":"name","output":"name"},{"input":"surname","output":"surname"},{"input":"username","output":"username"},{"input":"password","output":"password"}]},"metadata":{"graphics":{}},"id":"master-account-details-to-modify-navigation-flow","type":"ifml.NavigationFlow"},{"attributes":{"bindings":[{"input":"id","output":"id"}]},"metadata":{"graphics":{"vertices":[{"x":-3820,"y":-3840}]}},"id":"master-account-done-create-modify-navigation-flow","type":"ifml.NavigationFlow"},{"attributes":{"bindings":[{"input":"id","output":"id"},{"input":"name-error","output":"name-error"},{"input":"surname-error","output":"surname-error"},{"input":"username-error","output":"username-error"},{"input":"password-error","output":"password-error"},{"input":"name","output":"name"},{"input":"surname","output":"surname"},{"input":"username","output":"username"},{"input":"password","output":"password"}]},"metadata":{"graphics":{"vertices":[]}},"id":"master-account-failed-submit-navigation-flow","type":"ifml.NavigationFlow"},{"attributes":{"bindings":[{"input":"id","output":"id"},{"input":"name","output":"name"},{"input":"surname","output":"surname"},{"input":"username","output":"username"},{"input":"password","output":"password"}]},"metadata":{"graphics":{}},"id":"master-account-submit-navigation-flow","type":"ifml.NavigationFlow"},{"attributes":{"bindings":[]},"metadata":{"graphics":{"vertices":[{"x":-5080,"y":-3710},{"x":-5200,"y":-3710},{"x":-5200,"y":-4030}]}},"id":"master-tasks-cancel-confirmation-navigation-flow","type":"ifml.NavigationFlow"},{"attributes":{"bindings":[{"input":"id","output":"id"}]},"metadata":{"graphics":{}},"id":"master-tasks-delete-confirmation-navigation-flow","type":"ifml.NavigationFlow"},{"attributes":{"bindings":[{"input":"id","output":"id"},{"input":"name","output":"name"},{"input":"description","output":"description"},{"input":"state","output":"state"}]},"metadata":{"graphics":{"vertices":[]}},"id":"master-tasks-details-to-modify-navigation-flow","type":"ifml.NavigationFlow"},{"attributes":{"bindings":[{"input":"id","output":"id"}]},"metadata":{"graphics":{"vertices":[{"x":-4890,"y":-4040},{"x":-4890,"y":-4100},{"x":-4450,"y":-4100}]}},"id":"master-tasks-display-navigation-flow","type":"ifml.NavigationFlow"},{"attributes":{"bindings":[{"input":"id","output":"id"}]},"metadata":{"graphics":{"vertices":[{"x":-4410,"y":-3840}]}},"id":"master-tasks-done-create-modify-navigation-flow","type":"ifml.NavigationFlow"},{"attributes":{"bindings":[]},"metadata":{"graphics":{"vertices":[{"x":-4870,"y":-3910},{"x":-5010,"y":-3910}]}},"id":"master-tasks-done-delete-navigation-flow","type":"ifml.NavigationFlow"},{"attributes":{"bindings":[{"input":"id","output":"id"},{"input":"name","output":"name"},{"input":"description","output":"description"}]},"metadata":{"graphics":{"vertices":[{"x":-4770,"y":-3740}]}},"id":"master-tasks-done-load-content-navigation-flow","type":"ifml.NavigationFlow"},{"attributes":{"bindings":[]},"metadata":{"graphics":{"vertices":[{"x":-5180,"y":-3700},{"x":-5180,"y":-3970}]}},"id":"master-tasks-failed-load-content-navigation-flow","type":"ifml.NavigationFlow"},{"attributes":{"bindings":[{"input":"id","output":"id"},{"input":"name-error","output":"name-error"},{"input":"description-error","output":"description-error"},{"input":"name","output":"name"},{"input":"description","output":"description"},{"input":"state","output":"state"},{"input":"state-error","output":"state-error"}]},"metadata":{"graphics":{"vertices":[]}},"id":"master-tasks-failed-submit-navigation-flow","type":"ifml.NavigationFlow"},{"attributes":{"bindings":[{"input":"id","output":"id"}]},"metadata":{"graphics":{"vertices":[{"x":-4880,"y":-4000},{"x":-4880,"y":-3920},{"x":-4800,"y":-3920},{"x":-4800,"y":-3720}]}},"id":"master-tasks-modify-navigation-flow","type":"ifml.NavigationFlow"},{"attributes":{"bindings":[{"input":"id","output":"id"},{"input":"name","output":"name"},{"input":"description","output":"description"}]},"metadata":{"graphics":{}},"id":"master-tasks-submit-navigation-flow","type":"ifml.NavigationFlow"},{"attributes":{"bindings":[{"input":"name","output":"name"},{"input":"surname","output":"surname"},{"input":"username","output":"username"},{"input":"password","output":"password"},{"input":"role","output":"role"}]},"metadata":{"graphics":{"vertices":[]}},"id":"registration-navigation-flow","type":"ifml.NavigationFlow"},{"attributes":{"bindings":[]},"metadata":{"graphics":{"vertices":[{"x":-6100,"y":-3770}]}},"id":"start-navigation-flow","type":"ifml.NavigationFlow"},{"attributes":{"bindings":[{"input":"id","output":"id"}]},"metadata":{"graphics":{}},"id":"task-identification-data-flow-1","type":"ifml.DataFlow"},{"attributes":{"bindings":[]},"metadata":{"graphics":{"vertices":[]}},"id":"to-log-in-navigation-flow","type":"ifml.NavigationFlow"},{"attributes":{"bindings":[]},"metadata":{"graphics":{}},"id":"to-master-container-navigation-flow","type":"ifml.NavigationFlow"},{"attributes":{"bindings":[]},"metadata":{"graphics":{}},"id":"to-sign-up-navigation-flow","type":"ifml.NavigationFlow"},{"attributes":{"bindings":[]},"metadata":{"graphics":{"vertices":[{"x":-5760,"y":-3060}]}},"id":"to-worker-container-navigation-flow","type":"ifml.NavigationFlow"},{"attributes":{"bindings":[{"input":"id","output":"id"},{"input":"name","output":"name"},{"input":"surname","output":"surname"},{"input":"username","output":"username"},{"input":"password","output":"password"}]},"metadata":{"graphics":{"vertices":[]}},"id":"worker-account-details-to-modify-navigation-flow-1","type":"ifml.NavigationFlow"},{"attributes":{"bindings":[{"input":"id","output":"id"}]},"metadata":{"graphics":{"vertices":[{"x":-3820,"y":-3120}]}},"id":"worker-account-done-create-modify-navigation-flow-1","type":"ifml.NavigationFlow"},{"attributes":{"bindings":[{"input":"id","output":"id"},{"input":"name-error","output":"name-error"},{"input":"surname-error","output":"surname-error"},{"input":"username-error","output":"username-error"},{"input":"password-error","output":"password-error"},{"input":"name","output":"name"},{"input":"surname","output":"surname"},{"input":"username","output":"username"},{"input":"password","output":"password"}]},"metadata":{"graphics":{"vertices":[]}},"id":"worker-account-failed-submit-navigation-flow-1","type":"ifml.NavigationFlow"},{"attributes":{"bindings":[{"input":"id","output":"id"},{"input":"name","output":"name"},{"input":"surname","output":"surname"},{"input":"username","output":"username"},{"input":"password","output":"password"}]},"metadata":{"graphics":{}},"id":"worker-account-submit-navigation-flow-1","type":"ifml.NavigationFlow"},{"attributes":{"bindings":[{"input":"category","output":"id"}]},"metadata":{"graphics":{"vertices":[{"x":-5090,"y":-2940}]}},"id":"worker-filter-data-flow-1","type":"ifml.DataFlow"},{"attributes":{"bindings":[{"input":"key","output":"key"}]},"metadata":{"graphics":{}},"id":"worker-keyword-data-flow-1","type":"ifml.DataFlow"},{"attributes":{"bindings":[]},"metadata":{"graphics":{}},"id":"worker-search-navigation-flow-1","type":"ifml.NavigationFlow"},{"attributes":{"bindings":[{"input":"id","output":"id"}]},"metadata":{"graphics":{"vertices":[{"x":-4530,"y":-3000}]}},"id":"worker-selected-product-navigation-flow-1","type":"ifml.NavigationFlow"},{"attributes":{"bindings":[{"input":"name","output":"name"}]},"metadata":{"graphics":{"vertices":[]}},"id":"worker-selected-step-1-navigation-flow-1","type":"ifml.NavigationFlow"},{"attributes":{"bindings":[{"input":"name","output":"name"}]},"metadata":{"graphics":{"vertices":[]}},"id":"worker-selected-step-2-navigation-flow-1","type":"ifml.NavigationFlow"},{"attributes":{"bindings":[{"input":"id","output":"id"}]},"metadata":{"graphics":{}},"id":"worker-selected-step-3-navigation-flow","type":"ifml.NavigationFlow"},{"attributes":{"bindings":[]},"metadata":{"graphics":{"vertices":[{"x":-5530,"y":-2710},{"x":-5530,"y":-3360}]}},"id":"worker-task-back-to-tasks-navigation-flow-1","type":"ifml.NavigationFlow"},{"attributes":{"bindings":[]},"metadata":{"graphics":{"vertices":[{"x":-5020,"y":-2370}]}},"id":"worker-task-failed-navigation-flow-1","type":"ifml.NavigationFlow"},{"attributes":{"bindings":[{"input":"id","output":"id"}]},"metadata":{"graphics":{"vertices":[{"x":-4770,"y":-2660}]}},"id":"worker-task-next-task-component-view-container-1","type":"ifml.NavigationFlow"},{"attributes":{"bindings":[{"input":"id","output":"id"}]},"metadata":{"graphics":{"vertices":[{"x":-4440,"y":-2680}]}},"id":"worker-task-on-navigation-flow-1","type":"ifml.NavigationFlow"},{"attributes":{"bindings":[]},"metadata":{"graphics":{"vertices":[{"x":-4950,"y":-2420}]}},"id":"worker-task-send-navigation-flow-1","type":"ifml.NavigationFlow"},{"attributes":{"bindings":[{"input":"id","output":"id"}]},"metadata":{"graphics":{}},"id":"worker-task-start-task-navigation-flow-1","type":"ifml.NavigationFlow"}],"relations":[{"type":"hierarchy","parent":"crowdsourcing-view-container","child":"xor-crowdsourcing-view-container"},{"type":"hierarchy","parent":"xor-crowdsourcing-view-container","child":"sign-up-and-log-in-pattern-view-container"},{"type":"hierarchy","parent":"xor-crowdsourcing-view-container","child":"master-view-container"},{"type":"hierarchy","parent":"xor-crowdsourcing-view-container","child":"worker-view-container-1"},{"type":"hierarchy","parent":"4acbc226-650a-4aa3-b428-c8ee68b70e38","child":"master-start-event"},{"type":"hierarchy","parent":"4acbc226-650a-4aa3-b428-c8ee68b70e38","child":"worker-start-event"},{"type":"hierarchy","parent":"sign-up-and-log-in-pattern-view-container","child":"sign-up-and-log-in-view-container"},{"type":"hierarchy","parent":"master-view-container","child":"xor-master-view-container"},{"type":"hierarchy","parent":"worker-view-container-1","child":"xor-worker-view-container-1"},{"type":"hierarchy","parent":"log-out-action","child":"done-log-out-event"},{"type":"hierarchy","parent":"log-out-action","child":"failed-log-out-event"},{"type":"hierarchy","parent":"log-in-action","child":"done-log-in-event"},{"type":"hierarchy","parent":"log-in-action","child":"failed-log-in-event"},{"type":"hierarchy","parent":"registration-action","child":"done-registration-event"},{"type":"hierarchy","parent":"registration-action","child":"failed-registration-event"},{"type":"hierarchy","parent":"sign-up-and-log-in-view-container","child":"welcome-view-container"},{"type":"hierarchy","parent":"sign-up-and-log-in-view-container","child":"log-in-view-container"},{"type":"hierarchy","parent":"sign-up-and-log-in-view-container","child":"sign-up-view-container"},{"type":"hierarchy","parent":"xor-master-view-container","child":"master-tasks-content-management-pattern-view-container"},{"type":"hierarchy","parent":"xor-master-view-container","child":"master-account-content-management-pattern-view-container"},{"type":"hierarchy","parent":"xor-worker-view-container-1","child":"worker-account-content-management-pattern-view-container-1"},{"type":"hierarchy","parent":"xor-worker-view-container-1","child":"worker-task-input-data-validation-pattern-view-container-1"},{"type":"hierarchy","parent":"xor-worker-view-container-1","child":"worker-restricted-search-pattern-view-container-1"},{"type":"hierarchy","parent":"welcome-view-container","child":"log-out-event"},{"type":"hierarchy","parent":"welcome-view-container","child":"start-event"},{"type":"hierarchy","parent":"log-in-view-container","child":"log-in-form"},{"type":"hierarchy","parent":"sign-up-view-container","child":"sign-up-form"},{"type":"hierarchy","parent":"master-tasks-content-management-pattern-view-container","child":"xor-tasks-content-management-view-container-1"},{"type":"hierarchy","parent":"master-account-content-management-pattern-view-container","child":"xor-account-content-management-view-container"},{"type":"hierarchy","parent":"worker-task-start-task-action-1","child":"worker-task-on-event-1"},{"type":"hierarchy","parent":"worker-account-content-management-pattern-view-container-1","child":"xor-worker-account-content-management-view-container-1"},{"type":"hierarchy","parent":"worker-task-input-data-validation-pattern-view-container-1","child":"worker-task-data-view-container-1"},{"type":"hierarchy","parent":"worker-restricted-search-pattern-view-container-1","child":"worker-xor-search-multilevel-master-details-view-container"},{"type":"hierarchy","parent":"log-in-form","child":"sign-up-event"},{"type":"hierarchy","parent":"log-in-form","child":"log-in-event"},{"type":"hierarchy","parent":"sign-up-form","child":"back-to-log-in-event"},{"type":"hierarchy","parent":"sign-up-form","child":"registration-event"},{"type":"hierarchy","parent":"xor-tasks-content-management-view-container-1","child":"master-tasks-task-view-container"},{"type":"hierarchy","parent":"xor-tasks-content-management-view-container-1","child":"master-tasks-task-details-view-container"},{"type":"hierarchy","parent":"xor-tasks-content-management-view-container-1","child":"modal-confirmation-view-container-1"},{"type":"hierarchy","parent":"xor-tasks-content-management-view-container-1","child":"master-tasks-view-container"},{"type":"hierarchy","parent":"xor-account-content-management-view-container","child":"profile-view-container"},{"type":"hierarchy","parent":"xor-account-content-management-view-container","child":"master-account-profile-details-view-container"},{"type":"hierarchy","parent":"xor-worker-account-content-management-view-container-1","child":"worker-account-profile-view-container-1"},{"type":"hierarchy","parent":"xor-worker-account-content-management-view-container-1","child":"worker-account-profile-details-view-container-1"},{"type":"hierarchy","parent":"worker-task-validate-action-1","child":"worker-task-failed-validate-event-1"},{"type":"hierarchy","parent":"worker-task-validate-action-1","child":"worker-task-done-validate-event-1"},{"type":"hierarchy","parent":"worker-task-data-view-container-1","child":"worker-task-form-1"},{"type":"hierarchy","parent":"worker-task-data-view-container-1","child":"worker-task-component-details-1"},{"type":"hierarchy","parent":"worker-task-data-view-container-1","child":"worker-task-back-to-tasks-event-1"},{"type":"hierarchy","parent":"worker-xor-search-multilevel-master-details-view-container","child":"worker-multilevel-master-detail-pattern-view-container-1"},{"type":"hierarchy","parent":"worker-xor-search-multilevel-master-details-view-container","child":"worker-key-search-view-container"},{"type":"hierarchy","parent":"master-tasks-create-modify-action","child":"master-tasks-done-create-modify-event"},{"type":"hierarchy","parent":"master-tasks-create-modify-action","child":"failed-create-modify-event-1"},{"type":"hierarchy","parent":"master-tasks-delete-action","child":"master-tasks-done-delete-event"},{"type":"hierarchy","parent":"master-tasks-load-content-action","child":"master-tasks-done-load-content-event"},{"type":"hierarchy","parent":"master-tasks-load-content-action","child":"master-tasks-failed-load-content-event"},{"type":"hierarchy","parent":"master-tasks-task-view-container","child":"master-tasks-task-form"},{"type":"hierarchy","parent":"master-tasks-task-details-view-container","child":"master-tasks-task-details"},{"type":"hierarchy","parent":"modal-confirmation-view-container-1","child":"master-tasks-cancel-confirmation-event"},{"type":"hierarchy","parent":"modal-confirmation-view-container-1","child":"master-tasks-delete-page-details"},{"type":"hierarchy","parent":"master-tasks-view-container","child":"master-tasks-list"},{"type":"hierarchy","parent":"master-account-create-modify-action","child":"master-account-done-create-modify-event"},{"type":"hierarchy","parent":"master-account-create-modify-action","child":"master-account-failed-create-modify-event"},{"type":"hierarchy","parent":"profile-view-container","child":"master-account-profile-form"},{"type":"hierarchy","parent":"master-account-profile-details-view-container","child":"profile-details"},{"type":"hierarchy","parent":"worker-account-create-modify-action-1","child":"worker-account-done-create-modify-event-1"},{"type":"hierarchy","parent":"worker-account-create-modify-action-1","child":"worker-account-failed-create-modify-event-1"},{"type":"hierarchy","parent":"worker-account-profile-view-container-1","child":"worker-account-profile-form-1"},{"type":"hierarchy","parent":"worker-account-profile-details-view-container-1","child":"worker-account-profile-details-1"},{"type":"hierarchy","parent":"worker-task-form-1","child":"send-event-1"},{"type":"hierarchy","parent":"worker-multilevel-master-detail-pattern-view-container-1","child":"worker-multilevel-master-detail-view-container-1"},{"type":"hierarchy","parent":"worker-key-search-view-container","child":"worker-keyword-form-1"},{"type":"hierarchy","parent":"worker-key-search-view-container","child":"worker-categories-list-1-1"},{"type":"hierarchy","parent":"worker-key-search-view-container","child":"worker-search-event-1"},{"type":"hierarchy","parent":"worker-key-search-view-container","child":"worker-tasks-list-1"},{"type":"hierarchy","parent":"master-tasks-task-form","child":"master-tasks-submit-event"},{"type":"hierarchy","parent":"master-tasks-task-details","child":"master-tasks-modify-page-event"},{"type":"hierarchy","parent":"master-tasks-delete-page-details","child":"master-tasks-delete-confirmation-event"},{"type":"hierarchy","parent":"master-tasks-list","child":"master-tasks-modify-event"},{"type":"hierarchy","parent":"master-tasks-list","child":"master-tasks-delete-event"},{"type":"hierarchy","parent":"master-tasks-list","child":"display-event-1"},{"type":"hierarchy","parent":"master-account-profile-form","child":"master-account-submit-event"},{"type":"hierarchy","parent":"profile-details","child":"modify-page-event"},{"type":"hierarchy","parent":"worker-account-profile-form-1","child":"worker-account-submit-event-1"},{"type":"hierarchy","parent":"worker-account-profile-details-1","child":"worker-account-modify-page-event-1"},{"type":"hierarchy","parent":"worker-multilevel-master-detail-view-container-1","child":"worker-final-view-container-1"},{"type":"hierarchy","parent":"worker-multilevel-master-detail-view-container-1","child":"worker-results-view-container"},{"type":"hierarchy","parent":"worker-multilevel-master-detail-view-container-1","child":"worker-subcategories-view-container-1"},{"type":"hierarchy","parent":"worker-multilevel-master-detail-view-container-1","child":"worker-categories-view-container-1"},{"type":"hierarchy","parent":"worker-tasks-list-1","child":"worker-selected-product-event-1"},{"type":"hierarchy","parent":"worker-final-view-container-1","child":"worker-task-details-1"},{"type":"hierarchy","parent":"worker-results-view-container","child":"worker-results-list"},{"type":"hierarchy","parent":"worker-subcategories-view-container-1","child":"worker-subcategories-list-1"},{"type":"hierarchy","parent":"worker-categories-view-container-1","child":"worker-categories-list-2"},{"type":"hierarchy","parent":"worker-task-details-1","child":"worker-start-task-event-1"},{"type":"hierarchy","parent":"worker-results-list","child":"abc42140-c096-4223-9990-31b263786886"},{"type":"hierarchy","parent":"worker-subcategories-list-1","child":"worker-selected-step-2-event-1"},{"type":"hierarchy","parent":"worker-categories-list-2","child":"worker-selected-step-1-event-1"},{"type":"source","flow":"delete-navigation-flow-1","source":"master-tasks-delete-event"},{"type":"source","flow":"done-log-in-navigation-flow","source":"done-log-in-event"},{"type":"source","flow":"done-log-out-navigation-flow","source":"done-log-out-event"},{"type":"source","flow":"done-registration-navigation-flow","source":"done-registration-event"},{"type":"source","flow":"failed-log-in-navigation-flow","source":"failed-log-in-event"},{"type":"source","flow":"failed-log-out-navigation-flow","source":"failed-log-out-event"},{"type":"source","flow":"failed-registration-navigation-flow","source":"failed-registration-event"},{"type":"source","flow":"log-in-navigation-flow","source":"log-in-event"},{"type":"source","flow":"log-out-navigation-flow","source":"log-out-event"},{"type":"source","flow":"master-account-details-to-modify-navigation-flow","source":"modify-page-event"},{"type":"source","flow":"master-account-done-create-modify-navigation-flow","source":"master-account-done-create-modify-event"},{"type":"source","flow":"master-account-failed-submit-navigation-flow","source":"master-account-failed-create-modify-event"},{"type":"source","flow":"master-account-submit-navigation-flow","source":"master-account-submit-event"},{"type":"source","flow":"master-tasks-cancel-confirmation-navigation-flow","source":"master-tasks-cancel-confirmation-event"},{"type":"source","flow":"master-tasks-delete-confirmation-navigation-flow","source":"master-tasks-delete-confirmation-event"},{"type":"source","flow":"master-tasks-details-to-modify-navigation-flow","source":"master-tasks-modify-page-event"},{"type":"source","flow":"master-tasks-display-navigation-flow","source":"display-event-1"},{"type":"source","flow":"master-tasks-done-create-modify-navigation-flow","source":"master-tasks-done-create-modify-event"},{"type":"source","flow":"master-tasks-done-delete-navigation-flow","source":"master-tasks-done-delete-event"},{"type":"source","flow":"master-tasks-done-load-content-navigation-flow","source":"master-tasks-done-load-content-event"},{"type":"source","flow":"master-tasks-failed-load-content-navigation-flow","source":"master-tasks-failed-load-content-event"},{"type":"source","flow":"master-tasks-failed-submit-navigation-flow","source":"failed-create-modify-event-1"},{"type":"source","flow":"master-tasks-modify-navigation-flow","source":"master-tasks-modify-event"},{"type":"source","flow":"master-tasks-submit-navigation-flow","source":"master-tasks-submit-event"},{"type":"source","flow":"registration-navigation-flow","source":"registration-event"},{"type":"source","flow":"start-navigation-flow","source":"start-event"},{"type":"source","flow":"task-identification-data-flow-1","source":"worker-task-component-details-1"},{"type":"source","flow":"to-log-in-navigation-flow","source":"back-to-log-in-event"},{"type":"source","flow":"to-master-container-navigation-flow","source":"master-start-event"},{"type":"source","flow":"to-sign-up-navigation-flow","source":"sign-up-event"},{"type":"source","flow":"to-worker-container-navigation-flow","source":"worker-start-event"},{"type":"source","flow":"worker-account-details-to-modify-navigation-flow-1","source":"worker-account-modify-page-event-1"},{"type":"source","flow":"worker-account-done-create-modify-navigation-flow-1","source":"worker-account-done-create-modify-event-1"},{"type":"source","flow":"worker-account-failed-submit-navigation-flow-1","source":"worker-account-failed-create-modify-event-1"},{"type":"source","flow":"worker-account-submit-navigation-flow-1","source":"worker-account-submit-event-1"},{"type":"source","flow":"worker-filter-data-flow-1","source":"worker-categories-list-1-1"},{"type":"source","flow":"worker-keyword-data-flow-1","source":"worker-keyword-form-1"},{"type":"source","flow":"worker-search-navigation-flow-1","source":"worker-search-event-1"},{"type":"source","flow":"worker-selected-product-navigation-flow-1","source":"worker-selected-product-event-1"},{"type":"source","flow":"worker-selected-step-1-navigation-flow-1","source":"worker-selected-step-1-event-1"},{"type":"source","flow":"worker-selected-step-2-navigation-flow-1","source":"worker-selected-step-2-event-1"},{"type":"source","flow":"worker-selected-step-3-navigation-flow","source":"abc42140-c096-4223-9990-31b263786886"},{"type":"source","flow":"worker-task-back-to-tasks-navigation-flow-1","source":"worker-task-back-to-tasks-event-1"},{"type":"source","flow":"worker-task-failed-navigation-flow-1","source":"worker-task-failed-validate-event-1"},{"type":"source","flow":"worker-task-next-task-component-view-container-1","source":"worker-task-done-validate-event-1"},{"type":"source","flow":"worker-task-on-navigation-flow-1","source":"worker-task-on-event-1"},{"type":"source","flow":"worker-task-send-navigation-flow-1","source":"send-event-1"},{"type":"source","flow":"worker-task-start-task-navigation-flow-1","source":"worker-start-task-event-1"},{"type":"target","flow":"delete-navigation-flow-1","target":"master-tasks-delete-page-details"},{"type":"target","flow":"done-log-in-navigation-flow","target":"welcome-view-container"},{"type":"target","flow":"done-log-out-navigation-flow","target":"sign-up-and-log-in-view-container"},{"type":"target","flow":"done-registration-navigation-flow","target":"log-in-view-container"},{"type":"target","flow":"failed-log-in-navigation-flow","target":"log-in-form"},{"type":"target","flow":"failed-log-out-navigation-flow","target":"welcome-view-container"},{"type":"target","flow":"failed-registration-navigation-flow","target":"sign-up-form"},{"type":"target","flow":"log-in-navigation-flow","target":"log-in-action"},{"type":"target","flow":"log-out-navigation-flow","target":"log-out-action"},{"type":"target","flow":"master-account-details-to-modify-navigation-flow","target":"master-account-profile-form"},{"type":"target","flow":"master-account-done-create-modify-navigation-flow","target":"profile-details"},{"type":"target","flow":"master-account-failed-submit-navigation-flow","target":"master-account-profile-form"},{"type":"target","flow":"master-account-submit-navigation-flow","target":"master-account-create-modify-action"},{"type":"target","flow":"master-tasks-cancel-confirmation-navigation-flow","target":"master-tasks-view-container"},{"type":"target","flow":"master-tasks-delete-confirmation-navigation-flow","target":"master-tasks-delete-action"},{"type":"target","flow":"master-tasks-details-to-modify-navigation-flow","target":"master-tasks-task-form"},{"type":"target","flow":"master-tasks-display-navigation-flow","target":"master-tasks-task-details"},{"type":"target","flow":"master-tasks-done-create-modify-navigation-flow","target":"master-tasks-task-details"},{"type":"target","flow":"master-tasks-done-delete-navigation-flow","target":"master-tasks-view-container"},{"type":"target","flow":"master-tasks-done-load-content-navigation-flow","target":"master-tasks-task-form"},{"type":"target","flow":"master-tasks-failed-load-content-navigation-flow","target":"master-tasks-view-container"},{"type":"target","flow":"master-tasks-failed-submit-navigation-flow","target":"master-tasks-task-form"},{"type":"target","flow":"master-tasks-modify-navigation-flow","target":"master-tasks-load-content-action"},{"type":"target","flow":"master-tasks-submit-navigation-flow","target":"master-tasks-create-modify-action"},{"type":"target","flow":"registration-navigation-flow","target":"registration-action"},{"type":"target","flow":"start-navigation-flow","target":"4acbc226-650a-4aa3-b428-c8ee68b70e38"},{"type":"target","flow":"task-identification-data-flow-1","target":"worker-task-form-1"},{"type":"target","flow":"to-log-in-navigation-flow","target":"log-in-view-container"},{"type":"target","flow":"to-master-container-navigation-flow","target":"master-view-container"},{"type":"target","flow":"to-sign-up-navigation-flow","target":"sign-up-view-container"},{"type":"target","flow":"to-worker-container-navigation-flow","target":"worker-view-container-1"},{"type":"target","flow":"worker-account-details-to-modify-navigation-flow-1","target":"worker-account-profile-form-1"},{"type":"target","flow":"worker-account-done-create-modify-navigation-flow-1","target":"worker-account-profile-details-1"},{"type":"target","flow":"worker-account-failed-submit-navigation-flow-1","target":"worker-account-profile-form-1"},{"type":"target","flow":"worker-account-submit-navigation-flow-1","target":"worker-account-create-modify-action-1"},{"type":"target","flow":"worker-filter-data-flow-1","target":"worker-tasks-list-1"},{"type":"target","flow":"worker-keyword-data-flow-1","target":"worker-tasks-list-1"},{"type":"target","flow":"worker-search-navigation-flow-1","target":"worker-tasks-list-1"},{"type":"target","flow":"worker-selected-product-navigation-flow-1","target":"worker-task-details-1"},{"type":"target","flow":"worker-selected-step-1-navigation-flow-1","target":"worker-subcategories-list-1"},{"type":"target","flow":"worker-selected-step-2-navigation-flow-1","target":"worker-results-list"},{"type":"target","flow":"worker-selected-step-3-navigation-flow","target":"worker-task-details-1"},{"type":"target","flow":"worker-task-back-to-tasks-navigation-flow-1","target":"worker-restricted-search-pattern-view-container-1"},{"type":"target","flow":"worker-task-failed-navigation-flow-1","target":"worker-task-form-1"},{"type":"target","flow":"worker-task-next-task-component-view-container-1","target":"worker-task-component-details-1"},{"type":"target","flow":"worker-task-on-navigation-flow-1","target":"worker-task-component-details-1"},{"type":"target","flow":"worker-task-send-navigation-flow-1","target":"worker-task-validate-action-1"},{"type":"target","flow":"worker-task-start-task-navigation-flow-1","target":"worker-task-start-task-action-1"}],"statistics":{"session":{"started_at":"2019-01-10T10:04:22.890Z","ended_at":"2019-01-10T10:04:44.338Z"}}}