{"elements":[{"id":"mails","type":"ifml.ViewContainer","attributes":{"name":"Mails","default":true,"landmark":false,"xor":false},"metadata":{"graphics":{"position":{"x":40,"y":100},"size":{"width":180,"height":100}}}},{"id":"go-to-contacts","type":"ifml.Event","attributes":{"name":"contacts"},"metadata":{"graphics":{"position":{"x":210,"y":150},"name":{"horizontal":"right-outer","vertical":"top"}}}},{"id":"contacts","type":"ifml.ViewContainer","attributes":{"name":"Contacts","default":false,"landmark":false,"xor":false},"metadata":{"graphics":{"position":{"x":290,"y":100},"size":{"width":180,"height":100}}}},{"id":"mails-to-contacts","type":"ifml.NavigationFlow","attributes":{"bindings":[]},"metadata":{}}],"relations":[{"type":"hierarchy","parent":"mails","child":"go-to-contacts"},{"type":"source","flow":"mails-to-contacts","source":"go-to-contacts"},{"type":"target","flow":"mails-to-contacts","target":"contacts"}]}