{
   "elements":[
      {
         "attributes":{
            "name":"In Place Log In",
            "default":false,
            "landmark":false,
            "xor":false
         },
         "metadata":{
            "graphics":{
               "position":{
                  "x":0,
                  "y":0
               },
               "size":{
                  "height":270,
                  "width":400
               }
            }
         },
         "id":"in-place-log-in-pattern-view-container",
         "type":"ifml.ViewContainer"
      },
      {
         "attributes":{
            "name":"Log In & Send",
            "parameters":[

            ],
            "results":[

            ]
         },
         "metadata":{
            "graphics":{
               "position":{
                  "x":260,
                  "y":70
               },
               "size":{
                  "height":60,
                  "width":125
               },
               "parent":"in-place-log-in-pattern-view-container"
            }
         },
         "id":"log-in-and-send-action",
         "type":"ifml.Action"
      },
      {
         "attributes":{
            "name":"Modal In-Place Log In",
            "default":false,
            "landmark":false,
            "xor":false
         },
         "metadata":{
            "graphics":{
               "position":{
                  "x":20,
                  "y":40
               },
               "size":{
                  "height":120,
                  "width":200
               }
            }
         },
         "id":"in-place-login-modal-view-container",
         "type":"ifml.ViewContainer"
      },
      {
         "attributes":{
            "name":"Send",
            "parameters":[

            ],
            "results":[

            ]
         },
         "metadata":{
            "graphics":{
               "position":{
                  "x":90,
                  "y":200
               },
               "size":{
                  "height":50,
                  "width":100
               },
               "parent":"in-place-log-in-pattern-view-container"
            }
         },
         "id":"send-action",
         "type":"ifml.Action"
      },
      {
         "attributes":{
            "name":"Failed"
         },
         "metadata":{
            "graphics":{
               "position":{
                  "x":250,
                  "y":70
               },
               "name":{
                  "horizontal":"middle",
                  "vertical":"top"
               }
            }
         },
         "id":"failed-log-in-event",
         "type":"ifml.Event"
      },
      {
         "attributes":{
            "name":"Done"
         },
         "metadata":{
            "graphics":{
               "position":{
                  "x":350,
                  "y":60
               },
               "name":{
                  "horizontal":"left-outer",
                  "vertical":"top"
               }
            }
         },
         "id":"done-log-in-event",
         "type":"ifml.Event"
      },
      {
         "attributes":{
            "name":"Log In",
            "stereotype":"form",
            "fields":[

            ]
         },
         "metadata":{
            "graphics":{
               "position":{
                  "x":40,
                  "y":80
               },
               "size":{
                  "height":60,
                  "width":150
               }
            }
         },
         "id":"log-in-form",
         "type":"ifml.ViewComponent"
      },
      {
         "attributes":{
            "name":"Log In"
         },
         "metadata":{
            "graphics":{
               "position":{
                  "x":120,
                  "y":190
               },
               "name":{
                  "horizontal":"left-outer",
                  "vertical":"top"
               }
            }
         },
         "id":"log-in-event",
         "type":"ifml.Event"
      },
      {
         "attributes":{
            "name":"Done"
         },
         "metadata":{
            "graphics":{
               "position":{
                  "x":180,
                  "y":210
               },
               "name":{
                  "horizontal":"middle",
                  "vertical":"top"
               }
            }
         },
         "id":"done-logged-event",
         "type":"ifml.Event"
      },
      {
         "attributes":{
            "name":"Failed"
         },
         "metadata":{
            "graphics":{
               "position":{
                  "x":80,
                  "y":230
               },
               "name":{
                  "horizontal":"middle",
                  "vertical":"top"
               }
            }
         },
         "id":"failed-logged-event",
         "type":"ifml.Event"
      },
      {
         "attributes":{
            "name":"Log In"
         },
         "metadata":{
            "graphics":{
               "position":{
                  "x":180,
                  "y":110
               },
               "name":{
                  "horizontal":"middle",
                  "vertical":"top"
               }
            }
         },
         "id":"log-in-and-create-event",
         "type":"ifml.Event"
      },
      {
         "attributes":{
            "bindings":[

            ]
         },
         "metadata":{
            "graphics":{

            }
         },
         "id":"failed-log-in-navigation-flow",
         "type":"ifml.NavigationFlow"
      },
      {
         "attributes":{
            "bindings":[

            ]
         },
         "metadata":{
            "graphics":{
               "vertices":[

               ]
            }
         },
         "id":"in-place-log-in-navigation-flow",
         "type":"ifml.NavigationFlow"
      },
      {
         "attributes":{
            "bindings":[

            ]
         },
         "metadata":{
            "graphics":{

            }
         },
         "id":"log-in-navigation-flow",
         "type":"ifml.NavigationFlow"
      }
   ],
   "relations":[
      {
         "type":"hierarchy",
         "parent":"in-place-log-in-pattern-view-container",
         "child":"in-place-login-modal-view-container"
      },
      {
         "type":"hierarchy",
         "parent":"log-in-and-send-action",
         "child":"failed-log-in-event"
      },
      {
         "type":"hierarchy",
         "parent":"log-in-and-send-action",
         "child":"done-log-in-event"
      },
      {
         "type":"hierarchy",
         "parent":"in-place-login-modal-view-container",
         "child":"log-in-form"
      },
      {
         "type":"hierarchy",
         "parent":"send-action",
         "child":"log-in-event"
      },
      {
         "type":"hierarchy",
         "parent":"send-action",
         "child":"done-logged-event"
      },
      {
         "type":"hierarchy",
         "parent":"send-action",
         "child":"failed-logged-event"
      },
      {
         "type":"hierarchy",
         "parent":"log-in-form",
         "child":"log-in-and-create-event"
      },
      {
         "type":"source",
         "flow":"failed-log-in-navigation-flow",
         "source":"failed-log-in-event"
      },
      {
         "type":"source",
         "flow":"in-place-log-in-navigation-flow",
         "source":"log-in-event"
      },
      {
         "type":"source",
         "flow":"log-in-navigation-flow",
         "source":"log-in-and-create-event"
      },
      {
         "type":"target",
         "flow":"failed-log-in-navigation-flow",
         "target":"log-in-form"
      },
      {
         "type":"target",
         "flow":"in-place-log-in-navigation-flow",
         "target":"log-in-form"
      },
      {
         "type":"target",
         "flow":"log-in-navigation-flow",
         "target":"log-in-and-send-action"
      }
   ],
   "statistics":{
      "session":{
         "started_at":"2018-12-05T14:21:46.194Z",
         "ended_at":"2018-12-05T14:25:19.113Z"
      }
   }
}
