{
   "elements":[
      {
         "attributes":{
            "name":"In Place Log In",
            "default":false,
            "landmark":false,
            "xor":false
         },
         "metadata":{
            "graphics":{
               "position":{
                  "x":0,
                  "y":0
               },
               "size":{
                  "height":320,
                  "width":650
               }
            }
         },
         "id":"in-place-log-in-pattern-view-container",
         "type":"ifml.ViewContainer"
      },
      {
         "attributes":{
            "name":"Xor",
            "default":false,
            "landmark":false,
            "xor":true
         },
         "metadata":{
            "graphics":{
               "position":{
                  "x":20,
                  "y":40
               },
               "size":{
                  "height":180,
                  "width":460
               }
            }
         },
         "id":"xor-view-container",
         "type":"ifml.ViewContainer"
      },
      {
         "attributes":{
            "name":"Page Editor",
            "default":true,
            "landmark":false,
            "xor":false
         },
         "metadata":{
            "graphics":{
               "position":{
                  "x":40,
                  "y":80
               },
               "size":{
                  "height":120,
                  "width":190
               }
            }
         },
         "id":"editor-view-container",
         "type":"ifml.ViewContainer"
      },
      {
         "attributes":{
            "name":"Modal In-Place Log In",
            "default":false,
            "landmark":false,
            "xor":false
         },
         "metadata":{
            "graphics":{
               "position":{
                  "x":260,
                  "y":80
               },
               "size":{
                  "height":120,
                  "width":200
               }
            }
         },
         "id":"in-place-login-modal-view-container",
         "type":"ifml.ViewContainer"
      },
      {
         "attributes":{
            "name":"Editor",
            "stereotype":"form",
            "fields":[

            ]
         },
         "metadata":{
            "graphics":{
               "position":{
                  "x":60,
                  "y":120
               },
               "size":{
                  "height":60,
                  "width":150
               }
            }
         },
         "id":"editor-form",
         "type":"ifml.ViewComponent"
      },
      {
         "attributes":{
            "name":"Log In",
            "stereotype":"form",
            "fields":[

            ]
         },
         "metadata":{
            "graphics":{
               "position":{
                  "x":280,
                  "y":120
               },
               "size":{
                  "height":60,
                  "width":150
               }
            }
         },
         "id":"log-in-form",
         "type":"ifml.ViewComponent"
      },
      {
         "attributes":{
            "name":"Send"
         },
         "metadata":{
            "graphics":{
               "position":{
                  "x":200,
                  "y":160
               },
               "name":{
                  "horizontal":"right-outer",
                  "vertical":"top"
               }
            }
         },
         "id":"send-event",
         "type":"ifml.Event"
      },
      {
         "attributes":{
            "name":"Log In"
         },
         "metadata":{
            "graphics":{
               "position":{
                  "x":420,
                  "y":150
               },
               "name":{
                  "horizontal":"middle",
                  "vertical":"top"
               }
            }
         },
         "id":"log-in-and-create-event",
         "type":"ifml.Event"
      },
      {
         "attributes":{
            "name":"Back"
         },
         "metadata":{
            "graphics":{
               "position":{
                  "x":270,
                  "y":130
               },
               "name":{
                  "horizontal":"left-outer",
                  "vertical":"top"
               }
            }
         },
         "id":"back-event",
         "type":"ifml.Event"
      },
      {
         "attributes":{
            "name":"Log In & Send",
            "parameters":[
              
            ],
            "results":[

            ]
         },
         "metadata":{
            "graphics":{
               "position":{
                  "x":510,
                  "y":120
               },
               "size":{
                  "height":60,
                  "width":125
               },
               "parent":"in-place-log-in-pattern-view-container"
            }
         },
         "id":"log-in-and-send-action",
         "type":"ifml.Action"
      },
      {
         "attributes":{
            "name":"Failed"
         },
         "metadata":{
            "graphics":{
               "position":{
                  "x":500,
                  "y":120
               },
               "name":{
                  "horizontal":"middle",
                  "vertical":"top"
               }
            }
         },
         "id":"failed-log-in-event",
         "type":"ifml.Event"
      },
      {
         "attributes":{
            "name":"Done"
         },
         "metadata":{
            "graphics":{
               "position":{
                  "x":600,
                  "y":110
               },
               "name":{
                  "horizontal":"left-outer",
                  "vertical":"top"
               }
            }
         },
         "id":"done-log-in-event",
         "type":"ifml.Event"
      },
      {
         "attributes":{
            "name":"Send",
            "parameters":[

            ],
            "results":[

            ]
         },
         "metadata":{
            "graphics":{
               "position":{
                  "x":320,
                  "y":250
               },
               "size":{
                  "height":50,
                  "width":100
               },
               "parent":"in-place-log-in-pattern-view-container"
            }
         },
         "id":"send-action",
         "type":"ifml.Action"
      },
      {
         "attributes":{
            "name":"Log In"
         },
         "metadata":{
            "graphics":{
               "position":{
                  "x":350,
                  "y":240
               },
               "name":{
                  "horizontal":"left-outer",
                  "vertical":"top"
               }
            }
         },
         "id":"log-in-event",
         "type":"ifml.Event"
      },
      {
         "attributes":{
            "name":"Done"
         },
         "metadata":{
            "graphics":{
               "position":{
                  "x":410,
                  "y":260
               },
               "name":{
                  "horizontal":"middle",
                  "vertical":"top"
               }
            }
         },
         "id":"done-logged-event",
         "type":"ifml.Event"
      },
      {
         "attributes":{
            "name":"Failed"
         },
         "metadata":{
            "graphics":{
               "position":{
                  "x":310,
                  "y":280
               },
               "name":{
                  "horizontal":"middle",
                  "vertical":"top"
               }
            }
         },
         "id":"failed-logged-event",
         "type":"ifml.Event"
      },
      {
         "attributes":{
            "bindings":[

            ]
         },
         "metadata":{
            "graphics":{

            }
         },
         "id":"log-in-navigation-flow",
         "type":"ifml.NavigationFlow"
      },
      {
         "attributes":{
            "bindings":[

            ]
         },
         "metadata":{
            "graphics":{
               "vertices":[
                  {
                     "x":210,
                     "y":260
                  }
               ]
            }
         },
         "id":"send-navigation-flow",
         "type":"ifml.NavigationFlow"
      },
      {
         "attributes":{
            "bindings":[

            ]
         },
         "metadata":{
            "graphics":{
               "vertices":[

               ]
            }
         },
         "id":"in-place-log-in-navigation-flow",
         "type":"ifml.NavigationFlow"
      },
      {
         "attributes":{
            "bindings":[

            ]
         },
         "metadata":{
            "graphics":{

            }
         },
         "id":"failed-log-in-navigation-flow",
         "type":"ifml.NavigationFlow"
      },
      {
         "attributes":{
            "bindings":[

            ]
         },
         "metadata":{
            "graphics":{
               "vertices":[

               ]
            }
         },
         "id":"4fdabe2e-897b-47b9-b78d-12144ba0fe01",
         "type":"ifml.NavigationFlow"
      },
      {
         "attributes":{
            "bindings":[

            ]
         },
         "metadata":{
            "graphics":{
               "vertices":[
                  {
                     "x":180,
                     "y":290
                  }
               ]
            }
         },
         "id":"failed-send-navigation-flow",
         "type":"ifml.NavigationFlow"
      }
   ],
   "relations":[
      {
         "type":"hierarchy",
         "parent":"in-place-log-in-pattern-view-container",
         "child":"xor-view-container"
      },
      {
         "type":"hierarchy",
         "parent":"xor-view-container",
         "child":"editor-view-container"
      },
      {
         "type":"hierarchy",
         "parent":"xor-view-container",
         "child":"in-place-login-modal-view-container"
      },
      {
         "type":"hierarchy",
         "parent":"editor-view-container",
         "child":"editor-form"
      },
      {
         "type":"hierarchy",
         "parent":"in-place-login-modal-view-container",
         "child":"log-in-form"
      },
      {
         "type":"hierarchy",
         "parent":"editor-form",
         "child":"send-event"
      },
      {
         "type":"hierarchy",
         "parent":"log-in-form",
         "child":"log-in-and-create-event"
      },
      {
         "type":"hierarchy",
         "parent":"log-in-form",
         "child":"back-event"
      },
      {
         "type":"hierarchy",
         "parent":"log-in-and-send-action",
         "child":"failed-log-in-event"
      },
      {
         "type":"hierarchy",
         "parent":"log-in-and-send-action",
         "child":"done-log-in-event"
      },
      {
         "type":"hierarchy",
         "parent":"send-action",
         "child":"log-in-event"
      },
      {
         "type":"hierarchy",
         "parent":"send-action",
         "child":"done-logged-event"
      },
      {
         "type":"hierarchy",
         "parent":"send-action",
         "child":"failed-logged-event"
      },
      {
         "type":"source",
         "flow":"log-in-navigation-flow",
         "source":"log-in-and-create-event"
      },
      {
         "type":"source",
         "flow":"send-navigation-flow",
         "source":"send-event"
      },
      {
         "type":"source",
         "flow":"in-place-log-in-navigation-flow",
         "source":"log-in-event"
      },
      {
         "type":"source",
         "flow":"failed-log-in-navigation-flow",
         "source":"failed-log-in-event"
      },
      {
         "type":"source",
         "flow":"4fdabe2e-897b-47b9-b78d-12144ba0fe01",
         "source":"back-event"
      },
      {
         "type":"source",
         "flow":"failed-send-navigation-flow",
         "source":"failed-logged-event"
      },
      {
         "type":"target",
         "flow":"log-in-navigation-flow",
         "target":"log-in-and-send-action"
      },
      {
         "type":"target",
         "flow":"send-navigation-flow",
         "target":"send-action"
      },
      {
         "type":"target",
         "flow":"in-place-log-in-navigation-flow",
         "target":"log-in-form"
      },
      {
         "type":"target",
         "flow":"failed-log-in-navigation-flow",
         "target":"log-in-form"
      },
      {
         "type":"target",
         "flow":"4fdabe2e-897b-47b9-b78d-12144ba0fe01",
         "target":"editor-form"
      },
      {
         "type":"target",
         "flow":"failed-send-navigation-flow",
         "target":"editor-form"
      }
   ],
   "statistics":{
      "session":{
         "started_at":"2018-11-21T10:47:43.105Z",
         "ended_at":"2018-11-21T11:11:22.935Z"
      }
   }
}
