{
   "elements":[
      {
         "attributes":{
            "name":"Basic Search",
            "default":false,
            "landmark":false,
            "xor":false
         },
         "metadata":{
            "graphics":{
               "position":{
                  "x":0,
                  "y":0
               },
               "size":{
                  "height":270,
                  "width":710
               }
            }
         },
         "id":"basic-search-pattern-view-container",
         "type":"ifml.ViewContainer"
      },
      {
         "attributes":{
            "name":"Xor",
            "default":false,
            "landmark":false,
            "xor":true
         },
         "metadata":{
            "graphics":{
               "position":{
                  "x":20,
                  "y":40
               },
               "size":{
                  "height":210,
                  "width":670
               }
            }
         },
         "id":"xor-view-container",
         "type":"ifml.ViewContainer"
      },
      {
         "attributes":{
            "name":"Search",
            "default":true,
            "landmark":true,
            "xor":false
         },
         "metadata":{
            "graphics":{
               "position":{
                  "x":40,
                  "y":80
               },
               "size":{
                  "height":150,
                  "width":400
               }
            }
         },
         "id":"search-view-container",
         "type":"ifml.ViewContainer"
      },
      {
         "attributes":{
            "name":"Product",
            "default":false,
            "landmark":false,
            "xor":false
         },
         "metadata":{
            "graphics":{
               "position":{
                  "x":480,
                  "y":80
               },
               "size":{
                  "height":150,
                  "width":190
               }
            }
         },
         "id":"product-view-container",
         "type":"ifml.ViewContainer"
      },
      {
         "attributes":{
            "name":"Keyword",
            "stereotype":"form",
            "fields":[

            ]
         },
         "metadata":{
            "graphics":{
               "position":{
                  "x":60,
                  "y":120
               },
               "size":{
                  "height":90,
                  "width":150
               }
            }
         },
         "id":"keyword-form",
         "type":"ifml.ViewComponent"
      },
      {
         "attributes":{
            "name":"Results",
            "stereotype":"list",
            "fields":[

            ],
            "collection":"",
            "filters":[

            ]
         },
         "metadata":{
            "graphics":{
               "position":{
                  "x":270,
                  "y":120
               },
               "size":{
                  "height":90,
                  "width":150
               }
            }
         },
         "id":"results-list",
         "type":"ifml.ViewComponent"
      },
      {
         "attributes":{
            "name":"Product",
            "stereotype":"details",
            "fields":[

            ],
            "collection":"products"
         },
         "metadata":{
            "graphics":{
               "position":{
                  "x":500,
                  "y":120
               },
               "size":{
                  "height":90,
                  "width":150
               }
            }
         },
         "id":"product-details",
         "type":"ifml.ViewComponent"
      },
      {
         "attributes":{
            "name":"Selected",
            "stereotype":"selection"
         },
         "metadata":{
            "graphics":{
               "position":{
                  "x":410,
                  "y":190
               },
               "name":{
                  "horizontal":"right",
                  "vertical":"bottom"
               }
            }
         },
         "id":"selected-product-event",
         "type":"ifml.Event"
      },
      {
         "attributes":{
            "bindings":[

            ]
         },
         "metadata":{
            "graphics":{

            }
         },
         "id":"keyword-data-flow",
         "type":"ifml.DataFlow"
      },
      {
         "attributes":{
            "bindings":[
               {
                  "input":"id",
                  "output":"id"
               }
            ]
         },
         "metadata":{
            "graphics":{

            }
         },
         "id":"selected-product-navigation-flow",
         "type":"ifml.NavigationFlow"
      },
      {
         "attributes":{
            "name":"Search"
         },
         "metadata":{
            "graphics":{
               "position":{
                  "x":230,
                  "y":220
               },
               "name":{
                  "horizontal":"middle",
                  "vertical":"top"
               }
            }
         },
         "id":"search-event",
         "type":"ifml.Event"
      },
      {
         "attributes":{
            "bindings":[

            ]
         },
         "metadata":{
            "graphics":{
               "vertices":[
                  {
                     "x":240,
                     "y":180
                  }
               ]
            }
         },
         "id":"search-navigation-flow",
         "type":"ifml.NavigationFlow"
      }
   ],
   "relations":[
      {
         "type":"hierarchy",
         "parent":"basic-search-pattern-view-container",
         "child":"xor-view-container"
      },
      {
         "type":"hierarchy",
         "parent":"xor-view-container",
         "child":"search-view-container"
      },
      {
         "type":"hierarchy",
         "parent":"xor-view-container",
         "child":"product-view-container"
      },
      {
         "type":"hierarchy",
         "parent":"search-view-container",
         "child":"keyword-form"
      },
      {
         "type":"hierarchy",
         "parent":"search-view-container",
         "child":"results-list"
      },
      {
         "type":"hierarchy",
         "parent":"product-view-container",
         "child":"product-details"
      },
      {
         "type":"hierarchy",
         "parent":"results-list",
         "child":"selected-product-event"
      },
      {
         "type":"hierarchy",
         "parent":"search-view-container",
         "child":"search-event"
      },
      {
         "type":"source",
         "flow":"keyword-data-flow",
         "source":"keyword-form"
      },
      {
         "type":"source",
         "flow":"selected-product-navigation-flow",
         "source":"selected-product-event"
      },
      {
         "type":"source",
         "flow":"search-navigation-flow",
         "source":"search-event"
      },
      {
         "type":"target",
         "flow":"keyword-data-flow",
         "target":"results-list"
      },
      {
         "type":"target",
         "flow":"selected-product-navigation-flow",
         "target":"product-details"
      },
      {
         "type":"target",
         "flow":"search-navigation-flow",
         "target":"results-list"
      }
   ],
   "statistics":{
      "session":{
         "started_at":"2018-12-02T15:29:42.709Z",
         "ended_at":"2018-12-02T15:30:38.987Z"
      }
   }
}
