{"elements":[{"attributes":{"name":"Demo","default":true,"landmark":false,"xor":false},"metadata":{"graphics":{"position":{"x":280,"y":50},"size":{"height":160,"width":460}}},"id":"demo-view-container","type":"ifml.ViewContainer"},{"attributes":{"name":"Demo List","stereotype":"list","fields":[{"label":"name"}],"collection":"demo-collection","filters":[]},"metadata":{"graphics":{"position":{"x":310,"y":100},"size":{"height":60,"width":150}}},"id":"demo-list","type":"ifml.ViewComponent"},{"attributes":{"name":"Demo Details","stereotype":"details","fields":[{"label":"name"},{"label":"description"}],"collection":"demo-collection"},"metadata":{"graphics":{"position":{"x":550,"y":120},"size":{"height":60,"width":150}}},"id":"demo-details","type":"ifml.ViewComponent"},{"attributes":{"name":"selected","stereotype":"selection"},"metadata":{"graphics":{"position":{"x":450,"y":150},"name":{"horizontal":"right","vertical":"bottom"}}},"id":"4e1bb72a-828f-4792-aa27-20aafa6f02b2","type":"ifml.Event"},{"attributes":{"bindings":[{"input":"id","output":"id"}]},"metadata":{"graphics":{}},"id":"demo-navigation-flow","type":"ifml.NavigationFlow"}],"relations":[{"type":"hierarchy","parent":"demo-view-container","child":"demo-list"},{"type":"hierarchy","parent":"demo-view-container","child":"demo-details"},{"type":"hierarchy","parent":"demo-list","child":"4e1bb72a-828f-4792-aa27-20aafa6f02b2"},{"type":"source","flow":"demo-navigation-flow","source":"4e1bb72a-828f-4792-aa27-20aafa6f02b2"},{"type":"target","flow":"demo-navigation-flow","target":"demo-details"}],"statistics":{"session":{"started_at":"2019-01-04T18:58:27.049Z","ended_at":"2019-01-04T19:17:25.979Z"}}}