{
   "elements":[
      {
         "attributes":{
            "name":"Master Detail Pattern",
            "default":false,
            "landmark":false,
            "xor":false
         },
         "metadata":{
            "graphics":{
               "position":{
                  "x":0,
                  "y":0
               },
               "size":{
                  "height":220,
                  "width":480
               }
            }
         },
         "id":"master-detail-pattern-view-container",
         "type":"ifml.ViewContainer"
      },
      {
         "attributes":{
            "name":"Mail List",
            "default":false,
            "landmark":false,
            "xor":false
         },
         "metadata":{
            "graphics":{
               "position":{
                  "x":20,
                  "y":40
               },
               "size":{
                  "height":160,
                  "width":200
               }
            }
         },
         "id":"mail-list-view-container",
         "type":"ifml.ViewContainer"
      },
      {
         "attributes":{
            "name":"Mail Details",
            "default":false,
            "landmark":false,
            "xor":false
         },
         "metadata":{
            "graphics":{
               "position":{
                  "x":260,
                  "y":40
               },
               "size":{
                  "height":160,
                  "width":200
               }
            }
         },
         "id":"mail-details-view-container",
         "type":"ifml.ViewContainer"
      },
      {
         "attributes":{
            "name":"Mail List",
            "stereotype":"list",
            "fields":[
               "date",
               "from",
               "subject"
            ],
            "collection":"mails",
            "filters":[

            ]
         },
         "metadata":{
            "graphics":{
               "position":{
                  "x":40,
                  "y":90
               },
               "size":{
                  "height":60,
                  "width":150
               }
            }
         },
         "id":"mail-list",
         "type":"ifml.ViewComponent"
      },
      {
         "attributes":{
            "name":"Mail Details",
            "stereotype":"details",
            "fields":[
               "date",
               "from",
               "subject",
               "text",
               "to"
            ],
            "collection":"mails"
         },
         "metadata":{
            "graphics":{
               "position":{
                  "x":290,
                  "y":90
               },
               "size":{
                  "height":70,
                  "width":150
               }
            }
         },
         "id":"mail-details",
         "type":"ifml.ViewComponent"
      },
      {
         "attributes":{
            "name":"Selected",
            "stereotype":"selection"
         },
         "metadata":{
            "graphics":{
               "position":{
                  "x":180,
                  "y":140
               },
               "name":{
                  "horizontal":"right",
                  "vertical":"bottom"
               }
            }
         },
         "id":"selected-mail-event",
         "type":"ifml.Event"
      },
      {
         "attributes":{
            "bindings":[
               {
                  "input":"id",
                  "output":"id"
               }
            ]
         },
         "metadata":{
            "graphics":{

            }
         },
         "id":"list-to-result",
         "type":"ifml.NavigationFlow"
      }
   ],
   "relations":[
      {
         "type":"hierarchy",
         "parent":"master-detail-pattern-view-container",
         "child":"mail-list-view-container"
      },
      {
         "type":"hierarchy",
         "parent":"master-detail-pattern-view-container",
         "child":"mail-details-view-container"
      },
      {
         "type":"hierarchy",
         "parent":"mail-list-view-container",
         "child":"mail-list"
      },
      {
         "type":"hierarchy",
         "parent":"mail-details-view-container",
         "child":"mail-details"
      },
      {
         "type":"hierarchy",
         "parent":"mail-list",
         "child":"selected-mail-event"
      },
      {
         "type":"source",
         "flow":"list-to-result",
         "source":"selected-mail-event"
      },
      {
         "type":"target",
         "flow":"list-to-result",
         "target":"mail-details"
      }
   ],
   "statistics":{
      "session":{
         "started_at":"2018-11-03T06:25:23.223Z",
         "ended_at":"2018-11-03T06:26:20.749Z"
      }
   }
}
