{"elements":[{"attributes":{"name":"Social Network","default":true,"landmark":false,"xor":false},"metadata":{"graphics":{"position":{"x":1820,"y":2860},"size":{"height":1940,"width":2040}}},"id":"social-network-view-container","type":"ifml.ViewContainer"},{"attributes":{"name":"Xor","default":false,"landmark":false,"xor":true},"metadata":{"graphics":{"position":{"x":1860,"y":2910},"size":{"height":1860,"width":1980}}},"id":"xor-social-network-view-container","type":"ifml.ViewContainer"},{"attributes":{"name":"Logged","default":false,"landmark":false,"xor":false},"metadata":{"graphics":{"position":{"x":2400,"y":2950},"size":{"height":1790,"width":1420}}},"id":"logged-view-container","type":"ifml.ViewContainer"},{"attributes":{"name":"Sign up and Log In Pattern","default":true,"landmark":false,"xor":false},"metadata":{"graphics":{"position":{"x":1880,"y":2950},"size":{"height":370,"width":490}}},"id":"sign-up-and-log-in-pattern-view-container","type":"ifml.ViewContainer"},{"attributes":{"name":"Xor","default":false,"landmark":false,"xor":true},"metadata":{"graphics":{"position":{"x":2430,"y":2990},"size":{"height":1720,"width":1370}}},"id":"xor-logged-view-container","type":"ifml.ViewContainer"},{"attributes":{"name":"Log In","parameters":[{"label":"username"},{"label":"password"}],"results":[{"label":"username"},{"label":"username-error"},{"label":"password"},{"label":"password-error"}]},"metadata":{"graphics":{"position":{"x":1970,"y":3220},"size":{"height":80,"width":115},"parent":"sign-up-and-log-in-pattern-view-container"}},"id":"log-in-action","type":"ifml.Action"},{"attributes":{"name":"Registration","parameters":[{"label":"name"},{"label":"surname"},{"label":"username"},{"label":"password"}],"results":[{"label":"name"},{"label":"name-error"},{"label":"surname"},{"label":"surname-error"},{"label":"username"},{"label":"username-error"},{"label":"password"},{"label":"password-error"}]},"metadata":{"graphics":{"position":{"x":2160,"y":3220},"size":{"height":80,"width":160},"parent":"sign-up-and-log-in-pattern-view-container"}},"id":"registration-action","type":"ifml.Action"},{"attributes":{"name":"Sign Up and Log In","default":false,"landmark":false,"xor":true},"metadata":{"graphics":{"position":{"x":1900,"y":2990},"size":{"height":200,"width":450}}},"id":"sign-up-and-log-in-view-container","type":"ifml.ViewContainer"},{"attributes":{"name":"Done"},"metadata":{"graphics":{"position":{"x":1960,"y":3250},"name":{"horizontal":"middle","vertical":"top"}}},"id":"done-log-in-event","type":"ifml.Event"},{"attributes":{"name":"Failed"},"metadata":{"graphics":{"position":{"x":2040,"y":3210},"name":{"horizontal":"middle","vertical":"bottom"}}},"id":"failed-log-in-event","type":"ifml.Event"},{"attributes":{"name":"Done"},"metadata":{"graphics":{"position":{"x":2150,"y":3230},"name":{"horizontal":"middle","vertical":"top"}}},"id":"done-registration-event","type":"ifml.Event"},{"attributes":{"name":"Registration"},"metadata":{"graphics":{"position":{"x":2260,"y":3210},"name":{"horizontal":"middle","vertical":"bottom"}}},"id":"failed-registration-event","type":"ifml.Event"},{"attributes":{"name":"Log In","default":true,"landmark":false,"xor":false},"metadata":{"graphics":{"position":{"x":1920,"y":3030},"size":{"height":140,"width":190}}},"id":"log-in-view-container","type":"ifml.ViewContainer"},{"attributes":{"name":"Sign Up","default":false,"landmark":false,"xor":false},"metadata":{"graphics":{"position":{"x":2140,"y":3030},"size":{"height":140,"width":190}}},"id":"sign-up-view-container","type":"ifml.ViewContainer"},{"attributes":{"name":"Log In Form","stereotype":"form","fields":[{"label":"username","value":"username","type":"text"},{"label":"password","value":"password","type":"password"}]},"metadata":{"graphics":{"position":{"x":1940,"y":3070},"size":{"height":80,"width":150}}},"id":"log-in-form","type":"ifml.ViewComponent"},{"attributes":{"name":"Sign Up Form","stereotype":"form","fields":[{"label":"name","value":"name","type":"text"},{"label":"surname","value":"surname","type":"text"},{"label":"username","value":"username","type":"text"},{"label":"password","value":"password","type":"password"}]},"metadata":{"graphics":{"position":{"x":2160,"y":3070},"size":{"height":80,"width":150}}},"id":"sign-up-form","type":"ifml.ViewComponent"},{"attributes":{"name":"Sign Up"},"metadata":{"graphics":{"position":{"x":2080,"y":3070},"name":{"horizontal":"middle","vertical":"top"}}},"id":"sign-up-event","type":"ifml.Event"},{"attributes":{"name":"Log In"},"metadata":{"graphics":{"position":{"x":1990,"y":3140},"name":{"horizontal":"middle","vertical":"top"}}},"id":"log-in-event","type":"ifml.Event"},{"attributes":{"name":"Log In"},"metadata":{"graphics":{"position":{"x":2150,"y":3100},"name":{"horizontal":"middle","vertical":"top"}}},"id":"back-to-log-in-event","type":"ifml.Event"},{"attributes":{"name":"Registration"},"metadata":{"graphics":{"position":{"x":2210,"y":3140},"name":{"horizontal":"middle","vertical":"top"}}},"id":"registration-event","type":"ifml.Event"},{"attributes":{"name":"Basic Search","default":false,"landmark":true,"xor":false},"metadata":{"graphics":{"position":{"x":2500,"y":3040},"size":{"height":270,"width":710}}},"id":"basic-search-pattern-view-container","type":"ifml.ViewContainer"},{"attributes":{"name":"Xor Basic Search","default":false,"landmark":false,"xor":true},"metadata":{"graphics":{"position":{"x":2520,"y":3080},"size":{"height":210,"width":670}}},"id":"xor-basic-search-view-container","type":"ifml.ViewContainer"},{"attributes":{"name":"Search","default":true,"landmark":true,"xor":false},"metadata":{"graphics":{"position":{"x":2540,"y":3120},"size":{"height":150,"width":400}}},"id":"search-view-container","type":"ifml.ViewContainer"},{"attributes":{"name":"User","default":false,"landmark":false,"xor":false},"metadata":{"graphics":{"position":{"x":2980,"y":3120},"size":{"height":150,"width":190}}},"id":"user-view-container","type":"ifml.ViewContainer"},{"attributes":{"name":"Keyword","stereotype":"form","fields":[{"label":"search","value":"search","type":"text"}]},"metadata":{"graphics":{"position":{"x":2560,"y":3160},"size":{"height":90,"width":150}}},"id":"keyword-form","type":"ifml.ViewComponent"},{"attributes":{"name":"Users","stereotype":"list","fields":[{"label":"name"},{"label":"surname"}],"collection":"users","filters":[{"label":"search"}]},"metadata":{"graphics":{"position":{"x":2770,"y":3160},"size":{"height":90,"width":150}}},"id":"users-list","type":"ifml.ViewComponent"},{"attributes":{"name":"Search"},"metadata":{"graphics":{"position":{"x":2730,"y":3260},"name":{"horizontal":"middle","vertical":"top"}}},"id":"search-event","type":"ifml.Event"},{"attributes":{"name":"User","stereotype":"details","fields":[{"label":"name"},{"label":"surname"},{"label":"age"},{"label":"gender"},{"label":"state"}],"collection":"users"},"metadata":{"graphics":{"position":{"x":3000,"y":3160},"size":{"height":90,"width":150}}},"id":"user-details","type":"ifml.ViewComponent"},{"attributes":{"name":"Back"},"metadata":{"graphics":{"position":{"x":2970,"y":3180},"name":{"horizontal":"middle","vertical":"top"}}},"id":"search-back-event","type":"ifml.Event"},{"attributes":{"name":"Selected","stereotype":"selection"},"metadata":{"graphics":{"position":{"x":2910,"y":3230},"name":{"horizontal":"middle","vertical":"bottom"}}},"id":"search-selected-friend-event","type":"ifml.Event"},{"attributes":{"name":"Add"},"metadata":{"graphics":{"position":{"x":3050,"y":3240},"name":{"horizontal":"middle","vertical":"top"}}},"id":"add-friend-event","type":"ifml.Event"},{"attributes":{"name":"Remove"},"metadata":{"graphics":{"position":{"x":3090,"y":3240},"name":{"horizontal":"middle","vertical":"top"}}},"id":"remove-friend-event","type":"ifml.Event"},{"attributes":{"name":"Posts"},"metadata":{"graphics":{"position":{"x":3060,"y":3150},"name":{"horizontal":"middle","vertical":"top"}}},"id":"friend-posts-event","type":"ifml.Event"},{"attributes":{"name":"Master Detail","default":true,"landmark":true,"xor":false},"metadata":{"graphics":{"position":{"x":3230,"y":3040},"size":{"height":270,"width":520}}},"id":"master-detail-pattern-view-container","type":"ifml.ViewContainer"},{"attributes":{"name":"Xor","default":false,"landmark":false,"xor":true},"metadata":{"graphics":{"position":{"x":3250,"y":3080},"size":{"height":210,"width":480}}},"id":"xor-master-detail-view-container","type":"ifml.ViewContainer"},{"attributes":{"name":"Posts","default":true,"landmark":true,"xor":false},"metadata":{"graphics":{"position":{"x":3270,"y":3120},"size":{"height":140,"width":200}}},"id":"posts-view-container","type":"ifml.ViewContainer"},{"attributes":{"name":"Post","default":false,"landmark":false,"xor":false},"metadata":{"graphics":{"position":{"x":3510,"y":3120},"size":{"height":140,"width":200}}},"id":"post-view-container","type":"ifml.ViewContainer"},{"attributes":{"name":"Posts","stereotype":"list","fields":[{"label":"author"},{"label":"likes"},{"label":"preview"}],"collection":"posts","filters":[{"label":"selection"}]},"metadata":{"graphics":{"position":{"x":3290,"y":3160},"size":{"height":60,"width":150}}},"id":"posts-list","type":"ifml.ViewComponent"},{"attributes":{"name":"Post","stereotype":"details","fields":[{"label":"author"},{"label":"content"},{"label":"likes"},{"label":"id"}],"collection":"posts"},"metadata":{"graphics":{"position":{"x":3530,"y":3160},"size":{"height":70,"width":160}}},"id":"post-details","type":"ifml.ViewComponent"},{"attributes":{"name":"Selected","stereotype":"selection"},"metadata":{"graphics":{"position":{"x":3430,"y":3210},"name":{"horizontal":"right","vertical":"bottom"}}},"id":"selected-mail-event","type":"ifml.Event"},{"attributes":{"name":"Remove","parameters":[{"label":"id"}],"results":[{"label":"id"}]},"metadata":{"graphics":{"position":{"x":3080,"y":3330},"size":{"height":50,"width":75},"parent":"xor-logged-view-container"}},"id":"remove-friend-action","type":"ifml.Action"},{"attributes":{"name":"Remove"},"metadata":{"graphics":{"position":{"x":3120,"y":3320},"name":{"horizontal":"middle","vertical":"top"}}},"id":"done-remove-friend-event","type":"ifml.Event"},{"attributes":{"name":"Add","parameters":[{"label":"id"}],"results":[{"label":"id"}]},"metadata":{"graphics":{"position":{"x":3000,"y":3330},"size":{"height":50,"width":75},"parent":"xor-logged-view-container"}},"id":"add-friend-action","type":"ifml.Action"},{"attributes":{"name":"Done"},"metadata":{"graphics":{"position":{"x":3010,"y":3320},"name":{"horizontal":"middle","vertical":"top"}}},"id":"done-add-friend-action","type":"ifml.Event"},{"attributes":{"name":"Profile","default":false,"landmark":true,"xor":false},"metadata":{"graphics":{"position":{"x":2450,"y":3400},"size":{"height":1270,"width":1320}}},"id":"profile-view-container","type":"ifml.ViewContainer"},{"attributes":{"name":"Xor","default":false,"landmark":false,"xor":true},"metadata":{"graphics":{"position":{"x":2480,"y":3440},"size":{"height":1200,"width":1260}}},"id":"xor-profile-view-container","type":"ifml.ViewContainer"},{"attributes":{"name":"Content Management Pattern","default":false,"landmark":true,"xor":false},"metadata":{"graphics":{"position":{"x":3080,"y":3490},"size":{"height":540,"width":640}}},"id":"friends-content-management-pattern-view-container","type":"ifml.ViewContainer"},{"attributes":{"name":"Content Management Pattern","default":true,"landmark":true,"xor":false},"metadata":{"graphics":{"position":{"x":2510,"y":3490},"size":{"height":540,"width":540}}},"id":"content-management-pattern-view-container-1","type":"ifml.ViewContainer"},{"attributes":{"name":"Friends Xor Content Management","default":false,"landmark":false,"xor":true},"metadata":{"graphics":{"position":{"x":3100,"y":3530},"size":{"height":480,"width":600}}},"id":"friends-xor-content-management-view-container","type":"ifml.ViewContainer"},{"attributes":{"name":"Xor Account Content Management","default":false,"landmark":false,"xor":true},"metadata":{"graphics":{"position":{"x":2530,"y":3530},"size":{"height":480,"width":500}}},"id":"xor-account-content-management-view-container","type":"ifml.ViewContainer"},{"attributes":{"name":"Delete","parameters":[{"label":"id"}],"results":[]},"metadata":{"graphics":{"position":{"x":3410,"y":3880},"size":{"height":50,"width":75},"parent":"friends-xor-content-management-view-container"}},"id":"profile-friends-delete-action","type":"ifml.Action"},{"attributes":{"name":"Modal Confirmation","default":false,"landmark":false,"xor":false},"metadata":{"graphics":{"position":{"x":3170,"y":3770},"size":{"height":160,"width":210}}},"id":"profile-friends-modal-confirmation-view-container","type":"ifml.ViewContainer"},{"attributes":{"name":"Friends","default":true,"landmark":true,"xor":false},"metadata":{"graphics":{"position":{"x":3180,"y":3580},"size":{"height":150,"width":220}}},"id":"friends-view-container","type":"ifml.ViewContainer"},{"attributes":{"name":"Create or Modify","parameters":[{"label":"id"},{"label":"name"},{"label":"surname"},{"label":"username"},{"label":"password"}],"results":[{"label":"id"},{"label":"name"},{"label":"name-error"},{"label":"surname"},{"label":"surname-error"},{"label":"username"},{"label":"username-error"},{"label":"password"},{"label":"password-error"}]},"metadata":{"graphics":{"position":{"x":2660,"y":3820},"size":{"height":60,"width":120},"parent":"xor-account-content-management-view-container"}},"id":"create-modify-action","type":"ifml.Action"},{"attributes":{"name":"Account","default":false,"landmark":true,"xor":false},"metadata":{"graphics":{"position":{"x":2550,"y":3590},"size":{"height":150,"width":200}}},"id":"account-view-container","type":"ifml.ViewContainer"},{"attributes":{"name":"Account","default":true,"landmark":true,"xor":false},"metadata":{"graphics":{"position":{"x":2770,"y":3590},"size":{"height":150,"width":240}}},"id":"account-view-container-1","type":"ifml.ViewContainer"},{"attributes":{"name":"Done"},"metadata":{"graphics":{"position":{"x":3440,"y":3870},"name":{"horizontal":"left-outer","vertical":"top"}}},"id":"profile-friends-done-delete-event","type":"ifml.Event"},{"attributes":{"name":"Cancel"},"metadata":{"graphics":{"position":{"x":3230,"y":3920},"name":{"horizontal":"middle","vertical":"top"}}},"id":"profile-friends-cancel-confirmation-event","type":"ifml.Event"},{"attributes":{"name":"Delete Page","stereotype":"details","fields":[{"label":"name"},{"label":"surname"}],"collection":"friends"},"metadata":{"graphics":{"position":{"x":3190,"y":3840},"size":{"height":60,"width":150}}},"id":"profile-friends-delete-page-details","type":"ifml.ViewComponent"},{"attributes":{"name":"Friends","stereotype":"list","fields":[{"label":"name"},{"label":"surname"}],"collection":"friends","filters":[]},"metadata":{"graphics":{"position":{"x":3200,"y":3610},"size":{"height":60,"width":180}}},"id":"profile-friends-list","type":"ifml.ViewComponent"},{"attributes":{"name":"Done"},"metadata":{"graphics":{"position":{"x":2770,"y":3820},"name":{"horizontal":"middle","vertical":"top"}}},"id":"done-create-modify-event","type":"ifml.Event"},{"attributes":{"name":"Failed"},"metadata":{"graphics":{"position":{"x":2670,"y":3810},"name":{"horizontal":"left-outer","vertical":"top"}}},"id":"failed-create-modify-event","type":"ifml.Event"},{"attributes":{"name":"Account","stereotype":"form","fields":[{"label":"id","value":"id","type":"text"},{"label":"name","value":"name","type":"text"},{"label":"surname","value":"surname","type":"text"},{"label":"username","value":"username","type":"text"},{"label":"password","value":"password","type":"password"}]},"metadata":{"graphics":{"position":{"x":2570,"y":3650},"size":{"height":70,"width":150}}},"id":"account-form","type":"ifml.ViewComponent"},{"attributes":{"name":"Account","stereotype":"details","fields":[{"label":"name"},{"label":"surname"},{"label":"username"},{"label":"password"}],"collection":"account"},"metadata":{"graphics":{"position":{"x":2830,"y":3660},"size":{"height":60,"width":170}}},"id":"account-details","type":"ifml.ViewComponent"},{"attributes":{"name":"Delete"},"metadata":{"graphics":{"position":{"x":3330,"y":3880},"name":{"horizontal":"middle","vertical":"top"}}},"id":"profile-friends-delete-confirmation-event","type":"ifml.Event"},{"attributes":{"name":"Delete"},"metadata":{"graphics":{"position":{"x":3260,"y":3660},"name":{"horizontal":"middle","vertical":"bottom"}}},"id":"delete-event-1","type":"ifml.Event"},{"attributes":{"name":"Display"},"metadata":{"graphics":{"position":{"x":3370,"y":3620},"name":{"horizontal":"middle","vertical":"top"}}},"id":"profile-friends-display-event","type":"ifml.Event"},{"attributes":{"name":"Submit"},"metadata":{"graphics":{"position":{"x":2690,"y":3710},"name":{"horizontal":"middle","vertical":"top"}}},"id":"submit-event","type":"ifml.Event"},{"attributes":{"name":"Modify"},"metadata":{"graphics":{"position":{"x":2820,"y":3670},"name":{"horizontal":"left-outer","vertical":"top"}}},"id":"modify-page-event","type":"ifml.Event"},{"attributes":{"name":"Friend","default":false,"landmark":false,"xor":false},"metadata":{"graphics":{"position":{"x":3440,"y":3580},"size":{"height":130,"width":240}}},"id":"profile-friends-friend-details-view-container","type":"ifml.ViewContainer"},{"attributes":{"name":"Friend","stereotype":"details","fields":[{"label":"name"},{"label":"surname"},{"label":"age"},{"label":"gender"},{"label":"state"}],"collection":"friends"},"metadata":{"graphics":{"position":{"x":3500,"y":3630},"size":{"height":60,"width":170}}},"id":"profile-friends-friend-details","type":"ifml.ViewComponent"},{"attributes":{"name":"Back"},"metadata":{"graphics":{"position":{"x":3490,"y":3640},"name":{"horizontal":"middle","vertical":"top"}}},"id":"profile-friends-back-to-list-event","type":"ifml.Event"},{"attributes":{"name":"Posts"},"metadata":{"graphics":{"position":{"x":3530,"y":3620},"name":{"horizontal":"middle","vertical":"top"}}},"id":"profile-friend-posts-event","type":"ifml.Event"},{"attributes":{"name":"Content Management Pattern","default":false,"landmark":true,"xor":false},"metadata":{"graphics":{"position":{"x":2810,"y":4060},"size":{"height":550,"width":910}}},"id":"content-management-pattern-view-container","type":"ifml.ViewContainer"},{"attributes":{"name":"Posts Xor Content Management","default":false,"landmark":false,"xor":true},"metadata":{"graphics":{"position":{"x":2830,"y":4100},"size":{"height":480,"width":870}}},"id":"posts-xor-content-management-view-container","type":"ifml.ViewContainer"},{"attributes":{"name":"Create or Modify","parameters":[{"label":"id"},{"label":"title"},{"label":"content"},{"label":"id"},{"label":"author"}],"results":[{"label":"id"},{"label":"title"},{"label":"title-error"},{"label":"content"},{"label":"content-error"},{"label":"id"},{"label":"id-error"},{"label":"author"},{"label":"author-error"}]},"metadata":{"graphics":{"position":{"x":3320,"y":4390},"size":{"height":60,"width":120},"parent":"posts-xor-content-management-view-container"}},"id":"profile-posts-create-modify-action","type":"ifml.Action"},{"attributes":{"name":"Delete","parameters":[{"label":"id"}],"results":[]},"metadata":{"graphics":{"position":{"x":3140,"y":4450},"size":{"height":50,"width":75},"parent":"posts-xor-content-management-view-container"}},"id":"profile-posts-delete-action","type":"ifml.Action"},{"attributes":{"name":"Load Content","parameters":[{"label":"id"}],"results":[{"label":"id"},{"label":"title"},{"label":"content"},{"label":"id"},{"label":"author"}]},"metadata":{"graphics":{"position":{"x":3320,"y":4490},"size":{"height":60,"width":120},"parent":"posts-xor-content-management-view-container"}},"id":"profile-posts-load-content-action","type":"ifml.Action"},{"attributes":{"name":"Post","default":false,"landmark":true,"xor":false},"metadata":{"graphics":{"position":{"x":3210,"y":4160},"size":{"height":150,"width":200}}},"id":"profile-posts-post-view-container","type":"ifml.ViewContainer"},{"attributes":{"name":"Modal Confirmation","default":false,"landmark":false,"xor":false},"metadata":{"graphics":{"position":{"x":2900,"y":4340},"size":{"height":160,"width":210}}},"id":"profile-posts-modal-confirmation-view-container","type":"ifml.ViewContainer"},{"attributes":{"name":"Posts","default":true,"landmark":true,"xor":false},"metadata":{"graphics":{"position":{"x":2910,"y":4150},"size":{"height":150,"width":220}}},"id":"profile-posts-view-container","type":"ifml.ViewContainer"},{"attributes":{"name":"Post","default":false,"landmark":false,"xor":false},"metadata":{"graphics":{"position":{"x":3480,"y":4190},"size":{"height":170,"width":200}}},"id":"profile-posts-post-details-view-container","type":"ifml.ViewContainer"},{"attributes":{"name":"Done"},"metadata":{"graphics":{"position":{"x":3430,"y":4390},"name":{"horizontal":"middle","vertical":"top"}}},"id":"profile-posts-done-create-modify-event","type":"ifml.Event"},{"attributes":{"name":"Failed"},"metadata":{"graphics":{"position":{"x":3330,"y":4380},"name":{"horizontal":"left-outer","vertical":"top"}}},"id":"failed-create-modify-event-1","type":"ifml.Event"},{"attributes":{"name":"Done"},"metadata":{"graphics":{"position":{"x":3170,"y":4440},"name":{"horizontal":"left-outer","vertical":"top"}}},"id":"profile-posts-done-delete-event","type":"ifml.Event"},{"attributes":{"name":"Done"},"metadata":{"graphics":{"position":{"x":3310,"y":4490},"name":{"horizontal":"middle","vertical":"top"}}},"id":"profile-posts-done-load-content-event","type":"ifml.Event"},{"attributes":{"name":"Failed"},"metadata":{"graphics":{"position":{"x":3310,"y":4530},"name":{"horizontal":"middle","vertical":"bottom"}}},"id":"profile-posts-failed-load-content-event","type":"ifml.Event"},{"attributes":{"name":"Post","stereotype":"form","fields":[{"label":"id","value":"id","type":"text"},{"label":"title","value":"title","type":"text"},{"label":"id","value":"id","type":"hidden"},{"label":"author","value":"author","type":"text"},{"label":"content","value":"content","type":"textarea"}]},"metadata":{"graphics":{"position":{"x":3230,"y":4220},"size":{"height":70,"width":150}}},"id":"profile-posts-post-form","type":"ifml.ViewComponent"},{"attributes":{"name":"Cancel"},"metadata":{"graphics":{"position":{"x":2960,"y":4490},"name":{"horizontal":"middle","vertical":"top"}}},"id":"profile-posts-cancel-confirmation-event","type":"ifml.Event"},{"attributes":{"name":"Delete Page","stereotype":"details","fields":[{"label":"title"},{"label":"id"},{"label":"preview"},{"label":"author"}],"collection":"posts"},"metadata":{"graphics":{"position":{"x":2920,"y":4410},"size":{"height":60,"width":150}}},"id":"profile-posts-delete-page-details","type":"ifml.ViewComponent"},{"attributes":{"name":"Posts","stereotype":"list","fields":[{"label":"id"},{"label":"preview"},{"label":"likes"}],"collection":"posts","filters":[]},"metadata":{"graphics":{"position":{"x":2930,"y":4180},"size":{"height":60,"width":180}}},"id":"profile-posts-list","type":"ifml.ViewComponent"},{"attributes":{"name":"Post","stereotype":"details","fields":[{"label":"author"},{"label":"content"},{"label":"likes"},{"label":"like"},{"label":"id"}],"collection":"posts"},"metadata":{"graphics":{"position":{"x":3500,"y":4240},"size":{"height":70,"width":160}}},"id":"profile-posts-post-details","type":"ifml.ViewComponent"},{"attributes":{"name":"Submit"},"metadata":{"graphics":{"position":{"x":3350,"y":4280},"name":{"horizontal":"middle","vertical":"top"}}},"id":"submit-event-1","type":"ifml.Event"},{"attributes":{"name":"Delete"},"metadata":{"graphics":{"position":{"x":3060,"y":4450},"name":{"horizontal":"middle","vertical":"top"}}},"id":"delete-confirmation-event-1","type":"ifml.Event"},{"attributes":{"name":"Modify"},"metadata":{"graphics":{"position":{"x":3090,"y":4230},"name":{"horizontal":"middle","vertical":"bottom"}}},"id":"profile-posts-modify-event","type":"ifml.Event"},{"attributes":{"name":"Delete"},"metadata":{"graphics":{"position":{"x":2990,"y":4230},"name":{"horizontal":"left-outer","vertical":"bottom"}}},"id":"profile-posts-delete-event","type":"ifml.Event"},{"attributes":{"name":"Display"},"metadata":{"graphics":{"position":{"x":3100,"y":4190},"name":{"horizontal":"middle","vertical":"top"}}},"id":"profile-posts-display-event","type":"ifml.Event"},{"attributes":{"name":"Back"},"metadata":{"graphics":{"position":{"x":3490,"y":4250},"name":{"horizontal":"middle","vertical":"top"}}},"id":"profile-posts-back-details-event","type":"ifml.Event"},{"attributes":{"name":"Modify"},"metadata":{"graphics":{"position":{"x":3490,"y":4280},"name":{"horizontal":"middle","vertical":"bottom"}}},"id":"profile-posts-modify-page-event","type":"ifml.Event"},{"attributes":{"bindings":[{"input":"id","output":"id"}]},"metadata":{"graphics":{}},"id":"add-friend-navigation-flow","type":"ifml.NavigationFlow"},{"attributes":{"bindings":[{"input":"id","output":"id"}]},"metadata":{"graphics":{}},"id":"delete-navigation-flow-1","type":"ifml.NavigationFlow"},{"attributes":{"bindings":[{"input":"id","output":"id"},{"input":"name","output":"name"},{"input":"surname","output":"surname"},{"input":"username","output":"username"},{"input":"password","output":"password"}]},"metadata":{"graphics":{}},"id":"details-to-modify-navigation-flow","type":"ifml.NavigationFlow"},{"attributes":{"bindings":[{"input":"id","output":"id"}]},"metadata":{"graphics":{}},"id":"done-add-friend-navigation-flow","type":"ifml.NavigationFlow"},{"attributes":{"bindings":[{"input":"id","output":"id"}]},"metadata":{"graphics":{"vertices":[{"x":2980,"y":3830}]}},"id":"done-create-modify-navigation-flow","type":"ifml.NavigationFlow"},{"attributes":{"bindings":[{"input":"id","output":"id"},{"input":"title","output":"title"},{"input":"content","output":"content"},{"input":"id","output":"id"},{"input":"author","output":"author"}]},"metadata":{"graphics":{"vertices":[{"x":3280,"y":4500}]}},"id":"done-load-content-navigation-flow-1","type":"ifml.NavigationFlow"},{"attributes":{"bindings":[]},"metadata":{"graphics":{"vertices":[{"x":1970,"y":3370}]}},"id":"done-log-in-navigation-flow","type":"ifml.NavigationFlow"},{"attributes":{"bindings":[]},"metadata":{"graphics":{"vertices":[{"x":2100,"y":3240}]}},"id":"done-registration-navigation-flow","type":"ifml.NavigationFlow"},{"attributes":{"bindings":[{"input":"id","output":"id"}]},"metadata":{"graphics":{}},"id":"done-remove-friend-navigation-flow","type":"ifml.NavigationFlow"},{"attributes":{"bindings":[{"input":"username","output":"username"},{"input":"username-error","output":"username-error"},{"input":"password","output":"password"},{"input":"password-error","output":"password-error"}]},"metadata":{"graphics":{"vertices":[]}},"id":"failed-log-in-navigation-flow","type":"ifml.NavigationFlow"},{"attributes":{"bindings":[{"input":"name","output":"name"},{"input":"name-error","output":"name-error"},{"input":"surname","output":"surname"},{"input":"surname-error","output":"surname-error"},{"input":"username","output":"username"},{"input":"username-error","output":"username-error"},{"input":"password","output":"password"},{"input":"password-error","output":"password-error"}]},"metadata":{"graphics":{"vertices":[]}},"id":"failed-registration-navigation-flow","type":"ifml.NavigationFlow"},{"attributes":{"bindings":[{"input":"id","output":"id"},{"input":"name","output":"name"},{"input":"name-error","output":"name-error"},{"input":"surname","output":"surname"},{"input":"surname-error","output":"surname-error"},{"input":"username","output":"username"},{"input":"username-error","output":"username-error"},{"input":"password","output":"password"},{"input":"password-error","output":"password-error"}]},"metadata":{"graphics":{"vertices":[]}},"id":"failed-submit-navigation-flow","type":"ifml.NavigationFlow"},{"attributes":{"bindings":[{"input":"selection","output":"id"}]},"metadata":{"graphics":{"vertices":[{"x":3060,"y":3090},{"x":3370,"y":3090}]}},"id":"friend-posts-navigation-flow","type":"ifml.NavigationFlow"},{"attributes":{"bindings":[{"input":"search","output":"search"}]},"metadata":{"graphics":{}},"id":"keyword-data-flow","type":"ifml.DataFlow"},{"attributes":{"bindings":[{"input":"id","output":"id"}]},"metadata":{"graphics":{}},"id":"list-to-result","type":"ifml.NavigationFlow"},{"attributes":{"bindings":[{"input":"username","output":"username"},{"input":"password","output":"password"}]},"metadata":{"graphics":{}},"id":"log-in-navigation-flow","type":"ifml.NavigationFlow"},{"attributes":{"bindings":[{"input":"selection","output":"id"}]},"metadata":{"graphics":{"vertices":[{"x":3540,"y":3350},{"x":3370,"y":3350}]}},"id":"profile-friend-posts-navigation-flow","type":"ifml.NavigationFlow"},{"attributes":{"bindings":[]},"metadata":{"graphics":{}},"id":"profile-friends-back-to-list-navigation-flow","type":"ifml.NavigationFlow"},{"attributes":{"bindings":[]},"metadata":{"graphics":{"vertices":[{"x":3240,"y":3960},{"x":3120,"y":3960},{"x":3120,"y":3640}]}},"id":"profile-friends-cancel-confirmation-navigation-flow","type":"ifml.NavigationFlow"},{"attributes":{"bindings":[{"input":"id","output":"id"}]},"metadata":{"graphics":{}},"id":"profile-friends-delete-confirmation-navigation-flow","type":"ifml.NavigationFlow"},{"attributes":{"bindings":[]},"metadata":{"graphics":{"vertices":[{"x":3450,"y":3760},{"x":3310,"y":3760}]}},"id":"profile-friends-done-delete-navigation-flow","type":"ifml.NavigationFlow"},{"attributes":{"bindings":[]},"metadata":{"graphics":{"vertices":[{"x":2970,"y":4530},{"x":2850,"y":4530},{"x":2850,"y":4210}]}},"id":"profile-posts-cancel-confirmation-navigation-flow","type":"ifml.NavigationFlow"},{"attributes":{"bindings":[{"input":"id","output":"id"}]},"metadata":{"graphics":{}},"id":"profile-posts-delete-confirmation-navigation-flow","type":"ifml.NavigationFlow"},{"attributes":{"bindings":[{"input":"id","output":"id"}]},"metadata":{"graphics":{}},"id":"profile-posts-delete-navigation-flow","type":"ifml.NavigationFlow"},{"attributes":{"bindings":[{"input":"id","output":"id"},{"input":"title","output":"title"},{"input":"content","output":"content"},{"input":"id","output":"id"},{"input":"author","output":"author"}]},"metadata":{"graphics":{}},"id":"profile-posts-details-to-modify-navigation-flow","type":"ifml.NavigationFlow"},{"attributes":{"bindings":[{"input":"id","output":"id"}]},"metadata":{"graphics":{"vertices":[{"x":3160,"y":4200},{"x":3160,"y":4140},{"x":3600,"y":4140}]}},"id":"profile-posts-display-navigation-flow","type":"ifml.NavigationFlow"},{"attributes":{"bindings":[{"input":"id","output":"id"}]},"metadata":{"graphics":{"vertices":[{"x":3440,"y":4340},{"x":3530,"y":4340}]}},"id":"profile-posts-done-create-modify-navigation-flow","type":"ifml.NavigationFlow"},{"attributes":{"bindings":[]},"metadata":{"graphics":{"vertices":[{"x":3180,"y":4330},{"x":3040,"y":4330}]}},"id":"profile-posts-done-delete-navigation-flow","type":"ifml.NavigationFlow"},{"attributes":{"bindings":[]},"metadata":{"graphics":{"vertices":[{"x":2870,"y":4540},{"x":2870,"y":4270}]}},"id":"profile-posts-failed-load-content-navigation-flow","type":"ifml.NavigationFlow"},{"attributes":{"bindings":[{"input":"id","output":"id"},{"input":"title","output":"title"},{"input":"title-error","output":"title-error"},{"input":"content","output":"content"},{"input":"content-error","output":"content-error"},{"input":"id","output":"id"},{"input":"id-error","output":"id-error"},{"input":"author","output":"author"},{"input":"author-error","output":"author-error"}]},"metadata":{"graphics":{"vertices":[]}},"id":"profile-posts-failed-submit-navigation-flow","type":"ifml.NavigationFlow"},{"attributes":{"bindings":[{"input":"id","output":"id"}]},"metadata":{"graphics":{"vertices":[{"x":3170,"y":4240},{"x":3170,"y":4320},{"x":3250,"y":4320},{"x":3250,"y":4520}]}},"id":"profile-posts-modify-navigation-flow","type":"ifml.NavigationFlow"},{"attributes":{"bindings":[{"input":"id","output":"id"},{"input":"title","output":"title"},{"input":"content","output":"content"},{"input":"id","output":"id"},{"input":"author","output":"author"}]},"metadata":{"graphics":{}},"id":"profile-posts-submit-navigation-flow","type":"ifml.NavigationFlow"},{"attributes":{"bindings":[{"input":"id","output":"id"}]},"metadata":{"graphics":{"vertices":[{"x":3420,"y":3630},{"x":3420,"y":3570},{"x":3590,"y":3570}]}},"id":"profile-selected-friend-navigation-flow","type":"ifml.NavigationFlow"},{"attributes":{"bindings":[{"input":"name","output":"name"},{"input":"surname","output":"surname"},{"input":"username","output":"username"},{"input":"password","output":"password"}]},"metadata":{"graphics":{"vertices":[]}},"id":"registration-navigation-flow","type":"ifml.NavigationFlow"},{"attributes":{"bindings":[{"input":"id","output":"id"}]},"metadata":{"graphics":{"vertices":[]}},"id":"remove-friend-navigation-flow","type":"ifml.NavigationFlow"},{"attributes":{"bindings":[]},"metadata":{"graphics":{"vertices":[]}},"id":"search-back-navigation-flow","type":"ifml.NavigationFlow"},{"attributes":{"bindings":[]},"metadata":{"graphics":{"vertices":[{"x":2740,"y":3220}]}},"id":"search-navigation-flow","type":"ifml.NavigationFlow"},{"attributes":{"bindings":[{"input":"id","output":"id"}]},"metadata":{"graphics":{"vertices":[]}},"id":"search-selected-friend-navigation-flow","type":"ifml.NavigationFlow"},{"attributes":{"bindings":[{"input":"id","output":"id"},{"input":"name","output":"name"},{"input":"surname","output":"surname"},{"input":"username","output":"username"},{"input":"password","output":"password"}]},"metadata":{"graphics":{}},"id":"submit-navigation-flow","type":"ifml.NavigationFlow"},{"attributes":{"bindings":[]},"metadata":{"graphics":{"vertices":[]}},"id":"to-log-in-navigation-flow","type":"ifml.NavigationFlow"},{"attributes":{"bindings":[]},"metadata":{"graphics":{}},"id":"to-sign-up-navigation-flow","type":"ifml.NavigationFlow"}],"relations":[{"type":"hierarchy","parent":"social-network-view-container","child":"xor-social-network-view-container"},{"type":"hierarchy","parent":"xor-social-network-view-container","child":"logged-view-container"},{"type":"hierarchy","parent":"xor-social-network-view-container","child":"sign-up-and-log-in-pattern-view-container"},{"type":"hierarchy","parent":"logged-view-container","child":"xor-logged-view-container"},{"type":"hierarchy","parent":"sign-up-and-log-in-pattern-view-container","child":"sign-up-and-log-in-view-container"},{"type":"hierarchy","parent":"log-in-action","child":"done-log-in-event"},{"type":"hierarchy","parent":"log-in-action","child":"failed-log-in-event"},{"type":"hierarchy","parent":"registration-action","child":"done-registration-event"},{"type":"hierarchy","parent":"registration-action","child":"failed-registration-event"},{"type":"hierarchy","parent":"sign-up-and-log-in-view-container","child":"log-in-view-container"},{"type":"hierarchy","parent":"sign-up-and-log-in-view-container","child":"sign-up-view-container"},{"type":"hierarchy","parent":"log-in-view-container","child":"log-in-form"},{"type":"hierarchy","parent":"sign-up-view-container","child":"sign-up-form"},{"type":"hierarchy","parent":"log-in-form","child":"sign-up-event"},{"type":"hierarchy","parent":"log-in-form","child":"log-in-event"},{"type":"hierarchy","parent":"sign-up-form","child":"back-to-log-in-event"},{"type":"hierarchy","parent":"sign-up-form","child":"registration-event"},{"type":"hierarchy","parent":"xor-logged-view-container","child":"basic-search-pattern-view-container"},{"type":"hierarchy","parent":"basic-search-pattern-view-container","child":"xor-basic-search-view-container"},{"type":"hierarchy","parent":"xor-basic-search-view-container","child":"search-view-container"},{"type":"hierarchy","parent":"xor-basic-search-view-container","child":"user-view-container"},{"type":"hierarchy","parent":"search-view-container","child":"keyword-form"},{"type":"hierarchy","parent":"search-view-container","child":"users-list"},{"type":"hierarchy","parent":"search-view-container","child":"search-event"},{"type":"hierarchy","parent":"user-view-container","child":"user-details"},{"type":"hierarchy","parent":"user-view-container","child":"search-back-event"},{"type":"hierarchy","parent":"users-list","child":"search-selected-friend-event"},{"type":"hierarchy","parent":"user-details","child":"add-friend-event"},{"type":"hierarchy","parent":"user-details","child":"remove-friend-event"},{"type":"hierarchy","parent":"user-details","child":"friend-posts-event"},{"type":"hierarchy","parent":"xor-logged-view-container","child":"master-detail-pattern-view-container"},{"type":"hierarchy","parent":"master-detail-pattern-view-container","child":"xor-master-detail-view-container"},{"type":"hierarchy","parent":"xor-master-detail-view-container","child":"posts-view-container"},{"type":"hierarchy","parent":"xor-master-detail-view-container","child":"post-view-container"},{"type":"hierarchy","parent":"posts-view-container","child":"posts-list"},{"type":"hierarchy","parent":"post-view-container","child":"post-details"},{"type":"hierarchy","parent":"posts-list","child":"selected-mail-event"},{"type":"hierarchy","parent":"remove-friend-action","child":"done-remove-friend-event"},{"type":"hierarchy","parent":"add-friend-action","child":"done-add-friend-action"},{"type":"hierarchy","parent":"xor-logged-view-container","child":"profile-view-container"},{"type":"hierarchy","parent":"profile-view-container","child":"xor-profile-view-container"},{"type":"hierarchy","parent":"xor-profile-view-container","child":"friends-content-management-pattern-view-container"},{"type":"hierarchy","parent":"xor-profile-view-container","child":"content-management-pattern-view-container-1"},{"type":"hierarchy","parent":"friends-content-management-pattern-view-container","child":"friends-xor-content-management-view-container"},{"type":"hierarchy","parent":"content-management-pattern-view-container-1","child":"xor-account-content-management-view-container"},{"type":"hierarchy","parent":"friends-xor-content-management-view-container","child":"profile-friends-modal-confirmation-view-container"},{"type":"hierarchy","parent":"friends-xor-content-management-view-container","child":"friends-view-container"},{"type":"hierarchy","parent":"xor-account-content-management-view-container","child":"account-view-container"},{"type":"hierarchy","parent":"xor-account-content-management-view-container","child":"account-view-container-1"},{"type":"hierarchy","parent":"profile-friends-delete-action","child":"profile-friends-done-delete-event"},{"type":"hierarchy","parent":"profile-friends-modal-confirmation-view-container","child":"profile-friends-cancel-confirmation-event"},{"type":"hierarchy","parent":"profile-friends-modal-confirmation-view-container","child":"profile-friends-delete-page-details"},{"type":"hierarchy","parent":"friends-view-container","child":"profile-friends-list"},{"type":"hierarchy","parent":"create-modify-action","child":"done-create-modify-event"},{"type":"hierarchy","parent":"create-modify-action","child":"failed-create-modify-event"},{"type":"hierarchy","parent":"account-view-container","child":"account-form"},{"type":"hierarchy","parent":"account-view-container-1","child":"account-details"},{"type":"hierarchy","parent":"profile-friends-delete-page-details","child":"profile-friends-delete-confirmation-event"},{"type":"hierarchy","parent":"profile-friends-list","child":"delete-event-1"},{"type":"hierarchy","parent":"profile-friends-list","child":"profile-friends-display-event"},{"type":"hierarchy","parent":"account-form","child":"submit-event"},{"type":"hierarchy","parent":"account-details","child":"modify-page-event"},{"type":"hierarchy","parent":"friends-xor-content-management-view-container","child":"profile-friends-friend-details-view-container"},{"type":"hierarchy","parent":"profile-friends-friend-details-view-container","child":"profile-friends-friend-details"},{"type":"hierarchy","parent":"profile-friends-friend-details","child":"profile-friends-back-to-list-event"},{"type":"hierarchy","parent":"profile-friends-friend-details","child":"profile-friend-posts-event"},{"type":"hierarchy","parent":"xor-profile-view-container","child":"content-management-pattern-view-container"},{"type":"hierarchy","parent":"content-management-pattern-view-container","child":"posts-xor-content-management-view-container"},{"type":"hierarchy","parent":"posts-xor-content-management-view-container","child":"profile-posts-post-view-container"},{"type":"hierarchy","parent":"posts-xor-content-management-view-container","child":"profile-posts-modal-confirmation-view-container"},{"type":"hierarchy","parent":"posts-xor-content-management-view-container","child":"profile-posts-view-container"},{"type":"hierarchy","parent":"posts-xor-content-management-view-container","child":"profile-posts-post-details-view-container"},{"type":"hierarchy","parent":"profile-posts-create-modify-action","child":"profile-posts-done-create-modify-event"},{"type":"hierarchy","parent":"profile-posts-create-modify-action","child":"failed-create-modify-event-1"},{"type":"hierarchy","parent":"profile-posts-delete-action","child":"profile-posts-done-delete-event"},{"type":"hierarchy","parent":"profile-posts-load-content-action","child":"profile-posts-done-load-content-event"},{"type":"hierarchy","parent":"profile-posts-load-content-action","child":"profile-posts-failed-load-content-event"},{"type":"hierarchy","parent":"profile-posts-post-view-container","child":"profile-posts-post-form"},{"type":"hierarchy","parent":"profile-posts-modal-confirmation-view-container","child":"profile-posts-cancel-confirmation-event"},{"type":"hierarchy","parent":"profile-posts-modal-confirmation-view-container","child":"profile-posts-delete-page-details"},{"type":"hierarchy","parent":"profile-posts-view-container","child":"profile-posts-list"},{"type":"hierarchy","parent":"profile-posts-post-details-view-container","child":"profile-posts-post-details"},{"type":"hierarchy","parent":"profile-posts-post-form","child":"submit-event-1"},{"type":"hierarchy","parent":"profile-posts-delete-page-details","child":"delete-confirmation-event-1"},{"type":"hierarchy","parent":"profile-posts-list","child":"profile-posts-modify-event"},{"type":"hierarchy","parent":"profile-posts-list","child":"profile-posts-delete-event"},{"type":"hierarchy","parent":"profile-posts-list","child":"profile-posts-display-event"},{"type":"hierarchy","parent":"profile-posts-post-details","child":"profile-posts-back-details-event"},{"type":"hierarchy","parent":"profile-posts-post-details","child":"profile-posts-modify-page-event"},{"type":"source","flow":"add-friend-navigation-flow","source":"add-friend-event"},{"type":"source","flow":"delete-navigation-flow-1","source":"delete-event-1"},{"type":"source","flow":"details-to-modify-navigation-flow","source":"modify-page-event"},{"type":"source","flow":"done-add-friend-navigation-flow","source":"done-add-friend-action"},{"type":"source","flow":"done-create-modify-navigation-flow","source":"done-create-modify-event"},{"type":"source","flow":"done-load-content-navigation-flow-1","source":"profile-posts-done-load-content-event"},{"type":"source","flow":"done-log-in-navigation-flow","source":"done-log-in-event"},{"type":"source","flow":"done-registration-navigation-flow","source":"done-registration-event"},{"type":"source","flow":"done-remove-friend-navigation-flow","source":"done-remove-friend-event"},{"type":"source","flow":"failed-log-in-navigation-flow","source":"failed-log-in-event"},{"type":"source","flow":"failed-registration-navigation-flow","source":"failed-registration-event"},{"type":"source","flow":"failed-submit-navigation-flow","source":"failed-create-modify-event"},{"type":"source","flow":"friend-posts-navigation-flow","source":"friend-posts-event"},{"type":"source","flow":"keyword-data-flow","source":"keyword-form"},{"type":"source","flow":"list-to-result","source":"selected-mail-event"},{"type":"source","flow":"log-in-navigation-flow","source":"log-in-event"},{"type":"source","flow":"profile-friend-posts-navigation-flow","source":"profile-friend-posts-event"},{"type":"source","flow":"profile-friends-back-to-list-navigation-flow","source":"profile-friends-back-to-list-event"},{"type":"source","flow":"profile-friends-cancel-confirmation-navigation-flow","source":"profile-friends-cancel-confirmation-event"},{"type":"source","flow":"profile-friends-delete-confirmation-navigation-flow","source":"profile-friends-delete-confirmation-event"},{"type":"source","flow":"profile-friends-done-delete-navigation-flow","source":"profile-friends-done-delete-event"},{"type":"source","flow":"profile-posts-cancel-confirmation-navigation-flow","source":"profile-posts-cancel-confirmation-event"},{"type":"source","flow":"profile-posts-delete-confirmation-navigation-flow","source":"delete-confirmation-event-1"},{"type":"source","flow":"profile-posts-delete-navigation-flow","source":"profile-posts-delete-event"},{"type":"source","flow":"profile-posts-details-to-modify-navigation-flow","source":"profile-posts-back-details-event"},{"type":"source","flow":"profile-posts-display-navigation-flow","source":"profile-posts-display-event"},{"type":"source","flow":"profile-posts-done-create-modify-navigation-flow","source":"profile-posts-done-create-modify-event"},{"type":"source","flow":"profile-posts-done-delete-navigation-flow","source":"profile-posts-done-delete-event"},{"type":"source","flow":"profile-posts-failed-load-content-navigation-flow","source":"profile-posts-failed-load-content-event"},{"type":"source","flow":"profile-posts-failed-submit-navigation-flow","source":"failed-create-modify-event-1"},{"type":"source","flow":"profile-posts-modify-navigation-flow","source":"profile-posts-modify-event"},{"type":"source","flow":"profile-posts-submit-navigation-flow","source":"submit-event-1"},{"type":"source","flow":"profile-selected-friend-navigation-flow","source":"profile-friends-display-event"},{"type":"source","flow":"registration-navigation-flow","source":"registration-event"},{"type":"source","flow":"remove-friend-navigation-flow","source":"remove-friend-event"},{"type":"source","flow":"search-back-navigation-flow","source":"search-back-event"},{"type":"source","flow":"search-navigation-flow","source":"search-event"},{"type":"source","flow":"search-selected-friend-navigation-flow","source":"search-selected-friend-event"},{"type":"source","flow":"submit-navigation-flow","source":"submit-event"},{"type":"source","flow":"to-log-in-navigation-flow","source":"back-to-log-in-event"},{"type":"source","flow":"to-sign-up-navigation-flow","source":"sign-up-event"},{"type":"target","flow":"add-friend-navigation-flow","target":"add-friend-action"},{"type":"target","flow":"delete-navigation-flow-1","target":"profile-friends-delete-page-details"},{"type":"target","flow":"details-to-modify-navigation-flow","target":"account-form"},{"type":"target","flow":"done-add-friend-navigation-flow","target":"user-details"},{"type":"target","flow":"done-create-modify-navigation-flow","target":"account-details"},{"type":"target","flow":"done-load-content-navigation-flow-1","target":"profile-posts-post-form"},{"type":"target","flow":"done-log-in-navigation-flow","target":"logged-view-container"},{"type":"target","flow":"done-registration-navigation-flow","target":"log-in-view-container"},{"type":"target","flow":"done-remove-friend-navigation-flow","target":"user-details"},{"type":"target","flow":"failed-log-in-navigation-flow","target":"log-in-form"},{"type":"target","flow":"failed-registration-navigation-flow","target":"sign-up-form"},{"type":"target","flow":"failed-submit-navigation-flow","target":"account-form"},{"type":"target","flow":"friend-posts-navigation-flow","target":"posts-list"},{"type":"target","flow":"keyword-data-flow","target":"users-list"},{"type":"target","flow":"list-to-result","target":"post-details"},{"type":"target","flow":"log-in-navigation-flow","target":"log-in-action"},{"type":"target","flow":"profile-friend-posts-navigation-flow","target":"posts-list"},{"type":"target","flow":"profile-friends-back-to-list-navigation-flow","target":"friends-view-container"},{"type":"target","flow":"profile-friends-cancel-confirmation-navigation-flow","target":"friends-view-container"},{"type":"target","flow":"profile-friends-delete-confirmation-navigation-flow","target":"profile-friends-delete-action"},{"type":"target","flow":"profile-friends-done-delete-navigation-flow","target":"friends-view-container"},{"type":"target","flow":"profile-posts-cancel-confirmation-navigation-flow","target":"profile-posts-view-container"},{"type":"target","flow":"profile-posts-delete-confirmation-navigation-flow","target":"profile-posts-delete-action"},{"type":"target","flow":"profile-posts-delete-navigation-flow","target":"profile-posts-delete-page-details"},{"type":"target","flow":"profile-posts-details-to-modify-navigation-flow","target":"profile-posts-post-form"},{"type":"target","flow":"profile-posts-display-navigation-flow","target":"profile-posts-post-details"},{"type":"target","flow":"profile-posts-done-create-modify-navigation-flow","target":"profile-posts-post-details"},{"type":"target","flow":"profile-posts-done-delete-navigation-flow","target":"profile-posts-view-container"},{"type":"target","flow":"profile-posts-failed-load-content-navigation-flow","target":"profile-posts-view-container"},{"type":"target","flow":"profile-posts-failed-submit-navigation-flow","target":"profile-posts-post-form"},{"type":"target","flow":"profile-posts-modify-navigation-flow","target":"profile-posts-load-content-action"},{"type":"target","flow":"profile-posts-submit-navigation-flow","target":"profile-posts-create-modify-action"},{"type":"target","flow":"profile-selected-friend-navigation-flow","target":"profile-friends-friend-details"},{"type":"target","flow":"registration-navigation-flow","target":"registration-action"},{"type":"target","flow":"remove-friend-navigation-flow","target":"remove-friend-action"},{"type":"target","flow":"search-back-navigation-flow","target":"search-view-container"},{"type":"target","flow":"search-navigation-flow","target":"users-list"},{"type":"target","flow":"search-selected-friend-navigation-flow","target":"user-details"},{"type":"target","flow":"submit-navigation-flow","target":"create-modify-action"},{"type":"target","flow":"to-log-in-navigation-flow","target":"log-in-view-container"},{"type":"target","flow":"to-sign-up-navigation-flow","target":"sign-up-view-container"}],"statistics":{"session":{"started_at":"2019-01-11T08:56:54.839Z","ended_at":"2019-01-11T09:04:43.248Z"}}}