{"elements":[{"id":"mails","type":"ifml.ViewContainer","attributes":{"name":"Mails","default":true,"landmark":false,"xor":false},"metadata":{"graphics":{"position":{"x":40,"y":100},"size":{"width":400,"height":260}}}},{"id":"mail","type":"ifml.ViewContainer","attributes":{"name":"Mail","default":false,"landmark":false,"xor":false},"metadata":{"graphics":{"position":{"x":230,"y":130},"size":{"width":200,"height":220}}}},{"id":"maillist","type":"ifml.ViewComponent","attributes":{"name":"MailList","stereotype":"list","collection":"mail","fields":["subject"],"filters":[]},"metadata":{"graphics":{"position":{"x":50,"y":160},"size":{"width":150,"height":60}}}},{"id":"attachlist","type":"ifml.ViewComponent","attributes":{"name":"AttachList","stereotype":"list","collection":"attachment","fields":["name"],"filters":["mail"]},"metadata":{"graphics":{"position":{"x":250,"y":260},"size":{"width":170,"height":60}}}},{"id":"mailcontent","type":"ifml.ViewComponent","attributes":{"name":"MailContent","stereotype":"details","collection":"mail","fields":["subject","body"]},"metadata":{"graphics":{"position":{"x":250,"y":160},"size":{"width":170,"height":60}}}},{"id":"maillist-selected","type":"ifml.Event","attributes":{"name":"selected","stereotype":"selection"},"metadata":{"graphics":{"position":{"x":190,"y":210},"name":{"horizontal":"right","vertical":"bottom"}}}},{"id":"attachlist-selected","type":"ifml.Event","attributes":{"name":"selected","stereotype":"selection"},"metadata":{"graphics":{"position":{"x":390,"y":310},"name":{"horizontal":"right","vertical":"bottom"}}}},{"id":"mailcontent-to-attachlist","type":"ifml.DataFlow","attributes":{"bindings":[{"output":"id","input":"mail"}]},"metadata":{}},{"id":"maillist-selected-to-mail","type":"ifml.NavigationFlow","attributes":{"bindings":[]},"metadata":{}},{"id":"maillist-to-mailcontent","type":"ifml.DataFlow","attributes":{"bindings":[{"output":"id","input":"id"}]},"metadata":{}}],"relations":[{"type":"hierarchy","parent":"mails","child":"mail"},{"type":"hierarchy","parent":"mails","child":"maillist"},{"type":"hierarchy","parent":"mail","child":"mailcontent"},{"type":"hierarchy","parent":"mail","child":"attachlist"},{"type":"hierarchy","parent":"maillist","child":"maillist-selected"},{"type":"hierarchy","parent":"attachlist","child":"attachlist-selected"},{"type":"source","flow":"mailcontent-to-attachlist","source":"mailcontent"},{"type":"target","flow":"mailcontent-to-attachlist","target":"attachlist"},{"type":"source","flow":"maillist-selected-to-mail","source":"maillist-selected"},{"type":"target","flow":"maillist-selected-to-mail","target":"mail"},{"type":"source","flow":"maillist-to-mailcontent","source":"maillist"},{"type":"target","flow":"maillist-to-mailcontent","target":"mailcontent"}]}