{"elements":[{"id":"mails","type":"ifml.ViewContainer","attributes":{"name":"Mails","default":true,"landmark":false,"xor":false},"metadata":{"graphics":{"position":{"x":40,"y":100},"size":{"width":180,"height":120}}}},{"id":"maillist","type":"ifml.ViewComponent","attributes":{"name":"MailList","stereotype":"list","collection":"mail","fields":["subject"],"filters":[]},"metadata":{"graphics":{"position":{"x":50,"y":130},"size":{"width":150,"height":60}}}},{"id":"maillist-selected","type":"ifml.Event","attributes":{"name":"selected","stereotype":"selection"},"metadata":{"graphics":{"position":{"x":190,"y":180},"name":{"horizontal":"right","vertical":"bottom"}}}},{"id":"mail","type":"ifml.ViewContainer","attributes":{"name":"Mail","default":false,"landmark":false,"xor":false},"metadata":{"graphics":{"position":{"x":260,"y":100},"size":{"width":210,"height":220}}}},{"id":"83c68d12-6492-4243-ab32-1b8eecd65084","type":"ifml.Event","attributes":{"name":"back"},"metadata":{"graphics":{"position":{"x":250,"y":130},"name":{"horizontal":"left-outer","vertical":"top"}}}},{"id":"attachlist","type":"ifml.ViewComponent","attributes":{"name":"AttachList","stereotype":"list","collection":"attachment","fields":["name"],"filters":["mail"]},"metadata":{"graphics":{"position":{"x":280,"y":230},"size":{"width":170,"height":60}}}},{"id":"mailcontent","type":"ifml.ViewComponent","attributes":{"name":"MailContent","stereotype":"details","collection":"mail","fields":["subject","body"]},"metadata":{"graphics":{"position":{"x":280,"y":130},"size":{"width":170,"height":60}}}},{"id":"attachlist-selected","type":"ifml.Event","attributes":{"name":"selected","stereotype":"selection"},"metadata":{"graphics":{"position":{"x":440,"y":280},"name":{"horizontal":"right","vertical":"bottom"}}}},{"id":"b88d8c87-b6cb-4f83-a46f-00c3c82aaf57","type":"ifml.NavigationFlow","attributes":{"bindings":[]},"metadata":{}},{"id":"mailcontent-to-attachlist","type":"ifml.DataFlow","attributes":{"bindings":[{"output":"id","input":"mail"}]},"metadata":{}},{"id":"maillist-selected-to-mail","type":"ifml.NavigationFlow","attributes":{"bindings":[{"input":"id","output":"id"}]},"metadata":{}}],"relations":[{"type":"hierarchy","parent":"mails","child":"maillist"},{"type":"hierarchy","parent":"maillist","child":"maillist-selected"},{"type":"hierarchy","parent":"mail","child":"83c68d12-6492-4243-ab32-1b8eecd65084"},{"type":"hierarchy","parent":"mail","child":"attachlist"},{"type":"hierarchy","parent":"mail","child":"mailcontent"},{"type":"hierarchy","parent":"attachlist","child":"attachlist-selected"},{"type":"source","flow":"b88d8c87-b6cb-4f83-a46f-00c3c82aaf57","source":"83c68d12-6492-4243-ab32-1b8eecd65084"},{"type":"target","flow":"b88d8c87-b6cb-4f83-a46f-00c3c82aaf57","target":"mails"},{"type":"source","flow":"mailcontent-to-attachlist","source":"mailcontent"},{"type":"target","flow":"mailcontent-to-attachlist","target":"attachlist"},{"type":"source","flow":"maillist-selected-to-mail","source":"maillist-selected"},{"type":"target","flow":"maillist-selected-to-mail","target":"mailcontent"}]}