{
   "elements":[
      {
         "attributes":{
            "name":"Faceted Search",
            "default":false,
            "landmark":false,
            "xor":false
         },
         "metadata":{
            "graphics":{
               "position":{
                  "x":0,
                  "y":0
               },
               "size":{
                  "height":370,
                  "width":710
               }
            }
         },
         "id":"faceted-search-pattern-view-container",
         "type":"ifml.ViewContainer"
      },
      {
         "attributes":{
            "name":"Xor",
            "default":false,
            "landmark":false,
            "xor":true
         },
         "metadata":{
            "graphics":{
               "position":{
                  "x":20,
                  "y":40
               },
               "size":{
                  "height":310,
                  "width":670
               }
            }
         },
         "id":"xor-view-container",
         "type":"ifml.ViewContainer"
      },
      {
         "attributes":{
            "name":"Search",
            "default":true,
            "landmark":true,
            "xor":false
         },
         "metadata":{
            "graphics":{
               "position":{
                  "x":40,
                  "y":80
               },
               "size":{
                  "height":250,
                  "width":410
               }
            }
         },
         "id":"search-view-container",
         "type":"ifml.ViewContainer"
      },
      {
         "attributes":{
            "name":"Result",
            "default":false,
            "landmark":false,
            "xor":false
         },
         "metadata":{
            "graphics":{
               "position":{
                  "x":480,
                  "y":80
               },
               "size":{
                  "height":150,
                  "width":190
               }
            }
         },
         "id":"details-view-container",
         "type":"ifml.ViewContainer"
      },
      {
         "attributes":{
            "name":"Results",
            "stereotype":"list",
            "fields":[

            ],
            "collection":"",
            "filters":[

            ]
         },
         "metadata":{
            "graphics":{
               "position":{
                  "x":280,
                  "y":120
               },
               "size":{
                  "height":90,
                  "width":150
               }
            }
         },
         "id":"results-list",
         "type":"ifml.ViewComponent"
      },
      {
         "attributes":{
            "name":"Keyword",
            "stereotype":"form",
            "fields":[

            ]
         },
         "metadata":{
            "graphics":{
               "position":{
                  "x":70,
                  "y":120
               },
               "size":{
                  "height":90,
                  "width":150
               }
            }
         },
         "id":"keyword-form",
         "type":"ifml.ViewComponent"
      },
      {
         "attributes":{
            "name":"Filters",
            "stereotype":"form",
            "fields":[

            ]
         },
         "metadata":{
            "graphics":{
               "position":{
                  "x":70,
                  "y":220
               },
               "size":{
                  "height":90,
                  "width":150
               }
            }
         },
         "id":"filters-form",
         "type":"ifml.ViewComponent"
      },
      {
         "attributes":{
            "name":"",
            "stereotype":"details",
            "fields":[

            ],
            "collection":""
         },
         "metadata":{
            "graphics":{
               "position":{
                  "x":500,
                  "y":120
               },
               "size":{
                  "height":90,
                  "width":150
               }
            }
         },
         "id":"selected-details",
         "type":"ifml.ViewComponent"
      },
      {
         "attributes":{
            "name":"Selected",
            "stereotype":"selection"
         },
         "metadata":{
            "graphics":{
               "position":{
                  "x":420,
                  "y":190
               },
               "name":{
                  "horizontal":"right",
                  "vertical":"bottom"
               }
            }
         },
         "id":"selected-product-event",
         "type":"ifml.Event"
      },
      {
         "attributes":{
            "bindings":[

            ]
         },
         "metadata":{
            "graphics":{
               "vertices":[
                  {
                     "x":370,
                     "y":260
                  }
               ]
            }
         },
         "id":"filters-data-flow",
         "type":"ifml.DataFlow"
      },
      {
         "attributes":{
            "bindings":[
               {
                  "input":"keyword",
                  "output":"keyword"
               }
            ]
         },
         "metadata":{
            "graphics":{

            }
         },
         "id":"keyword-data-flow",
         "type":"ifml.DataFlow"
      },
      {
         "attributes":{
            "bindings":[
               {
                  "input":"id",
                  "output":"id"
               }
            ]
         },
         "metadata":{
            "graphics":{

            }
         },
         "id":"selected-navigation-flow",
         "type":"ifml.NavigationFlow"
      },
      {
         "attributes":{
            "name":"Search"
         },
         "metadata":{
            "graphics":{
               "position":{
                  "x":330,
                  "y":320
               },
               "name":{
                  "horizontal":"middle",
                  "vertical":"top"
               }
            }
         },
         "id":"search-event",
         "type":"ifml.Event"
      },
      {
         "attributes":{
            "bindings":[

            ]
         },
         "metadata":{
            "graphics":{

            }
         },
         "id":"search-navigation-flow",
         "type":"ifml.NavigationFlow"
      }
   ],
   "relations":[
      {
         "type":"hierarchy",
         "parent":"faceted-search-pattern-view-container",
         "child":"xor-view-container"
      },
      {
         "type":"hierarchy",
         "parent":"xor-view-container",
         "child":"search-view-container"
      },
      {
         "type":"hierarchy",
         "parent":"xor-view-container",
         "child":"details-view-container"
      },
      {
         "type":"hierarchy",
         "parent":"search-view-container",
         "child":"results-list"
      },
      {
         "type":"hierarchy",
         "parent":"search-view-container",
         "child":"keyword-form"
      },
      {
         "type":"hierarchy",
         "parent":"search-view-container",
         "child":"filters-form"
      },
      {
         "type":"hierarchy",
         "parent":"details-view-container",
         "child":"selected-details"
      },
      {
         "type":"hierarchy",
         "parent":"results-list",
         "child":"selected-product-event"
      },
      {
         "type":"hierarchy",
         "parent":"search-view-container",
         "child":"search-event"
      },
      {
         "type":"source",
         "flow":"filters-data-flow",
         "source":"filters-form"
      },
      {
         "type":"source",
         "flow":"keyword-data-flow",
         "source":"keyword-form"
      },
      {
         "type":"source",
         "flow":"selected-navigation-flow",
         "source":"selected-product-event"
      },
      {
         "type":"source",
         "flow":"search-navigation-flow",
         "source":"search-event"
      },
      {
         "type":"target",
         "flow":"filters-data-flow",
         "target":"results-list"
      },
      {
         "type":"target",
         "flow":"keyword-data-flow",
         "target":"results-list"
      },
      {
         "type":"target",
         "flow":"selected-navigation-flow",
         "target":"selected-details"
      },
      {
         "type":"target",
         "flow":"search-navigation-flow",
         "target":"results-list"
      }
   ],
   "statistics":{
      "session":{
         "started_at":"2018-12-02T15:32:33.394Z",
         "ended_at":"2018-12-02T15:33:35.137Z"
      }
   }
}
