{"elements":[{"attributes":{"name":"Blog","default":true,"landmark":false,"xor":false},"metadata":{"graphics":{"position":{"x":-3450,"y":-3950},"size":{"height":1670,"width":1350}}},"id":"blog-view-container","type":"ifml.ViewContainer"},{"attributes":{"name":"Xor","default":false,"landmark":false,"xor":true},"metadata":{"graphics":{"position":{"x":-3430,"y":-3910},"size":{"height":1610,"width":1300}}},"id":"xor-view-container","type":"ifml.ViewContainer"},{"attributes":{"name":"Basic Search","default":true,"landmark":true,"xor":false},"metadata":{"graphics":{"position":{"x":-3410,"y":-3870},"size":{"height":840,"width":600}}},"id":"basic-search-pattern-view-container","type":"ifml.ViewContainer"},{"attributes":{"name":"Xor","default":false,"landmark":false,"xor":true},"metadata":{"graphics":{"position":{"x":-3390,"y":-3830},"size":{"height":780,"width":560}}},"id":"restricted-search-view-container","type":"ifml.ViewContainer"},{"attributes":{"name":"Master Detail Pattern","default":true,"landmark":false,"xor":false},"metadata":{"graphics":{"position":{"x":-3370,"y":-3800},"size":{"height":460,"width":520}}},"id":"worker-master-detail-pattern-view-container","type":"ifml.ViewContainer"},{"attributes":{"name":"Master Detail","default":false,"landmark":false,"xor":true},"metadata":{"graphics":{"position":{"x":-3350,"y":-3760},"size":{"height":400,"width":480}}},"id":"worker-master-detail-view-container","type":"ifml.ViewContainer"},{"attributes":{"name":"Results","default":true,"landmark":false,"xor":false},"metadata":{"graphics":{"position":{"x":-3330,"y":-3720},"size":{"height":130,"width":210}}},"id":"worker-results-view-container","type":"ifml.ViewContainer"},{"attributes":{"name":"Result","default":false,"landmark":false,"xor":false},"metadata":{"graphics":{"position":{"x":-3080,"y":-3720},"size":{"height":340,"width":190}}},"id":"result-view-container","type":"ifml.ViewContainer"},{"attributes":{"name":"Results","stereotype":"list","fields":[{"label":"name"},{"label":"state"}],"collection":"articles","filters":[]},"metadata":{"graphics":{"position":{"x":-3310,"y":-3680},"size":{"height":70,"width":170}}},"id":"worker-results-list","type":"ifml.ViewComponent"},{"attributes":{"name":"Comment Form","stereotype":"form","fields":[{"label":"title","value":"title","type":"text"},{"label":"id","value":"id","type":"hidden"},{"label":"content","value":"content","type":"textarea"}]},"metadata":{"graphics":{"position":{"x":-3060,"y":-3470},"size":{"height":60,"width":150}}},"id":"comments-comment-form","type":"ifml.ViewComponent"},{"attributes":{"name":"Comments","stereotype":"list","fields":[{"label":"author"},{"label":"title"},{"label":"content"}],"collection":"comments","filters":[{"label":"id"}]},"metadata":{"graphics":{"position":{"x":-3060,"y":-3560},"size":{"height":60,"width":150}}},"id":"comments-list","type":"ifml.ViewComponent"},{"attributes":{"name":"Result","stereotype":"details","fields":[{"label":"title"},{"label":"content"},{"label":"author"}],"collection":"results"},"metadata":{"graphics":{"position":{"x":-3060,"y":-3680},"size":{"height":90,"width":150}}},"id":"result-details","type":"ifml.ViewComponent"},{"attributes":{"name":"selected","stereotype":"selection"},"metadata":{"graphics":{"position":{"x":-3150,"y":-3630},"name":{"horizontal":"right","vertical":"bottom"}}},"id":"abc42140-c096-4223-9990-31b263786886","type":"ifml.Event"},{"attributes":{"name":"Send"},"metadata":{"graphics":{"position":{"x":-2920,"y":-3430},"name":{"horizontal":"middle","vertical":"bottom"}}},"id":"comments-send-event","type":"ifml.Event"},{"attributes":{"name":"Back","parameters":[{"label":"content-to-send"}],"results":[{"label":"id"},{"label":"content"},{"label":"title"}]},"metadata":{"graphics":{"position":{"x":-2750,"y":-3600},"size":{"height":50,"width":75},"parent":"xor-view-container"}},"id":"comments-back-to-details-action","type":"ifml.Action"},{"attributes":{"name":"Done"},"metadata":{"graphics":{"position":{"x":-2760,"y":-3580},"name":{"horizontal":"left-outer","vertical":"top"}}},"id":"comments-back-to-details-done","type":"ifml.Event"},{"attributes":{"name":"In-Place Log In","default":false,"landmark":false,"xor":false},"metadata":{"graphics":{"position":{"x":-2640,"y":-3870},"size":{"height":400,"width":480}}},"id":"in-place-log-in-view-container","type":"ifml.ViewContainer"},{"attributes":{"name":"Xor","default":false,"landmark":false,"xor":true},"metadata":{"graphics":{"position":{"x":-2620,"y":-3830},"size":{"height":330,"width":440}}},"id":"xor-in-place-log-in-view-container","type":"ifml.ViewContainer"},{"attributes":{"name":"Comments In-Place Log In","default":false,"landmark":false,"xor":false},"metadata":{"graphics":{"position":{"x":-2600,"y":-3790},"size":{"height":270,"width":400}}},"id":"comments-in-place-log-in-view-container","type":"ifml.ViewContainer"},{"attributes":{"name":"Send","parameters":[{"label":"content"},{"label":"title"},{"label":"id"}],"results":[{"label":"content"},{"label":"content-error"},{"label":"title"},{"label":"title-error"},{"label":"id"},{"label":"content-to-send"}]},"metadata":{"graphics":{"position":{"x":-2510,"y":-3590},"size":{"height":50,"width":100},"parent":"comments-in-place-log-in-view-container"}},"id":"comments-send-action","type":"ifml.Action"},{"attributes":{"name":"Log In & Send","parameters":[{"label":"username"},{"label":"password"},{"label":"content-to-send"}],"results":[{"label":"username"},{"label":"username-error"},{"label":"password"},{"label":"password-error"},{"label":"content-to-send"}]},"metadata":{"graphics":{"position":{"x":-2340,"y":-3710},"size":{"height":60,"width":125},"parent":"comments-in-place-log-in-view-container"}},"id":"comments-log-in-and-send-action","type":"ifml.Action"},{"attributes":{"name":"Modal In-Place Log In","default":false,"landmark":false,"xor":false},"metadata":{"graphics":{"position":{"x":-2580,"y":-3750},"size":{"height":120,"width":200}}},"id":"comments-in-place-login-modal-view-container","type":"ifml.ViewContainer"},{"attributes":{"name":"Log In"},"metadata":{"graphics":{"position":{"x":-2480,"y":-3600},"name":{"horizontal":"left-outer","vertical":"top"}}},"id":"comments-log-in-event","type":"ifml.Event"},{"attributes":{"name":"Done"},"metadata":{"graphics":{"position":{"x":-2420,"y":-3580},"name":{"horizontal":"middle","vertical":"top"}}},"id":"comments-done-logged-event","type":"ifml.Event"},{"attributes":{"name":"Failed"},"metadata":{"graphics":{"position":{"x":-2520,"y":-3560},"name":{"horizontal":"middle","vertical":"top"}}},"id":"comments-failed-logged-event","type":"ifml.Event"},{"attributes":{"name":"Failed"},"metadata":{"graphics":{"position":{"x":-2350,"y":-3710},"name":{"horizontal":"middle","vertical":"top"}}},"id":"comments-failed-log-in-event","type":"ifml.Event"},{"attributes":{"name":"Done"},"metadata":{"graphics":{"position":{"x":-2250,"y":-3720},"name":{"horizontal":"left-outer","vertical":"top"}}},"id":"comments-done-log-in-event","type":"ifml.Event"},{"attributes":{"name":"Log In","stereotype":"form","fields":[{"label":"username","value":"username","type":"text"},{"label":"password","value":"password","type":"password"},{"label":"content-to-send","value":"content-to-send","type":"hidden-object"}]},"metadata":{"graphics":{"position":{"x":-2560,"y":-3710},"size":{"height":60,"width":150}}},"id":"comments-log-in-form","type":"ifml.ViewComponent"},{"attributes":{"name":"Log In"},"metadata":{"graphics":{"position":{"x":-2420,"y":-3680},"name":{"horizontal":"middle","vertical":"top"}}},"id":"comments-log-in-and-create-event","type":"ifml.Event"},{"attributes":{"name":"Back"},"metadata":{"graphics":{"position":{"x":-2550,"y":-3660},"name":{"horizontal":"middle","vertical":"top"}}},"id":"comments-back-event","type":"ifml.Event"},{"attributes":{"name":"Search","default":false,"landmark":true,"xor":false},"metadata":{"graphics":{"position":{"x":-3370,"y":-3320},"size":{"height":250,"width":410}}},"id":"search-view-container","type":"ifml.ViewContainer"},{"attributes":{"name":"Results","stereotype":"list","fields":[{"label":"name"}],"collection":"results","filters":[{"label":"key"}]},"metadata":{"graphics":{"position":{"x":-3130,"y":-3290},"size":{"height":90,"width":150}}},"id":"results-list","type":"ifml.ViewComponent"},{"attributes":{"name":"Keyword","stereotype":"form","fields":[{"label":"key","value":"key","type":"text"}]},"metadata":{"graphics":{"position":{"x":-3350,"y":-3290},"size":{"height":90,"width":150}}},"id":"keyword-form","type":"ifml.ViewComponent"},{"attributes":{"name":"Search"},"metadata":{"graphics":{"position":{"x":-3050,"y":-3080},"name":{"horizontal":"middle","vertical":"top"}}},"id":"search-event","type":"ifml.Event"},{"attributes":{"name":"Selected","stereotype":"selection"},"metadata":{"graphics":{"position":{"x":-2990,"y":-3220},"name":{"horizontal":"right","vertical":"bottom"}}},"id":"selected-product-event","type":"ifml.Event"},{"attributes":{"name":"Sign up and Log In Pattern","default":false,"landmark":true,"xor":false},"metadata":{"graphics":{"position":{"x":-2780,"y":-3400},"size":{"height":370,"width":490}}},"id":"sign-up-and-log-in-pattern-view-container","type":"ifml.ViewContainer"},{"attributes":{"name":"Log In","parameters":[{"label":"username"},{"label":"password"}],"results":[{"label":"username"},{"label":"username-error"},{"label":"password"},{"label":"password-error"}]},"metadata":{"graphics":{"position":{"x":-2690,"y":-3130},"size":{"height":80,"width":115},"parent":"sign-up-and-log-in-pattern-view-container"}},"id":"log-in-action","type":"ifml.Action"},{"attributes":{"name":"Registration","parameters":[{"label":"name"},{"label":"surname"},{"label":"username"},{"label":"password"}],"results":[{"label":"name"},{"label":"name-error"},{"label":"surname"},{"label":"surname-error"},{"label":"username"},{"label":"username-error"},{"label":"password"},{"label":"password-error"}]},"metadata":{"graphics":{"position":{"x":-2500,"y":-3130},"size":{"height":80,"width":160},"parent":"sign-up-and-log-in-pattern-view-container"}},"id":"registration-action","type":"ifml.Action"},{"attributes":{"name":"Sign Up and Log In","default":false,"landmark":false,"xor":true},"metadata":{"graphics":{"position":{"x":-2760,"y":-3360},"size":{"height":200,"width":450}}},"id":"sign-up-and-log-in-view-container","type":"ifml.ViewContainer"},{"attributes":{"name":"Done"},"metadata":{"graphics":{"position":{"x":-2700,"y":-3100},"name":{"horizontal":"middle","vertical":"top"}}},"id":"done-log-in-event","type":"ifml.Event"},{"attributes":{"name":"Failed"},"metadata":{"graphics":{"position":{"x":-2620,"y":-3140},"name":{"horizontal":"middle","vertical":"bottom"}}},"id":"failed-log-in-event","type":"ifml.Event"},{"attributes":{"name":"Done"},"metadata":{"graphics":{"position":{"x":-2510,"y":-3120},"name":{"horizontal":"middle","vertical":"top"}}},"id":"done-registration-event","type":"ifml.Event"},{"attributes":{"name":"Registration"},"metadata":{"graphics":{"position":{"x":-2400,"y":-3140},"name":{"horizontal":"middle","vertical":"bottom"}}},"id":"failed-registration-event","type":"ifml.Event"},{"attributes":{"name":"Log In","default":true,"landmark":false,"xor":false},"metadata":{"graphics":{"position":{"x":-2740,"y":-3320},"size":{"height":140,"width":190}}},"id":"log-in-view-container","type":"ifml.ViewContainer"},{"attributes":{"name":"Sign Up","default":false,"landmark":false,"xor":false},"metadata":{"graphics":{"position":{"x":-2520,"y":-3320},"size":{"height":140,"width":190}}},"id":"sign-up-view-container","type":"ifml.ViewContainer"},{"attributes":{"name":"Log In Form","stereotype":"form","fields":[{"label":"username","value":"username","type":"text"},{"label":"password","value":"password","type":"password"}]},"metadata":{"graphics":{"position":{"x":-2720,"y":-3280},"size":{"height":80,"width":150}}},"id":"log-in-form","type":"ifml.ViewComponent"},{"attributes":{"name":"Sign Up Form","stereotype":"form","fields":[{"label":"name","value":"name","type":"text"},{"label":"surname","value":"surname","type":"text"},{"label":"username","value":"username","type":"text"},{"label":"password","value":"password","type":"password"}]},"metadata":{"graphics":{"position":{"x":-2500,"y":-3280},"size":{"height":80,"width":150}}},"id":"sign-up-form","type":"ifml.ViewComponent"},{"attributes":{"name":"Sign Up"},"metadata":{"graphics":{"position":{"x":-2580,"y":-3280},"name":{"horizontal":"middle","vertical":"top"}}},"id":"sign-up-event","type":"ifml.Event"},{"attributes":{"name":"Log In"},"metadata":{"graphics":{"position":{"x":-2670,"y":-3210},"name":{"horizontal":"middle","vertical":"top"}}},"id":"log-in-event","type":"ifml.Event"},{"attributes":{"name":"Log In"},"metadata":{"graphics":{"position":{"x":-2510,"y":-3250},"name":{"horizontal":"middle","vertical":"top"}}},"id":"back-to-log-in-event","type":"ifml.Event"},{"attributes":{"name":"Registration"},"metadata":{"graphics":{"position":{"x":-2450,"y":-3210},"name":{"horizontal":"middle","vertical":"top"}}},"id":"registration-event","type":"ifml.Event"},{"attributes":{"name":"Profile","default":false,"landmark":true,"xor":false},"metadata":{"graphics":{"position":{"x":-3410,"y":-2990},"size":{"height":670,"width":1120}}},"id":"profile-view-container","type":"ifml.ViewContainer"},{"attributes":{"name":"Xor","default":false,"landmark":false,"xor":true},"metadata":{"graphics":{"position":{"x":-3390,"y":-2950},"size":{"height":610,"width":1080}}},"id":"xor-profile-view-container","type":"ifml.ViewContainer"},{"attributes":{"name":"Content Management Pattern","default":true,"landmark":true,"xor":false},"metadata":{"graphics":{"position":{"x":-3360,"y":-2900},"size":{"height":540,"width":540}}},"id":"content-management-pattern-view-container","type":"ifml.ViewContainer"},{"attributes":{"name":"Content Management Pattern","default":false,"landmark":true,"xor":false},"metadata":{"graphics":{"position":{"x":-2800,"y":-2900},"size":{"height":540,"width":460}}},"id":"favorite-content-management-pattern-view-container","type":"ifml.ViewContainer"},{"attributes":{"name":"Xor Account Content Management","default":false,"landmark":false,"xor":true},"metadata":{"graphics":{"position":{"x":-3340,"y":-2860},"size":{"height":480,"width":500}}},"id":"xor-account-content-management-view-container","type":"ifml.ViewContainer"},{"attributes":{"name":"Favorite Content Management","default":false,"landmark":false,"xor":true},"metadata":{"graphics":{"position":{"x":-2780,"y":-2860},"size":{"height":480,"width":410}}},"id":"favorite-content-management-view-container","type":"ifml.ViewContainer"},{"attributes":{"name":"Create or Modify","parameters":[{"label":"id"},{"label":"name"},{"label":"surname"},{"label":"username"},{"label":"password"}],"results":[{"label":"id"},{"label":"name"},{"label":"name-error"},{"label":"surname"},{"label":"surname-error"},{"label":"username"},{"label":"username-error"},{"label":"password"},{"label":"password-error"}]},"metadata":{"graphics":{"position":{"x":-3210,"y":-2570},"size":{"height":60,"width":120},"parent":"xor-account-content-management-view-container"}},"id":"create-modify-action","type":"ifml.Action"},{"attributes":{"name":"Account","default":false,"landmark":true,"xor":false},"metadata":{"graphics":{"position":{"x":-3320,"y":-2800},"size":{"height":150,"width":200}}},"id":"account-view-container","type":"ifml.ViewContainer"},{"attributes":{"name":"Account","default":true,"landmark":true,"xor":false},"metadata":{"graphics":{"position":{"x":-3100,"y":-2800},"size":{"height":150,"width":240}}},"id":"account-view-container-1","type":"ifml.ViewContainer"},{"attributes":{"name":"Delete","parameters":[{"label":"id"}],"results":[]},"metadata":{"graphics":{"position":{"x":-2470,"y":-2510},"size":{"height":50,"width":75},"parent":"favorite-content-management-view-container"}},"id":"favorite-delete-action","type":"ifml.Action"},{"attributes":{"name":"Modal Confirmation","default":false,"landmark":false,"xor":false},"metadata":{"graphics":{"position":{"x":-2710,"y":-2620},"size":{"height":160,"width":210}}},"id":"favorite-modal-confirmation-view-container","type":"ifml.ViewContainer"},{"attributes":{"name":"Favorite","default":true,"landmark":true,"xor":false},"metadata":{"graphics":{"position":{"x":-2700,"y":-2810},"size":{"height":150,"width":220}}},"id":"favorite-view-container","type":"ifml.ViewContainer"},{"attributes":{"name":"Done"},"metadata":{"graphics":{"position":{"x":-3100,"y":-2570},"name":{"horizontal":"middle","vertical":"top"}}},"id":"done-create-modify-event","type":"ifml.Event"},{"attributes":{"name":"Failed"},"metadata":{"graphics":{"position":{"x":-3200,"y":-2580},"name":{"horizontal":"left-outer","vertical":"top"}}},"id":"failed-create-modify-event","type":"ifml.Event"},{"attributes":{"name":"Account","stereotype":"form","fields":[{"label":"id","value":"id","type":"text"},{"label":"name","value":"name","type":"text"},{"label":"surname","value":"surname","type":"text"},{"label":"username","value":"username","type":"text"},{"label":"password","value":"password","type":"password"}]},"metadata":{"graphics":{"position":{"x":-3300,"y":-2740},"size":{"height":70,"width":150}}},"id":"account-form","type":"ifml.ViewComponent"},{"attributes":{"name":"Account","stereotype":"details","fields":[{"label":"name"},{"label":"surname"},{"label":"username"},{"label":"password"}],"collection":"account"},"metadata":{"graphics":{"position":{"x":-3040,"y":-2730},"size":{"height":60,"width":170}}},"id":"account-details","type":"ifml.ViewComponent"},{"attributes":{"name":"Done"},"metadata":{"graphics":{"position":{"x":-2440,"y":-2520},"name":{"horizontal":"left-outer","vertical":"top"}}},"id":"favorite-done-delete-event","type":"ifml.Event"},{"attributes":{"name":"Cancel"},"metadata":{"graphics":{"position":{"x":-2650,"y":-2470},"name":{"horizontal":"middle","vertical":"top"}}},"id":"favorite-cancel-confirmation-event","type":"ifml.Event"},{"attributes":{"name":"Delete Page","stereotype":"details","fields":[],"collection":"favorite"},"metadata":{"graphics":{"position":{"x":-2690,"y":-2550},"size":{"height":60,"width":150}}},"id":"favorite-delete-page-details","type":"ifml.ViewComponent"},{"attributes":{"name":"Favorite","stereotype":"list","fields":[{"label":"title"},{"label":"preview"}],"collection":"favorite","filters":[]},"metadata":{"graphics":{"position":{"x":-2680,"y":-2780},"size":{"height":60,"width":180}}},"id":"favorite-list","type":"ifml.ViewComponent"},{"attributes":{"name":"Submit"},"metadata":{"graphics":{"position":{"x":-3180,"y":-2680},"name":{"horizontal":"middle","vertical":"top"}}},"id":"submit-event","type":"ifml.Event"},{"attributes":{"name":"Modify"},"metadata":{"graphics":{"position":{"x":-3050,"y":-2720},"name":{"horizontal":"left-outer","vertical":"top"}}},"id":"modify-page-event","type":"ifml.Event"},{"attributes":{"name":"Delete"},"metadata":{"graphics":{"position":{"x":-2550,"y":-2510},"name":{"horizontal":"middle","vertical":"top"}}},"id":"favorite-delete-confirmation-event","type":"ifml.Event"},{"attributes":{"name":"Delete"},"metadata":{"graphics":{"position":{"x":-2620,"y":-2730},"name":{"horizontal":"left-outer","vertical":"bottom"}}},"id":"favorite-delete-event","type":"ifml.Event"},{"attributes":{"name":"Display"},"metadata":{"graphics":{"position":{"x":-2510,"y":-2770},"name":{"horizontal":"middle","vertical":"top"}}},"id":"favorite-display-event","type":"ifml.Event"},{"attributes":{"bindings":[{"input":"content-to-send","output":"content-to-send"}]},"metadata":{"graphics":{"vertices":[{"x":-2540,"y":-3580}]}},"id":"comments-back-navigation-flow","type":"ifml.NavigationFlow"},{"attributes":{"bindings":[{"input":"id","output":"id"}]},"metadata":{"graphics":{"vertices":[{"x":-2750,"y":-3640}]}},"id":"comments-back-to-details-navigation-flow","type":"ifml.NavigationFlow"},{"attributes":{"bindings":[{"input":"id","output":"id"}]},"metadata":{"graphics":{"vertices":[{"x":-2240,"y":-3840},{"x":-3010,"y":-3840}]}},"id":"comments-done-log-in-and-send-navigation-flow","type":"ifml.NavigationFlow"},{"attributes":{"bindings":[{"input":"id","output":"id"}]},"metadata":{"graphics":{"vertices":[{"x":-2410,"y":-3820},{"x":-3020,"y":-3820}]}},"id":"comments-done-log-in-navigation-flow","type":"ifml.NavigationFlow"},{"attributes":{"bindings":[{"input":"username","output":"username"},{"input":"username-error","output":"username-error"},{"input":"password","output":"password"},{"input":"password-error","output":"password-error"},{"input":"content-to-send","output":"content-to-send"}]},"metadata":{"graphics":{}},"id":"comments-failed-log-in-navigation-flow","type":"ifml.NavigationFlow"},{"attributes":{"bindings":[{"input":"content","output":"content"},{"input":"content-error","output":"content-error"},{"input":"id","output":"id"},{"input":"title","output":"title"},{"input":"title-error","output":"title-error"}]},"metadata":{"graphics":{"vertices":[{"x":-2510,"y":-3440}]}},"id":"comments-failed-send-navigation-flow","type":"ifml.NavigationFlow"},{"attributes":{"bindings":[{"input":"id","output":"id"}]},"metadata":{"graphics":{"vertices":[{"x":-2860,"y":-3600},{"x":-2860,"y":-3450}]}},"id":"comments-form-data-flow","type":"ifml.DataFlow"},{"attributes":{"bindings":[{"input":"content-to-send","output":"content-to-send"}]},"metadata":{"graphics":{"vertices":[]}},"id":"comments-in-place-log-in-navigation-flow","type":"ifml.NavigationFlow"},{"attributes":{"bindings":[{"input":"id","output":"id"}]},"metadata":{"graphics":{}},"id":"comments-list-data-flow","type":"ifml.DataFlow"},{"attributes":{"bindings":[{"input":"username","output":"username"},{"input":"password","output":"password"},{"input":"content-to-send","output":"content-to-send"}]},"metadata":{"graphics":{}},"id":"comments-log-in-navigation-flow","type":"ifml.NavigationFlow"},{"attributes":{"bindings":[{"input":"content","output":"content"},{"input":"title","output":"title"},{"input":"id","output":"id"}]},"metadata":{"graphics":{"vertices":[{"x":-2460,"y":-3420}]}},"id":"comments-send-navigation-flow","type":"ifml.NavigationFlow"},{"attributes":{"bindings":[{"input":"id","output":"id"},{"input":"name","output":"name"},{"input":"surname","output":"surname"},{"input":"username","output":"username"},{"input":"password","output":"password"}]},"metadata":{"graphics":{}},"id":"details-to-modify-navigation-flow","type":"ifml.NavigationFlow"},{"attributes":{"bindings":[{"input":"id","output":"id"}]},"metadata":{"graphics":{"vertices":[{"x":-2890,"y":-2560}]}},"id":"done-create-modify-navigation-flow","type":"ifml.NavigationFlow"},{"attributes":{"bindings":[]},"metadata":{"graphics":{"vertices":[{"x":-2690,"y":-2730}]}},"id":"done-log-in-navigation-flow","type":"ifml.NavigationFlow"},{"attributes":{"bindings":[]},"metadata":{"graphics":{"vertices":[{"x":-2560,"y":-3110}]}},"id":"done-registration-navigation-flow","type":"ifml.NavigationFlow"},{"attributes":{"bindings":[{"input":"username","output":"username"},{"input":"username-error","output":"username-error"},{"input":"password","output":"password"},{"input":"password-error","output":"password-error"}]},"metadata":{"graphics":{"vertices":[]}},"id":"failed-log-in-navigation-flow","type":"ifml.NavigationFlow"},{"attributes":{"bindings":[{"input":"name","output":"name"},{"input":"name-error","output":"name-error"},{"input":"surname","output":"surname"},{"input":"surname-error","output":"surname-error"},{"input":"username","output":"username"},{"input":"username-error","output":"username-error"},{"input":"password","output":"password"},{"input":"password-error","output":"password-error"}]},"metadata":{"graphics":{"vertices":[]}},"id":"failed-registration-navigation-flow","type":"ifml.NavigationFlow"},{"attributes":{"bindings":[{"input":"id","output":"id"},{"input":"name","output":"name"},{"input":"name-error","output":"name-error"},{"input":"surname","output":"surname"},{"input":"surname-error","output":"surname-error"},{"input":"username","output":"username"},{"input":"username-error","output":"username-error"},{"input":"password","output":"password"},{"input":"password-error","output":"password-error"}]},"metadata":{"graphics":{"vertices":[]}},"id":"failed-submit-navigation-flow","type":"ifml.NavigationFlow"},{"attributes":{"bindings":[]},"metadata":{"graphics":{"vertices":[{"x":-2640,"y":-2430},{"x":-2760,"y":-2430},{"x":-2760,"y":-2750}]}},"id":"favorite-cancel-delete-event","type":"ifml.NavigationFlow"},{"attributes":{"bindings":[{"input":"id","output":"id"}]},"metadata":{"graphics":{}},"id":"favorite-delete-confirmation-navigation-flow","type":"ifml.NavigationFlow"},{"attributes":{"bindings":[{"input":"id","output":"id"}]},"metadata":{"graphics":{"vertices":[]}},"id":"favorite-delete-navigation-flow","type":"ifml.NavigationFlow"},{"attributes":{"bindings":[{"input":"id","output":"id"}]},"metadata":{"graphics":{"vertices":[{"x":-2500,"y":-3010},{"x":-3010,"y":-3010}]}},"id":"favorite-display-navigation-flow","type":"ifml.NavigationFlow"},{"attributes":{"bindings":[]},"metadata":{"graphics":{"vertices":[{"x":-2430,"y":-2630},{"x":-2570,"y":-2630}]}},"id":"favorite-done-delete-navigation-flow","type":"ifml.NavigationFlow"},{"attributes":{"bindings":[{"input":"key","output":"key"}]},"metadata":{"graphics":{}},"id":"keyword-data-flow","type":"ifml.DataFlow"},{"attributes":{"bindings":[{"input":"username","output":"username"},{"input":"password","output":"password"}]},"metadata":{"graphics":{}},"id":"log-in-navigation-flow","type":"ifml.NavigationFlow"},{"attributes":{"bindings":[{"input":"name","output":"name"},{"input":"surname","output":"surname"},{"input":"username","output":"username"},{"input":"password","output":"password"}]},"metadata":{"graphics":{"vertices":[]}},"id":"registration-navigation-flow","type":"ifml.NavigationFlow"},{"attributes":{"bindings":[]},"metadata":{"graphics":{"vertices":[{"x":-3040,"y":-3100}]}},"id":"search-navigation-flow","type":"ifml.NavigationFlow"},{"attributes":{"bindings":[{"input":"id","output":"id"}]},"metadata":{"graphics":{"vertices":[{"x":-2940,"y":-3210}]}},"id":"selected-product-navigation-flow","type":"ifml.NavigationFlow"},{"attributes":{"bindings":[{"input":"id","output":"id"},{"input":"name","output":"name"},{"input":"surname","output":"surname"},{"input":"username","output":"username"},{"input":"password","output":"password"}]},"metadata":{"graphics":{}},"id":"submit-navigation-flow","type":"ifml.NavigationFlow"},{"attributes":{"bindings":[]},"metadata":{"graphics":{"vertices":[]}},"id":"to-log-in-navigation-flow","type":"ifml.NavigationFlow"},{"attributes":{"bindings":[]},"metadata":{"graphics":{}},"id":"to-sign-up-navigation-flow","type":"ifml.NavigationFlow"},{"attributes":{"bindings":[{"input":"id","output":"id"}]},"metadata":{"graphics":{}},"id":"worker-selected-step-3-navigation-flow","type":"ifml.NavigationFlow"}],"relations":[{"type":"hierarchy","parent":"blog-view-container","child":"xor-view-container"},{"type":"hierarchy","parent":"xor-view-container","child":"basic-search-pattern-view-container"},{"type":"hierarchy","parent":"basic-search-pattern-view-container","child":"restricted-search-view-container"},{"type":"hierarchy","parent":"restricted-search-view-container","child":"worker-master-detail-pattern-view-container"},{"type":"hierarchy","parent":"worker-master-detail-pattern-view-container","child":"worker-master-detail-view-container"},{"type":"hierarchy","parent":"worker-master-detail-view-container","child":"worker-results-view-container"},{"type":"hierarchy","parent":"worker-master-detail-view-container","child":"result-view-container"},{"type":"hierarchy","parent":"worker-results-view-container","child":"worker-results-list"},{"type":"hierarchy","parent":"result-view-container","child":"comments-comment-form"},{"type":"hierarchy","parent":"result-view-container","child":"comments-list"},{"type":"hierarchy","parent":"result-view-container","child":"result-details"},{"type":"hierarchy","parent":"worker-results-list","child":"abc42140-c096-4223-9990-31b263786886"},{"type":"hierarchy","parent":"comments-comment-form","child":"comments-send-event"},{"type":"hierarchy","parent":"comments-back-to-details-action","child":"comments-back-to-details-done"},{"type":"hierarchy","parent":"xor-view-container","child":"in-place-log-in-view-container"},{"type":"hierarchy","parent":"in-place-log-in-view-container","child":"xor-in-place-log-in-view-container"},{"type":"hierarchy","parent":"xor-in-place-log-in-view-container","child":"comments-in-place-log-in-view-container"},{"type":"hierarchy","parent":"comments-in-place-log-in-view-container","child":"comments-in-place-login-modal-view-container"},{"type":"hierarchy","parent":"comments-send-action","child":"comments-log-in-event"},{"type":"hierarchy","parent":"comments-send-action","child":"comments-done-logged-event"},{"type":"hierarchy","parent":"comments-send-action","child":"comments-failed-logged-event"},{"type":"hierarchy","parent":"comments-log-in-and-send-action","child":"comments-failed-log-in-event"},{"type":"hierarchy","parent":"comments-log-in-and-send-action","child":"comments-done-log-in-event"},{"type":"hierarchy","parent":"comments-in-place-login-modal-view-container","child":"comments-log-in-form"},{"type":"hierarchy","parent":"comments-log-in-form","child":"comments-log-in-and-create-event"},{"type":"hierarchy","parent":"comments-log-in-form","child":"comments-back-event"},{"type":"hierarchy","parent":"restricted-search-view-container","child":"search-view-container"},{"type":"hierarchy","parent":"search-view-container","child":"results-list"},{"type":"hierarchy","parent":"search-view-container","child":"keyword-form"},{"type":"hierarchy","parent":"search-view-container","child":"search-event"},{"type":"hierarchy","parent":"results-list","child":"selected-product-event"},{"type":"hierarchy","parent":"xor-view-container","child":"sign-up-and-log-in-pattern-view-container"},{"type":"hierarchy","parent":"sign-up-and-log-in-pattern-view-container","child":"sign-up-and-log-in-view-container"},{"type":"hierarchy","parent":"log-in-action","child":"done-log-in-event"},{"type":"hierarchy","parent":"log-in-action","child":"failed-log-in-event"},{"type":"hierarchy","parent":"registration-action","child":"done-registration-event"},{"type":"hierarchy","parent":"registration-action","child":"failed-registration-event"},{"type":"hierarchy","parent":"sign-up-and-log-in-view-container","child":"log-in-view-container"},{"type":"hierarchy","parent":"sign-up-and-log-in-view-container","child":"sign-up-view-container"},{"type":"hierarchy","parent":"log-in-view-container","child":"log-in-form"},{"type":"hierarchy","parent":"sign-up-view-container","child":"sign-up-form"},{"type":"hierarchy","parent":"log-in-form","child":"sign-up-event"},{"type":"hierarchy","parent":"log-in-form","child":"log-in-event"},{"type":"hierarchy","parent":"sign-up-form","child":"back-to-log-in-event"},{"type":"hierarchy","parent":"sign-up-form","child":"registration-event"},{"type":"hierarchy","parent":"xor-view-container","child":"profile-view-container"},{"type":"hierarchy","parent":"profile-view-container","child":"xor-profile-view-container"},{"type":"hierarchy","parent":"xor-profile-view-container","child":"content-management-pattern-view-container"},{"type":"hierarchy","parent":"xor-profile-view-container","child":"favorite-content-management-pattern-view-container"},{"type":"hierarchy","parent":"content-management-pattern-view-container","child":"xor-account-content-management-view-container"},{"type":"hierarchy","parent":"favorite-content-management-pattern-view-container","child":"favorite-content-management-view-container"},{"type":"hierarchy","parent":"xor-account-content-management-view-container","child":"account-view-container"},{"type":"hierarchy","parent":"xor-account-content-management-view-container","child":"account-view-container-1"},{"type":"hierarchy","parent":"favorite-content-management-view-container","child":"favorite-modal-confirmation-view-container"},{"type":"hierarchy","parent":"favorite-content-management-view-container","child":"favorite-view-container"},{"type":"hierarchy","parent":"create-modify-action","child":"done-create-modify-event"},{"type":"hierarchy","parent":"create-modify-action","child":"failed-create-modify-event"},{"type":"hierarchy","parent":"account-view-container","child":"account-form"},{"type":"hierarchy","parent":"account-view-container-1","child":"account-details"},{"type":"hierarchy","parent":"favorite-delete-action","child":"favorite-done-delete-event"},{"type":"hierarchy","parent":"favorite-modal-confirmation-view-container","child":"favorite-cancel-confirmation-event"},{"type":"hierarchy","parent":"favorite-modal-confirmation-view-container","child":"favorite-delete-page-details"},{"type":"hierarchy","parent":"favorite-view-container","child":"favorite-list"},{"type":"hierarchy","parent":"account-form","child":"submit-event"},{"type":"hierarchy","parent":"account-details","child":"modify-page-event"},{"type":"hierarchy","parent":"favorite-delete-page-details","child":"favorite-delete-confirmation-event"},{"type":"hierarchy","parent":"favorite-list","child":"favorite-delete-event"},{"type":"hierarchy","parent":"favorite-list","child":"favorite-display-event"},{"type":"source","flow":"comments-back-navigation-flow","source":"comments-back-event"},{"type":"source","flow":"comments-back-to-details-navigation-flow","source":"comments-back-to-details-done"},{"type":"source","flow":"comments-done-log-in-and-send-navigation-flow","source":"comments-done-log-in-event"},{"type":"source","flow":"comments-done-log-in-navigation-flow","source":"comments-done-logged-event"},{"type":"source","flow":"comments-failed-log-in-navigation-flow","source":"comments-failed-log-in-event"},{"type":"source","flow":"comments-failed-send-navigation-flow","source":"comments-failed-logged-event"},{"type":"source","flow":"comments-form-data-flow","source":"result-details"},{"type":"source","flow":"comments-in-place-log-in-navigation-flow","source":"comments-log-in-event"},{"type":"source","flow":"comments-list-data-flow","source":"result-details"},{"type":"source","flow":"comments-log-in-navigation-flow","source":"comments-log-in-and-create-event"},{"type":"source","flow":"comments-send-navigation-flow","source":"comments-send-event"},{"type":"source","flow":"details-to-modify-navigation-flow","source":"modify-page-event"},{"type":"source","flow":"done-create-modify-navigation-flow","source":"done-create-modify-event"},{"type":"source","flow":"done-log-in-navigation-flow","source":"done-log-in-event"},{"type":"source","flow":"done-registration-navigation-flow","source":"done-registration-event"},{"type":"source","flow":"failed-log-in-navigation-flow","source":"failed-log-in-event"},{"type":"source","flow":"failed-registration-navigation-flow","source":"failed-registration-event"},{"type":"source","flow":"failed-submit-navigation-flow","source":"failed-create-modify-event"},{"type":"source","flow":"favorite-cancel-delete-event","source":"favorite-cancel-confirmation-event"},{"type":"source","flow":"favorite-delete-confirmation-navigation-flow","source":"favorite-delete-confirmation-event"},{"type":"source","flow":"favorite-delete-navigation-flow","source":"favorite-delete-event"},{"type":"source","flow":"favorite-display-navigation-flow","source":"favorite-display-event"},{"type":"source","flow":"favorite-done-delete-navigation-flow","source":"favorite-done-delete-event"},{"type":"source","flow":"keyword-data-flow","source":"keyword-form"},{"type":"source","flow":"log-in-navigation-flow","source":"log-in-event"},{"type":"source","flow":"registration-navigation-flow","source":"registration-event"},{"type":"source","flow":"search-navigation-flow","source":"search-event"},{"type":"source","flow":"selected-product-navigation-flow","source":"selected-product-event"},{"type":"source","flow":"submit-navigation-flow","source":"submit-event"},{"type":"source","flow":"to-log-in-navigation-flow","source":"back-to-log-in-event"},{"type":"source","flow":"to-sign-up-navigation-flow","source":"sign-up-event"},{"type":"source","flow":"worker-selected-step-3-navigation-flow","source":"abc42140-c096-4223-9990-31b263786886"},{"type":"target","flow":"comments-back-navigation-flow","target":"comments-back-to-details-action"},{"type":"target","flow":"comments-back-to-details-navigation-flow","target":"result-details"},{"type":"target","flow":"comments-done-log-in-and-send-navigation-flow","target":"result-details"},{"type":"target","flow":"comments-done-log-in-navigation-flow","target":"result-details"},{"type":"target","flow":"comments-failed-log-in-navigation-flow","target":"comments-log-in-form"},{"type":"target","flow":"comments-failed-send-navigation-flow","target":"comments-comment-form"},{"type":"target","flow":"comments-form-data-flow","target":"comments-comment-form"},{"type":"target","flow":"comments-in-place-log-in-navigation-flow","target":"comments-log-in-form"},{"type":"target","flow":"comments-list-data-flow","target":"comments-list"},{"type":"target","flow":"comments-log-in-navigation-flow","target":"comments-log-in-and-send-action"},{"type":"target","flow":"comments-send-navigation-flow","target":"comments-send-action"},{"type":"target","flow":"details-to-modify-navigation-flow","target":"account-form"},{"type":"target","flow":"done-create-modify-navigation-flow","target":"account-details"},{"type":"target","flow":"done-log-in-navigation-flow","target":"xor-profile-view-container"},{"type":"target","flow":"done-registration-navigation-flow","target":"log-in-view-container"},{"type":"target","flow":"failed-log-in-navigation-flow","target":"log-in-form"},{"type":"target","flow":"failed-registration-navigation-flow","target":"sign-up-form"},{"type":"target","flow":"failed-submit-navigation-flow","target":"account-form"},{"type":"target","flow":"favorite-cancel-delete-event","target":"favorite-view-container"},{"type":"target","flow":"favorite-delete-confirmation-navigation-flow","target":"favorite-delete-action"},{"type":"target","flow":"favorite-delete-navigation-flow","target":"favorite-delete-page-details"},{"type":"target","flow":"favorite-display-navigation-flow","target":"result-details"},{"type":"target","flow":"favorite-done-delete-navigation-flow","target":"favorite-view-container"},{"type":"target","flow":"keyword-data-flow","target":"results-list"},{"type":"target","flow":"log-in-navigation-flow","target":"log-in-action"},{"type":"target","flow":"registration-navigation-flow","target":"registration-action"},{"type":"target","flow":"search-navigation-flow","target":"results-list"},{"type":"target","flow":"selected-product-navigation-flow","target":"result-details"},{"type":"target","flow":"submit-navigation-flow","target":"create-modify-action"},{"type":"target","flow":"to-log-in-navigation-flow","target":"log-in-view-container"},{"type":"target","flow":"to-sign-up-navigation-flow","target":"sign-up-view-container"},{"type":"target","flow":"worker-selected-step-3-navigation-flow","target":"result-details"}],"statistics":{"session":{"started_at":"2019-01-11T06:39:48.632Z","ended_at":"2019-01-11T06:45:02.332Z"}}}