{"elements":[{"attributes":{"name":"Crowdsourcing","default":true,"landmark":false,"xor":false},"metadata":{"graphics":{"position":{"x":-6260,"y":-4360},"size":{"height":1430,"width":2530}}},"id":"crowdsourcing-view-container","type":"ifml.ViewContainer"},{"attributes":{"name":"Xor","default":false,"landmark":false,"xor":true},"metadata":{"graphics":{"position":{"x":-6230,"y":-4310},"size":{"height":1340,"width":2470}}},"id":"xor-crowdsourcing-view-container","type":"ifml.ViewContainer"},{"attributes":{"name":"Sign up and Log In Pattern","default":true,"landmark":false,"xor":false},"metadata":{"graphics":{"position":{"x":-6200,"y":-4260},"size":{"height":370,"width":490}}},"id":"sign-up-and-log-in-pattern-view-container","type":"ifml.ViewContainer"},{"attributes":{"name":"Worker","default":false,"landmark":false,"xor":false},"metadata":{"graphics":{"position":{"x":-5680,"y":-4260},"size":{"height":1260,"width":1890}}},"id":"worker-view-container-1","type":"ifml.ViewContainer"},{"attributes":{"name":"Log In","parameters":[{"label":"username"},{"label":"password"}],"results":[{"label":"username-error"},{"label":"password-error"},{"label":"username"},{"label":"password"}]},"metadata":{"graphics":{"position":{"x":-6110,"y":-3990},"size":{"height":80,"width":115},"parent":"sign-up-and-log-in-pattern-view-container"}},"id":"log-in-action","type":"ifml.Action"},{"attributes":{"name":"Registration","parameters":[{"label":"name"},{"label":"surname"},{"label":"username"},{"label":"password"},{"label":"role"}],"results":[{"label":"name-error"},{"label":"surname-error"},{"label":"username-error"},{"label":"password-error"},{"label":"name"},{"label":"surname"},{"label":"username"},{"label":"password"},{"label":"role"}]},"metadata":{"graphics":{"position":{"x":-5920,"y":-3990},"size":{"height":80,"width":160},"parent":"sign-up-and-log-in-pattern-view-container"}},"id":"registration-action","type":"ifml.Action"},{"attributes":{"name":"Sign Up and Log In","default":false,"landmark":false,"xor":true},"metadata":{"graphics":{"position":{"x":-6180,"y":-4220},"size":{"height":200,"width":450}}},"id":"sign-up-and-log-in-view-container","type":"ifml.ViewContainer"},{"attributes":{"name":"Xor","default":false,"landmark":false,"xor":true},"metadata":{"graphics":{"position":{"x":-5650,"y":-4220},"size":{"height":1190,"width":1830}}},"id":"xor-worker-view-container-1","type":"ifml.ViewContainer"},{"attributes":{"name":"Done"},"metadata":{"graphics":{"position":{"x":-6120,"y":-3960},"name":{"horizontal":"middle","vertical":"top"}}},"id":"done-log-in-event","type":"ifml.Event"},{"attributes":{"name":"Failed"},"metadata":{"graphics":{"position":{"x":-6040,"y":-4000},"name":{"horizontal":"middle","vertical":"bottom"}}},"id":"failed-log-in-event","type":"ifml.Event"},{"attributes":{"name":"Done"},"metadata":{"graphics":{"position":{"x":-5930,"y":-3980},"name":{"horizontal":"middle","vertical":"top"}}},"id":"done-registration-event","type":"ifml.Event"},{"attributes":{"name":"Registration"},"metadata":{"graphics":{"position":{"x":-5820,"y":-4000},"name":{"horizontal":"middle","vertical":"bottom"}}},"id":"failed-registration-event","type":"ifml.Event"},{"attributes":{"name":"Log In","default":true,"landmark":false,"xor":false},"metadata":{"graphics":{"position":{"x":-6160,"y":-4180},"size":{"height":140,"width":190}}},"id":"log-in-view-container","type":"ifml.ViewContainer"},{"attributes":{"name":"Sign Up","default":false,"landmark":false,"xor":false},"metadata":{"graphics":{"position":{"x":-5940,"y":-4180},"size":{"height":140,"width":190}}},"id":"sign-up-view-container","type":"ifml.ViewContainer"},{"attributes":{"name":"Start","parameters":[{"label":"id"}],"results":[{"label":"id"}]},"metadata":{"graphics":{"position":{"x":-4580,"y":-3500},"size":{"height":50,"width":75},"parent":"xor-worker-view-container-1"}},"id":"worker-task-start-task-action-1","type":"ifml.Action"},{"attributes":{"name":"Account Content Management Pattern","default":false,"landmark":true,"xor":false},"metadata":{"graphics":{"position":{"x":-4390,"y":-4180},"size":{"height":430,"width":540}}},"id":"worker-account-content-management-pattern-view-container-1","type":"ifml.ViewContainer"},{"attributes":{"name":"Task Input Data Validation Pattern","default":false,"landmark":false,"xor":false},"metadata":{"graphics":{"position":{"x":-5260,"y":-3530},"size":{"height":480,"width":430}}},"id":"worker-task-input-data-validation-pattern-view-container-1","type":"ifml.ViewContainer"},{"attributes":{"name":"Restricted Search","default":true,"landmark":true,"xor":false},"metadata":{"graphics":{"position":{"x":-5590,"y":-4180},"size":{"height":630,"width":1160}}},"id":"worker-restricted-search-pattern-view-container-1","type":"ifml.ViewContainer"},{"attributes":{"name":"Log In Form","stereotype":"form","fields":[{"label":"username","value":"username","type":"text"},{"label":"password","value":"password","type":"password"}]},"metadata":{"graphics":{"position":{"x":-6140,"y":-4140},"size":{"height":80,"width":150}}},"id":"log-in-form","type":"ifml.ViewComponent"},{"attributes":{"name":"Sign Up Form","stereotype":"form","fields":[{"label":"name","value":"name","type":"text"},{"label":"surname","value":"surname","type":"text"},{"label":"username","value":"username","type":"text"},{"label":"password","value":"password","type":"password"},{"label":"worker","value":"worker","type":"radio","name":"role"},{"label":"master","value":"master","type":"radio","name":"role"}]},"metadata":{"graphics":{"position":{"x":-5920,"y":-4140},"size":{"height":80,"width":150}}},"id":"sign-up-form","type":"ifml.ViewComponent"},{"attributes":{"name":"On"},"metadata":{"graphics":{"position":{"x":-4550,"y":-3460},"name":{"horizontal":"middle","vertical":"bottom"}}},"id":"worker-task-on-event-1","type":"ifml.Event"},{"attributes":{"name":"Xor Account Content Management","default":false,"landmark":false,"xor":true},"metadata":{"graphics":{"position":{"x":-4370,"y":-4140},"size":{"height":370,"width":500}}},"id":"xor-worker-account-content-management-view-container-1","type":"ifml.ViewContainer"},{"attributes":{"name":"Validate","parameters":[],"results":[{"label":"id"}]},"metadata":{"graphics":{"position":{"x":-4960,"y":-3160},"size":{"height":70,"width":100},"parent":"worker-task-input-data-validation-pattern-view-container-1"}},"id":"worker-task-validate-action-1","type":"ifml.Action"},{"attributes":{"name":"Data","default":false,"landmark":false,"xor":false},"metadata":{"graphics":{"position":{"x":-5220,"y":-3480},"size":{"height":250,"width":230}}},"id":"worker-task-data-view-container-1","type":"ifml.ViewContainer"},{"attributes":{"name":"Xor","default":false,"landmark":false,"xor":true},"metadata":{"graphics":{"position":{"x":-5570,"y":-4150},"size":{"height":580,"width":1120}}},"id":"worker-xor-search-multilevel-master-details-view-container","type":"ifml.ViewContainer"},{"attributes":{"name":"Sign Up"},"metadata":{"graphics":{"position":{"x":-6000,"y":-4140},"name":{"horizontal":"middle","vertical":"top"}}},"id":"sign-up-event","type":"ifml.Event"},{"attributes":{"name":"Log In"},"metadata":{"graphics":{"position":{"x":-6090,"y":-4070},"name":{"horizontal":"middle","vertical":"top"}}},"id":"log-in-event","type":"ifml.Event"},{"attributes":{"name":"Log In"},"metadata":{"graphics":{"position":{"x":-5930,"y":-4110},"name":{"horizontal":"middle","vertical":"top"}}},"id":"back-to-log-in-event","type":"ifml.Event"},{"attributes":{"name":"Registration"},"metadata":{"graphics":{"position":{"x":-5870,"y":-4070},"name":{"horizontal":"middle","vertical":"top"}}},"id":"registration-event","type":"ifml.Event"},{"attributes":{"name":"Create or Modify","parameters":[{"label":"id"},{"label":"name"},{"label":"surname"},{"label":"username"},{"label":"password"}],"results":[{"label":"id"},{"label":"name-error"},{"label":"surname-error"},{"label":"username-error"},{"label":"password-error"},{"label":"name"},{"label":"surname"},{"label":"username"},{"label":"password"}]},"metadata":{"graphics":{"position":{"x":-4240,"y":-3850},"size":{"height":60,"width":120},"parent":"xor-worker-account-content-management-view-container-1"}},"id":"worker-account-create-modify-action-1","type":"ifml.Action"},{"attributes":{"name":"Profile","default":false,"landmark":false,"xor":false},"metadata":{"graphics":{"position":{"x":-4350,"y":-4080},"size":{"height":150,"width":200}}},"id":"worker-account-profile-view-container-1","type":"ifml.ViewContainer"},{"attributes":{"name":"Profile","default":true,"landmark":true,"xor":false},"metadata":{"graphics":{"position":{"x":-4130,"y":-4080},"size":{"height":150,"width":240}}},"id":"worker-account-profile-details-view-container-1","type":"ifml.ViewContainer"},{"attributes":{"name":"Failed"},"metadata":{"graphics":{"position":{"x":-4960,"y":-3100},"name":{"horizontal":"middle","vertical":"bottom"}}},"id":"worker-task-failed-validate-event-1","type":"ifml.Event"},{"attributes":{"name":"Done"},"metadata":{"graphics":{"position":{"x":-4880,"y":-3170},"name":{"horizontal":"middle","vertical":"top"}}},"id":"worker-task-done-validate-event-1","type":"ifml.Event"},{"attributes":{"name":"Task","stereotype":"form","fields":[{"label":"id","value":"id","type":"hidden"}]},"metadata":{"graphics":{"position":{"x":-5200,"y":-3320},"size":{"height":60,"width":150}}},"id":"worker-task-form-1","type":"ifml.ViewComponent"},{"attributes":{"name":"Task Component","stereotype":"details","fields":[{"label":"name"},{"label":"description"}],"collection":"tasks"},"metadata":{"graphics":{"position":{"x":-5200,"y":-3420},"size":{"height":60,"width":150}}},"id":"worker-task-component-details-1","type":"ifml.ViewComponent"},{"attributes":{"name":"Back"},"metadata":{"graphics":{"position":{"x":-5230,"y":-3440},"name":{"horizontal":"middle","vertical":"top"}}},"id":"worker-task-back-to-tasks-event-1","type":"ifml.Event"},{"attributes":{"name":"Multilevel Master Detail Pattern","default":true,"landmark":true,"xor":false},"metadata":{"graphics":{"position":{"x":-5550,"y":-4110},"size":{"height":250,"width":1070}}},"id":"worker-multilevel-master-detail-pattern-view-container-1","type":"ifml.ViewContainer"},{"attributes":{"name":"Key Search","default":false,"landmark":true,"xor":false},"metadata":{"graphics":{"position":{"x":-5550,"y":-3840},"size":{"height":240,"width":460}}},"id":"worker-key-search-view-container","type":"ifml.ViewContainer"},{"attributes":{"name":"Done"},"metadata":{"graphics":{"position":{"x":-4130,"y":-3850},"name":{"horizontal":"middle","vertical":"top"}}},"id":"worker-account-done-create-modify-event-1","type":"ifml.Event"},{"attributes":{"name":"Failed"},"metadata":{"graphics":{"position":{"x":-4230,"y":-3860},"name":{"horizontal":"left-outer","vertical":"top"}}},"id":"worker-account-failed-create-modify-event-1","type":"ifml.Event"},{"attributes":{"name":"Profile","stereotype":"form","fields":[{"label":"name","value":"name","type":"text"},{"label":"surname","value":"surname","type":"text"},{"label":"username","value":"username","type":"text"},{"label":"password","value":"password","type":"password"},{"label":"id","value":"id","type":"hidden"}]},"metadata":{"graphics":{"position":{"x":-4330,"y":-4020},"size":{"height":70,"width":150}}},"id":"worker-account-profile-form-1","type":"ifml.ViewComponent"},{"attributes":{"name":"Profile","stereotype":"details","fields":[{"label":"name"},{"label":"surname"},{"label":"username"},{"label":"password"}],"collection":"profiles"},"metadata":{"graphics":{"position":{"x":-4070,"y":-4010},"size":{"height":60,"width":170}}},"id":"worker-account-profile-details-1","type":"ifml.ViewComponent"},{"attributes":{"name":"Send"},"metadata":{"graphics":{"position":{"x":-5060,"y":-3280},"name":{"horizontal":"right-outer","vertical":"top"}}},"id":"send-event-1","type":"ifml.Event"},{"attributes":{"name":"Multilevel Master Detail","default":false,"landmark":false,"xor":true},"metadata":{"graphics":{"position":{"x":-5450,"y":-4070},"size":{"height":190,"width":950}}},"id":"worker-multilevel-master-detail-view-container-1","type":"ifml.ViewContainer"},{"attributes":{"name":"Keyword","stereotype":"form","fields":[{"label":"key","value":"key","type":"text"}]},"metadata":{"graphics":{"position":{"x":-5530,"y":-3810},"size":{"height":90,"width":150}}},"id":"worker-keyword-form-1","type":"ifml.ViewComponent"},{"attributes":{"name":"Categories","stereotype":"list","fields":[],"collection":"categories","filters":[]},"metadata":{"graphics":{"position":{"x":-5530,"y":-3710},"size":{"height":90,"width":150}}},"id":"worker-categories-list-1-1","type":"ifml.ViewComponent"},{"attributes":{"name":"Search"},"metadata":{"graphics":{"position":{"x":-5250,"y":-3610},"name":{"horizontal":"middle","vertical":"top"}}},"id":"worker-search-event-1","type":"ifml.Event"},{"attributes":{"name":"Tasks","stereotype":"list","fields":[{"label":"name"},{"label":"state"}],"collection":"tasks","filters":[{"label":"category"},{"label":"key"}]},"metadata":{"graphics":{"position":{"x":-5280,"y":-3800},"size":{"height":90,"width":150}}},"id":"worker-tasks-list-1","type":"ifml.ViewComponent"},{"attributes":{"name":"Submit"},"metadata":{"graphics":{"position":{"x":-4210,"y":-3960},"name":{"horizontal":"middle","vertical":"top"}}},"id":"worker-account-submit-event-1","type":"ifml.Event"},{"attributes":{"name":"Modify"},"metadata":{"graphics":{"position":{"x":-4080,"y":-4000},"name":{"horizontal":"left-outer","vertical":"top"}}},"id":"worker-account-modify-page-event-1","type":"ifml.Event"},{"attributes":{"name":"Final","default":false,"landmark":false,"xor":false},"metadata":{"graphics":{"position":{"x":-4730,"y":-4030},"size":{"height":130,"width":210}}},"id":"worker-final-view-container-1","type":"ifml.ViewContainer"},{"attributes":{"name":"Results","default":false,"landmark":false,"xor":false},"metadata":{"graphics":{"position":{"x":-4960,"y":-4030},"size":{"height":130,"width":210}}},"id":"worker-results-view-container","type":"ifml.ViewContainer"},{"attributes":{"name":"Subcategories","default":false,"landmark":false,"xor":false},"metadata":{"graphics":{"position":{"x":-5190,"y":-4030},"size":{"height":130,"width":210}}},"id":"worker-subcategories-view-container-1","type":"ifml.ViewContainer"},{"attributes":{"name":"Categories","default":true,"landmark":true,"xor":false},"metadata":{"graphics":{"position":{"x":-5430,"y":-4030},"size":{"height":130,"width":220}}},"id":"worker-categories-view-container-1","type":"ifml.ViewContainer"},{"attributes":{"name":"Selected","stereotype":"selection"},"metadata":{"graphics":{"position":{"x":-5140,"y":-3730},"name":{"horizontal":"right","vertical":"bottom"}}},"id":"worker-selected-product-event-1","type":"ifml.Event"},{"attributes":{"name":"Task","stereotype":"details","fields":[{"label":"name"},{"label":"author"},{"label":"description"},{"label":"state"}],"collection":"subcategories"},"metadata":{"graphics":{"position":{"x":-4710,"y":-3990},"size":{"height":70,"width":170}}},"id":"worker-task-details-1","type":"ifml.ViewComponent"},{"attributes":{"name":"Results","stereotype":"list","fields":[{"label":"name"},{"label":"state"}],"collection":"tasks","filters":[{"label":"name"}]},"metadata":{"graphics":{"position":{"x":-4940,"y":-3990},"size":{"height":70,"width":170}}},"id":"worker-results-list","type":"ifml.ViewComponent"},{"attributes":{"name":"Subcategories","stereotype":"list","fields":[{"label":"name"}],"collection":"subcategories","filters":[{"label":"name"}]},"metadata":{"graphics":{"position":{"x":-5170,"y":-3990},"size":{"height":70,"width":170}}},"id":"worker-subcategories-list-1","type":"ifml.ViewComponent"},{"attributes":{"name":"Categories","stereotype":"list","fields":[{"label":"name"}],"collection":"categories","filters":[]},"metadata":{"graphics":{"position":{"x":-5410,"y":-3990},"size":{"height":70,"width":180}}},"id":"worker-categories-list-2","type":"ifml.ViewComponent"},{"attributes":{"name":"Start"},"metadata":{"graphics":{"position":{"x":-4590,"y":-3930},"name":{"horizontal":"middle","vertical":"bottom"}}},"id":"worker-start-task-event-1","type":"ifml.Event"},{"attributes":{"name":"selected","stereotype":"selection"},"metadata":{"graphics":{"position":{"x":-4780,"y":-3940},"name":{"horizontal":"right","vertical":"bottom"}}},"id":"abc42140-c096-4223-9990-31b263786886","type":"ifml.Event"},{"attributes":{"name":"Selected","stereotype":"selection"},"metadata":{"graphics":{"position":{"x":-5010,"y":-3940},"name":{"horizontal":"right","vertical":"bottom"}}},"id":"worker-selected-step-2-event-1","type":"ifml.Event"},{"attributes":{"name":"Selected","stereotype":"selection"},"metadata":{"graphics":{"position":{"x":-5240,"y":-3940},"name":{"horizontal":"right","vertical":"bottom"}}},"id":"worker-selected-step-1-event-1","type":"ifml.Event"},{"attributes":{"bindings":[]},"metadata":{"graphics":{"vertices":[{"x":-5980,"y":-3970}]}},"id":"done-registration-navigation-flow","type":"ifml.NavigationFlow"},{"attributes":{"bindings":[{"input":"username-error","output":"username-error"},{"input":"password-error","output":"password-error"},{"input":"username","output":"username"},{"input":"password","output":"password"}]},"metadata":{"graphics":{"vertices":[]}},"id":"failed-log-in-navigation-flow","type":"ifml.NavigationFlow"},{"attributes":{"bindings":[{"input":"name-error","output":"name-error"},{"input":"surname-error","output":"surname-error"},{"input":"username-error","output":"username-error"},{"input":"password-error","output":"password-error"},{"input":"name","output":"name"},{"input":"surname","output":"surname"},{"input":"username","output":"username"},{"input":"password","output":"password"},{"input":"role","output":"role"}]},"metadata":{"graphics":{"vertices":[]}},"id":"failed-registration-navigation-flow","type":"ifml.NavigationFlow"},{"attributes":{"bindings":[{"input":"username","output":"username"},{"input":"password","output":"password"}]},"metadata":{"graphics":{}},"id":"log-in-navigation-flow","type":"ifml.NavigationFlow"},{"attributes":{"bindings":[{"input":"name","output":"name"},{"input":"surname","output":"surname"},{"input":"username","output":"username"},{"input":"password","output":"password"},{"input":"role","output":"role"}]},"metadata":{"graphics":{"vertices":[]}},"id":"registration-navigation-flow","type":"ifml.NavigationFlow"},{"attributes":{"bindings":[{"input":"id","output":"id"}]},"metadata":{"graphics":{}},"id":"task-identification-data-flow-1","type":"ifml.DataFlow"},{"attributes":{"bindings":[]},"metadata":{"graphics":{"vertices":[]}},"id":"to-log-in-navigation-flow","type":"ifml.NavigationFlow"},{"attributes":{"bindings":[]},"metadata":{"graphics":{}},"id":"to-sign-up-navigation-flow","type":"ifml.NavigationFlow"},{"attributes":{"bindings":[]},"metadata":{"graphics":{"vertices":[{"x":-6110,"y":-3700}]}},"id":"to-worker-container-navigation-flow","type":"ifml.NavigationFlow"},{"attributes":{"bindings":[{"input":"id","output":"id"},{"input":"name","output":"name"},{"input":"surname","output":"surname"},{"input":"username","output":"username"},{"input":"password","output":"password"}]},"metadata":{"graphics":{"vertices":[]}},"id":"worker-account-details-to-modify-navigation-flow-1","type":"ifml.NavigationFlow"},{"attributes":{"bindings":[{"input":"id","output":"id"}]},"metadata":{"graphics":{"vertices":[{"x":-3920,"y":-3840}]}},"id":"worker-account-done-create-modify-navigation-flow-1","type":"ifml.NavigationFlow"},{"attributes":{"bindings":[{"input":"id","output":"id"},{"input":"name-error","output":"name-error"},{"input":"surname-error","output":"surname-error"},{"input":"username-error","output":"username-error"},{"input":"password-error","output":"password-error"},{"input":"name","output":"name"},{"input":"surname","output":"surname"},{"input":"username","output":"username"},{"input":"password","output":"password"}]},"metadata":{"graphics":{"vertices":[]}},"id":"worker-account-failed-submit-navigation-flow-1","type":"ifml.NavigationFlow"},{"attributes":{"bindings":[{"input":"id","output":"id"},{"input":"name","output":"name"},{"input":"surname","output":"surname"},{"input":"username","output":"username"},{"input":"password","output":"password"}]},"metadata":{"graphics":{}},"id":"worker-account-submit-navigation-flow-1","type":"ifml.NavigationFlow"},{"attributes":{"bindings":[{"input":"category","output":"id"}]},"metadata":{"graphics":{"vertices":[{"x":-5190,"y":-3660}]}},"id":"worker-filter-data-flow-1","type":"ifml.DataFlow"},{"attributes":{"bindings":[{"input":"key","output":"key"}]},"metadata":{"graphics":{}},"id":"worker-keyword-data-flow-1","type":"ifml.DataFlow"},{"attributes":{"bindings":[]},"metadata":{"graphics":{}},"id":"worker-search-navigation-flow-1","type":"ifml.NavigationFlow"},{"attributes":{"bindings":[{"input":"id","output":"id"}]},"metadata":{"graphics":{"vertices":[{"x":-4630,"y":-3720}]}},"id":"worker-selected-product-navigation-flow-1","type":"ifml.NavigationFlow"},{"attributes":{"bindings":[{"input":"name","output":"name"}]},"metadata":{"graphics":{"vertices":[]}},"id":"worker-selected-step-1-navigation-flow-1","type":"ifml.NavigationFlow"},{"attributes":{"bindings":[{"input":"name","output":"name"}]},"metadata":{"graphics":{"vertices":[]}},"id":"worker-selected-step-2-navigation-flow-1","type":"ifml.NavigationFlow"},{"attributes":{"bindings":[{"input":"id","output":"id"}]},"metadata":{"graphics":{}},"id":"worker-selected-step-3-navigation-flow","type":"ifml.NavigationFlow"},{"attributes":{"bindings":[]},"metadata":{"graphics":{"vertices":[{"x":-5630,"y":-3430},{"x":-5630,"y":-4080}]}},"id":"worker-task-back-to-tasks-navigation-flow-1","type":"ifml.NavigationFlow"},{"attributes":{"bindings":[]},"metadata":{"graphics":{"vertices":[{"x":-5120,"y":-3090}]}},"id":"worker-task-failed-navigation-flow-1","type":"ifml.NavigationFlow"},{"attributes":{"bindings":[{"input":"id","output":"id"}]},"metadata":{"graphics":{"vertices":[{"x":-4870,"y":-3380}]}},"id":"worker-task-next-task-component-view-container-1","type":"ifml.NavigationFlow"},{"attributes":{"bindings":[{"input":"id","output":"id"}]},"metadata":{"graphics":{"vertices":[{"x":-4540,"y":-3400}]}},"id":"worker-task-on-navigation-flow-1","type":"ifml.NavigationFlow"},{"attributes":{"bindings":[]},"metadata":{"graphics":{"vertices":[{"x":-5050,"y":-3140}]}},"id":"worker-task-send-navigation-flow-1","type":"ifml.NavigationFlow"},{"attributes":{"bindings":[{"input":"id","output":"id"}]},"metadata":{"graphics":{}},"id":"worker-task-start-task-navigation-flow-1","type":"ifml.NavigationFlow"}],"relations":[{"type":"hierarchy","parent":"crowdsourcing-view-container","child":"xor-crowdsourcing-view-container"},{"type":"hierarchy","parent":"xor-crowdsourcing-view-container","child":"sign-up-and-log-in-pattern-view-container"},{"type":"hierarchy","parent":"xor-crowdsourcing-view-container","child":"worker-view-container-1"},{"type":"hierarchy","parent":"sign-up-and-log-in-pattern-view-container","child":"sign-up-and-log-in-view-container"},{"type":"hierarchy","parent":"worker-view-container-1","child":"xor-worker-view-container-1"},{"type":"hierarchy","parent":"log-in-action","child":"done-log-in-event"},{"type":"hierarchy","parent":"log-in-action","child":"failed-log-in-event"},{"type":"hierarchy","parent":"registration-action","child":"done-registration-event"},{"type":"hierarchy","parent":"registration-action","child":"failed-registration-event"},{"type":"hierarchy","parent":"sign-up-and-log-in-view-container","child":"log-in-view-container"},{"type":"hierarchy","parent":"sign-up-and-log-in-view-container","child":"sign-up-view-container"},{"type":"hierarchy","parent":"xor-worker-view-container-1","child":"worker-account-content-management-pattern-view-container-1"},{"type":"hierarchy","parent":"xor-worker-view-container-1","child":"worker-task-input-data-validation-pattern-view-container-1"},{"type":"hierarchy","parent":"xor-worker-view-container-1","child":"worker-restricted-search-pattern-view-container-1"},{"type":"hierarchy","parent":"log-in-view-container","child":"log-in-form"},{"type":"hierarchy","parent":"sign-up-view-container","child":"sign-up-form"},{"type":"hierarchy","parent":"worker-task-start-task-action-1","child":"worker-task-on-event-1"},{"type":"hierarchy","parent":"worker-account-content-management-pattern-view-container-1","child":"xor-worker-account-content-management-view-container-1"},{"type":"hierarchy","parent":"worker-task-input-data-validation-pattern-view-container-1","child":"worker-task-data-view-container-1"},{"type":"hierarchy","parent":"worker-restricted-search-pattern-view-container-1","child":"worker-xor-search-multilevel-master-details-view-container"},{"type":"hierarchy","parent":"log-in-form","child":"sign-up-event"},{"type":"hierarchy","parent":"log-in-form","child":"log-in-event"},{"type":"hierarchy","parent":"sign-up-form","child":"back-to-log-in-event"},{"type":"hierarchy","parent":"sign-up-form","child":"registration-event"},{"type":"hierarchy","parent":"xor-worker-account-content-management-view-container-1","child":"worker-account-profile-view-container-1"},{"type":"hierarchy","parent":"xor-worker-account-content-management-view-container-1","child":"worker-account-profile-details-view-container-1"},{"type":"hierarchy","parent":"worker-task-validate-action-1","child":"worker-task-failed-validate-event-1"},{"type":"hierarchy","parent":"worker-task-validate-action-1","child":"worker-task-done-validate-event-1"},{"type":"hierarchy","parent":"worker-task-data-view-container-1","child":"worker-task-form-1"},{"type":"hierarchy","parent":"worker-task-data-view-container-1","child":"worker-task-component-details-1"},{"type":"hierarchy","parent":"worker-task-data-view-container-1","child":"worker-task-back-to-tasks-event-1"},{"type":"hierarchy","parent":"worker-xor-search-multilevel-master-details-view-container","child":"worker-multilevel-master-detail-pattern-view-container-1"},{"type":"hierarchy","parent":"worker-xor-search-multilevel-master-details-view-container","child":"worker-key-search-view-container"},{"type":"hierarchy","parent":"worker-account-create-modify-action-1","child":"worker-account-done-create-modify-event-1"},{"type":"hierarchy","parent":"worker-account-create-modify-action-1","child":"worker-account-failed-create-modify-event-1"},{"type":"hierarchy","parent":"worker-account-profile-view-container-1","child":"worker-account-profile-form-1"},{"type":"hierarchy","parent":"worker-account-profile-details-view-container-1","child":"worker-account-profile-details-1"},{"type":"hierarchy","parent":"worker-task-form-1","child":"send-event-1"},{"type":"hierarchy","parent":"worker-multilevel-master-detail-pattern-view-container-1","child":"worker-multilevel-master-detail-view-container-1"},{"type":"hierarchy","parent":"worker-key-search-view-container","child":"worker-keyword-form-1"},{"type":"hierarchy","parent":"worker-key-search-view-container","child":"worker-categories-list-1-1"},{"type":"hierarchy","parent":"worker-key-search-view-container","child":"worker-search-event-1"},{"type":"hierarchy","parent":"worker-key-search-view-container","child":"worker-tasks-list-1"},{"type":"hierarchy","parent":"worker-account-profile-form-1","child":"worker-account-submit-event-1"},{"type":"hierarchy","parent":"worker-account-profile-details-1","child":"worker-account-modify-page-event-1"},{"type":"hierarchy","parent":"worker-multilevel-master-detail-view-container-1","child":"worker-final-view-container-1"},{"type":"hierarchy","parent":"worker-multilevel-master-detail-view-container-1","child":"worker-results-view-container"},{"type":"hierarchy","parent":"worker-multilevel-master-detail-view-container-1","child":"worker-subcategories-view-container-1"},{"type":"hierarchy","parent":"worker-multilevel-master-detail-view-container-1","child":"worker-categories-view-container-1"},{"type":"hierarchy","parent":"worker-tasks-list-1","child":"worker-selected-product-event-1"},{"type":"hierarchy","parent":"worker-final-view-container-1","child":"worker-task-details-1"},{"type":"hierarchy","parent":"worker-results-view-container","child":"worker-results-list"},{"type":"hierarchy","parent":"worker-subcategories-view-container-1","child":"worker-subcategories-list-1"},{"type":"hierarchy","parent":"worker-categories-view-container-1","child":"worker-categories-list-2"},{"type":"hierarchy","parent":"worker-task-details-1","child":"worker-start-task-event-1"},{"type":"hierarchy","parent":"worker-results-list","child":"abc42140-c096-4223-9990-31b263786886"},{"type":"hierarchy","parent":"worker-subcategories-list-1","child":"worker-selected-step-2-event-1"},{"type":"hierarchy","parent":"worker-categories-list-2","child":"worker-selected-step-1-event-1"},{"type":"source","flow":"done-registration-navigation-flow","source":"done-registration-event"},{"type":"source","flow":"failed-log-in-navigation-flow","source":"failed-log-in-event"},{"type":"source","flow":"failed-registration-navigation-flow","source":"failed-registration-event"},{"type":"source","flow":"log-in-navigation-flow","source":"log-in-event"},{"type":"source","flow":"registration-navigation-flow","source":"registration-event"},{"type":"source","flow":"task-identification-data-flow-1","source":"worker-task-component-details-1"},{"type":"source","flow":"to-log-in-navigation-flow","source":"back-to-log-in-event"},{"type":"source","flow":"to-sign-up-navigation-flow","source":"sign-up-event"},{"type":"source","flow":"to-worker-container-navigation-flow","source":"done-log-in-event"},{"type":"source","flow":"worker-account-details-to-modify-navigation-flow-1","source":"worker-account-modify-page-event-1"},{"type":"source","flow":"worker-account-done-create-modify-navigation-flow-1","source":"worker-account-done-create-modify-event-1"},{"type":"source","flow":"worker-account-failed-submit-navigation-flow-1","source":"worker-account-failed-create-modify-event-1"},{"type":"source","flow":"worker-account-submit-navigation-flow-1","source":"worker-account-submit-event-1"},{"type":"source","flow":"worker-filter-data-flow-1","source":"worker-categories-list-1-1"},{"type":"source","flow":"worker-keyword-data-flow-1","source":"worker-keyword-form-1"},{"type":"source","flow":"worker-search-navigation-flow-1","source":"worker-search-event-1"},{"type":"source","flow":"worker-selected-product-navigation-flow-1","source":"worker-selected-product-event-1"},{"type":"source","flow":"worker-selected-step-1-navigation-flow-1","source":"worker-selected-step-1-event-1"},{"type":"source","flow":"worker-selected-step-2-navigation-flow-1","source":"worker-selected-step-2-event-1"},{"type":"source","flow":"worker-selected-step-3-navigation-flow","source":"abc42140-c096-4223-9990-31b263786886"},{"type":"source","flow":"worker-task-back-to-tasks-navigation-flow-1","source":"worker-task-back-to-tasks-event-1"},{"type":"source","flow":"worker-task-failed-navigation-flow-1","source":"worker-task-failed-validate-event-1"},{"type":"source","flow":"worker-task-next-task-component-view-container-1","source":"worker-task-done-validate-event-1"},{"type":"source","flow":"worker-task-on-navigation-flow-1","source":"worker-task-on-event-1"},{"type":"source","flow":"worker-task-send-navigation-flow-1","source":"send-event-1"},{"type":"source","flow":"worker-task-start-task-navigation-flow-1","source":"worker-start-task-event-1"},{"type":"target","flow":"done-registration-navigation-flow","target":"log-in-view-container"},{"type":"target","flow":"failed-log-in-navigation-flow","target":"log-in-form"},{"type":"target","flow":"failed-registration-navigation-flow","target":"sign-up-form"},{"type":"target","flow":"log-in-navigation-flow","target":"log-in-action"},{"type":"target","flow":"registration-navigation-flow","target":"registration-action"},{"type":"target","flow":"task-identification-data-flow-1","target":"worker-task-form-1"},{"type":"target","flow":"to-log-in-navigation-flow","target":"log-in-view-container"},{"type":"target","flow":"to-sign-up-navigation-flow","target":"sign-up-view-container"},{"type":"target","flow":"to-worker-container-navigation-flow","target":"worker-view-container-1"},{"type":"target","flow":"worker-account-details-to-modify-navigation-flow-1","target":"worker-account-profile-form-1"},{"type":"target","flow":"worker-account-done-create-modify-navigation-flow-1","target":"worker-account-profile-details-1"},{"type":"target","flow":"worker-account-failed-submit-navigation-flow-1","target":"worker-account-profile-form-1"},{"type":"target","flow":"worker-account-submit-navigation-flow-1","target":"worker-account-create-modify-action-1"},{"type":"target","flow":"worker-filter-data-flow-1","target":"worker-tasks-list-1"},{"type":"target","flow":"worker-keyword-data-flow-1","target":"worker-tasks-list-1"},{"type":"target","flow":"worker-search-navigation-flow-1","target":"worker-tasks-list-1"},{"type":"target","flow":"worker-selected-product-navigation-flow-1","target":"worker-task-details-1"},{"type":"target","flow":"worker-selected-step-1-navigation-flow-1","target":"worker-subcategories-list-1"},{"type":"target","flow":"worker-selected-step-2-navigation-flow-1","target":"worker-results-list"},{"type":"target","flow":"worker-selected-step-3-navigation-flow","target":"worker-task-details-1"},{"type":"target","flow":"worker-task-back-to-tasks-navigation-flow-1","target":"worker-restricted-search-pattern-view-container-1"},{"type":"target","flow":"worker-task-failed-navigation-flow-1","target":"worker-task-form-1"},{"type":"target","flow":"worker-task-next-task-component-view-container-1","target":"worker-task-component-details-1"},{"type":"target","flow":"worker-task-on-navigation-flow-1","target":"worker-task-component-details-1"},{"type":"target","flow":"worker-task-send-navigation-flow-1","target":"worker-task-validate-action-1"},{"type":"target","flow":"worker-task-start-task-navigation-flow-1","target":"worker-task-start-task-action-1"}],"statistics":{"session":{"started_at":"2019-01-10T10:03:41.447Z","ended_at":"2019-01-10T10:04:01.582Z"}}}