{
    "interactionModel": {
        "languageModel": {
            "invocationName": "model creator",
            "intents": [
                {
                    "name": "AMAZON.FallbackIntent",
                    "samples": []
                },
                {
                    "name": "AMAZON.CancelIntent",
                    "samples": []
                },
                {
                    "name": "AMAZON.HelpIntent",
                    "samples": []
                },
                {
                    "name": "AMAZON.StopIntent",
                    "samples": []
                },
                {
                    "name": "AMAZON.NavigateHomeIntent",
                    "samples": []
                },
                {
                    "name": "CreateModelIntent",
                    "slots": [
                        {
                            "name": "process",
                            "type": "IFML_PROCESS",
                            "samples": [
                                "I want some {process}",
                                "I need some {process}",
                                "I need to be {process}",
                                "I want to be {process}",
                                "{process}",
                                "I need only some {process}",
                                "some {process}",
                                "I want to build a {process} model",
                                "I want to build the model {process}"
                            ]
                        },
                        {
                            "name": "purpose",
                            "type": "IFML_APPLICATION_TYPE",
                            "samples": [
                                "ask people to {purpose}",
                                "The purpose of the application must be {purpose}",
                                "The purpose of the application is to {purpose}",
                                "I need to {purpose}",
                                "The application must {purpose}",
                                "The application need to {purpose}",
                                "I want to {purpose}"
                            ]
                        },
                        {
                            "name": "sharing",
                            "type": "IFML_SHARING_CONTENT",
                            "samples": [
                                "can share {sharing}",
                                "will share {sharing}",
                                "Users must share {sharing}",
                                "They must share {sharing}",
                                "They will share {sharing}",
                                "Users will share {sharing}",
                                "They can share {sharing}",
                                "Users can share {sharing}"
                            ]
                        },
                        {
                            "name": "masterDetailsPattern",
                            "type": "IFML_MASTER_DETAILS_PATTERN",
                            "samples": [
                                "They can be divided in {masterDetailsPattern}",
                                "require to be divided in {masterDetailsPattern}",
                                "They will be divided in {masterDetailsPattern}",
                                "They will be {masterDetailsPattern}",
                                "They are {masterDetailsPattern}",
                                "They must be divided in {masterDetailsPattern}",
                                "They are of the {masterDetailsPattern}",
                                "They will be of the {masterDetailsPattern}",
                                "They are relative to the {masterDetailsPattern}",
                                "They require to be divided in {masterDetailsPattern}",
                                "They are divided in {masterDetailsPattern}"
                            ]
                        },
                        {
                            "name": "crowdPolicy",
                            "type": "IFML_CROWD_POLICY",
                            "samples": [
                                "Can {crowdPolicy} tasks",
                                "The can also {crowdPolicy} tasks",
                                "They can only {crowdPolicy} tasks"
                            ]
                        },
                        {
                            "name": "commentPolicy",
                            "type": "IFML_AGREE_POLICY",
                            "samples": [
                                "{commentPolicy} they can't",
                                "{commentPolicy} they can",
                                "Users can also {commentPolicy}",
                                "Users can only {commentPolicy} ",
                                "Users must only {commentPolicy}",
                                "They can also {commentPolicy}",
                                "They can only {commentPolicy}",
                                "{commentPolicy} comments",
                                "{commentPolicy} reviews",
                                "The application must {commentPolicy} comments",
                                "The application must {commentPolicy} reviews",
                                "I want to {commentPolicy} reviews",
                                "I want to {commentPolicy} comments",
                                "It is {commentPolicy} for me",
                                "It is {commentPolicy}",
                                "It is a {commentPolicy}",
                                "I think it is a {commentPolicy}",
                                "No {commentPolicy}",
                                "Yes {commentPolicy}",
                                "You are right {commentPolicy}",
                                "I {commentPolicy}",
                                "I {commentPolicy} it",
                                "It is a {commentPolicy} idea"
                            ]
                        },
                        {
                            "name": "favoritePolicy",
                            "type": "IFML_AGREE_POLICY",
                            "samples": [
                                "{favoritePolicy} it is not",
                                "{favoritePolicy} it is",
                                "{favoritePolicy} they can't",
                                "{favoritePolicy} they can",
                                "It is {favoritePolicy} for me",
                                "It is {favoritePolicy}",
                                "It is a {favoritePolicy}",
                                "I think it is a {favoritePolicy}",
                                "No {favoritePolicy}",
                                "Yes {favoritePolicy}",
                                "You are right {favoritePolicy}",
                                "{favoritePolicy} wish list",
                                "I {favoritePolicy}",
                                "I {favoritePolicy} it",
                                "It is a {favoritePolicy} idea"
                            ]
                        },
                        {
                            "name": "wizardPolicy",
                            "type": "IFML_WIZARD_POLICY",
                            "samples": [
                                "I prefer to create {wizardPolicy} personal procedure",
                                "I want to create {wizardPolicy} personal procedure",
                                "I want to create {wizardPolicy} procedure",
                                "I prefer to create {wizardPolicy} procedure",
                                "I want to use my {wizardPolicy} procedure",
                                "I want to use my {wizardPolicy} payment procedure",
                                "I prefer to use my {wizardPolicy} payment procedure",
                                "I prefer to use my {wizardPolicy} procedure",
                                "I want to use the {wizardPolicy} payment procedure",
                                "I prefer to use the {wizardPolicy} payment procedure",
                                "I prefer to use the {wizardPolicy} procedure",
                                "I want to use the {wizardPolicy} procedure",
                                "I want to create my {wizardPolicy} procedure",
                                "I prefer to create my {wizardPolicy} procedure",
                                "it is {wizardPolicy} for me",
                                "It is {wizardPolicy}"
                            ]
                        },
                        {
                            "name": "personalPagesPolicy",
                            "type": "IFML_PERSONAL_PAGES_POLICY",
                            "samples": [
                                "i want users can {personalPagesPolicy}",
                                "the application must be a sort of {personalPagesPolicy}",
                                "the application must be a {personalPagesPolicy}",
                                "users must only {personalPagesPolicy}",
                                "users can only {personalPagesPolicy}",
                                "A {personalPagesPolicy}",
                                "I want a sort of {personalPagesPolicy}",
                                "they can {personalPagesPolicy}",
                                "they can only {personalPagesPolicy}"
                            ]
                        },
                        {
                            "name": "likePolicy",
                            "type": "IFML_AGREE_POLICY",
                            "samples": [
                                "It is {likePolicy} for me",
                                "It is {likePolicy}",
                                "It is a {likePolicy}",
                                "I think it is a {likePolicy}",
                                "No {likePolicy}",
                                "Yes {likePolicy}",
                                "You are right {likePolicy}",
                                "{likePolicy} wish list",
                                "I {likePolicy}",
                                "I {likePolicy} it",
                                "It is a {likePolicy} idea"
                            ]
                        },
                        {
                            "name": "friendship",
                            "type": "IFML_AGREE_POLICY",
                            "samples": [
                                "{friendship} it is",
                                "{friendship} it is not",
                                "{friendship} it is my case",
                                "{friendship} it is not my case",
                                "It is {friendship} for me",
                                "It is {friendship}",
                                "It is a {friendship}",
                                "I think it is a {friendship}",
                                "No {friendship}",
                                "Yes {friendship}",
                                "You are right {friendship}",
                                "{friendship} wish list",
                                "I {friendship}",
                                "I {friendship} it",
                                "It is a {friendship} idea"
                            ]
                        }
                    ],
                    "samples": [
                        "I want to build a {process} model",
                        "I want to build an {process} model",
                        "I want to build a model with {process}",
                        "help me to build a model with {process}",
                        "help me to build an {process} model",
                        "{process} me in the building of an application model",
                        "{process} me in the building of a model for an application",
                        "{process} me in the building of a model",
                        "I want to build a model",
                        "I want to build an application",
                        "help me to build a model",
                        "help me to build an application",
                        "I want to create an application",
                        "help me to create an application",
                        "help me to create a model",
                        "I want to create a model",
                        "help me to create an application with IFML Edit",
                        "I want to create an application with IFML Edit"
                    ]
                },
                {
                    "name": "DemoModelIntent",
                    "slots": [],
                    "samples": [
                        "let's see a demo",
                        "give me a demonstration",
                        "show me a demonstration",
                        "show me a demo"
                    ]
                },
                {
                    "name": "AddViewContainerModelIntent",
                    "slots": [
                        {
                            "name": "name",
                            "type": "IFML_ELEMENT_NAME"
                        },
                        {
                            "name": "xor",
                            "type": "IFML_CONTAINER_PROPERTIES"
                        },
                        {
                            "name": "default",
                            "type": "IFML_CONTAINER_PROPERTIES"
                        },
                        {
                            "name": "landmark",
                            "type": "IFML_CONTAINER_PROPERTIES"
                        }
                    ],
                    "samples": [
                        "add a new view container",
                        "I want to add a new view container"
                    ]
                }
            ],
            "types": [
                {
                    "name": "IFML_APPLICATION_TYPE",
                    "values": [
                        {
                            "name": {
                                "value": "share",
                                "synonyms": [
                                    "share contents"
                                ]
                            }
                        },
                        {
                            "name": {
                                "value": "show and sell products",
                                "synonyms": [
                                    "show and sell products",
                                    "sell products",
                                    "show products",
                                    "commercial",
                                    "e-commerce"
                                ]
                            }
                        },
                        {
                            "name": {
                                "value": "collaborate",
                                "synonyms": [
                                    "crowdsourcing",
                                    "collaboration"
                                ]
                            }
                        }
                    ]
                },
                {
                    "name": "IFML_PROCESS",
                    "values": [
                        {
                            "name": {
                                "value": "authonomous",
                                "synonyms": [
                                    "independently",
                                    "advice",
                                    "independent",
                                    "specifics"
                                ]
                            }
                        },
                        {
                            "name": {
                                "value": "guided",
                                "synonyms": [
                                    "guide"
                                ]
                            }
                        }
                    ]
                },
                {
                    "name": "IFML_SHARING_CONTENT",
                    "values": [
                        {
                            "name": {
                                "value": "posts"
                            }
                        },
                        {
                            "name": {
                                "value": "articles"
                            }
                        }
                    ]
                },
                {
                    "name": "IFML_MASTER_DETAILS_PATTERN",
                    "values": [
                        {
                            "name": {
                                "value": "categories",
                                "synonyms": [
                                    "the second",
                                    "categories and subcategories",
                                    "subcategories",
                                    "multilevel master details"
                                ]
                            }
                        },
                        {
                            "name": {
                                "value": "homogeneous",
                                "synonyms": [
                                    "the first",
                                    "same topic",
                                    "master details"
                                ]
                            }
                        }
                    ]
                },
                {
                    "name": "IFML_CROWD_POLICY",
                    "values": [
                        {
                            "name": {
                                "value": "publish",
                                "synonyms": [
                                    "the second",
                                    "both",
                                    "master"
                                ]
                            }
                        },
                        {
                            "name": {
                                "value": "perform",
                                "synonyms": [
                                    "the first",
                                    "worker"
                                ]
                            }
                        }
                    ]
                },
                {
                    "name": "IFML_AGREE_POLICY",
                    "values": [
                        {
                            "name": {
                                "value": "deny",
                                "synonyms": [
                                    "not a good",
                                    "not good",
                                    "bad",
                                    "visualize",
                                    "cannot",
                                    "disagree",
                                    "no"
                                ]
                            }
                        },
                        {
                            "name": {
                                "value": "allow",
                                "synonyms": [
                                    "not a bad",
                                    "not bad",
                                    "can",
                                    "good",
                                    "great",
                                    "publish",
                                    "comment",
                                    "permit",
                                    "agree",
                                    "ok",
                                    "okay",
                                    "yes"
                                ]
                            }
                        }
                    ]
                },
                {
                    "name": "IFML_WIZARD_POLICY",
                    "values": [
                        {
                            "name": {
                                "value": "default",
                                "synonyms": [
                                    "allow",
                                    "yes",
                                    "okay",
                                    "great",
                                    "good"
                                ]
                            }
                        },
                        {
                            "name": {
                                "value": "personal",
                                "synonyms": [
                                    "deny",
                                    "no",
                                    "my"
                                ]
                            }
                        }
                    ]
                },
                {
                    "name": "IFML_ELEMENT_NAME",
                    "values": [
                        {
                            "name": {
                                "value": "sign in"
                            }
                        },
                        {
                            "name": {
                                "value": "log in"
                            }
                        },
                        {
                            "name": {
                                "value": "in-place"
                            }
                        },
                        {
                            "name": {
                                "value": "catalog"
                            }
                        },
                        {
                            "name": {
                                "value": "search"
                            }
                        },
                        {
                            "name": {
                                "value": "basic"
                            }
                        },
                        {
                            "name": {
                                "value": "restricted"
                            }
                        },
                        {
                            "name": {
                                "value": "multilevel"
                            }
                        },
                        {
                            "name": {
                                "value": "master"
                            }
                        },
                        {
                            "name": {
                                "value": "details"
                            }
                        },
                        {
                            "name": {
                                "value": "pattern"
                            }
                        },
                        {
                            "name": {
                                "value": "hairdresser"
                            }
                        },
                        {
                            "name": {
                                "value": "baker"
                            }
                        },
                        {
                            "name": {
                                "value": "shop"
                            }
                        },
                        {
                            "name": {
                                "value": "place"
                            }
                        },
                        {
                            "name": {
                                "value": "chair"
                            }
                        },
                        {
                            "name": {
                                "value": "office"
                            }
                        },
                        {
                            "name": {
                                "value": "Jack"
                            }
                        },
                        {
                            "name": {
                                "value": "David"
                            }
                        },
                        {
                            "name": {
                                "value": "Andrew"
                            }
                        }
                    ]
                },
                {
                    "name": "IFML_CONTAINER_PROPERTIES",
                    "values": [
                        {
                            "name": {
                                "value": "landmark"
                            }
                        },
                        {
                            "name": {
                                "value": "default"
                            }
                        },
                        {
                            "name": {
                                "value": "xor"
                            }
                        }
                    ]
                },
                {
                    "name": "IFML_PERSONAL_PAGES_POLICY",
                    "values": [
                        {
                            "name": {
                                "value": "publish",
                                "synonyms": [
                                    "community"
                                ]
                            }
                        },
                        {
                            "name": {
                                "value": "visualize",
                                "synonyms": [
                                    "see"
                                ]
                            }
                        }
                    ]
                }
            ]
        },
        "dialog": {
            "intents": [
                {
                    "name": "CreateModelIntent",
                    "confirmationRequired": false,
                    "prompts": {},
                    "slots": [
                        {
                            "name": "process",
                            "type": "IFML_PROCESS",
                            "confirmationRequired": false,
                            "elicitationRequired": true,
                            "prompts": {
                                "elicitation": "Elicit.Slot.634400130083.224511035751"
                            }
                        },
                        {
                            "name": "purpose",
                            "type": "IFML_APPLICATION_TYPE",
                            "confirmationRequired": false,
                            "elicitationRequired": true,
                            "prompts": {
                                "elicitation": "Elicit.Slot.1317178158731.994444446081"
                            }
                        },
                        {
                            "name": "sharing",
                            "type": "IFML_SHARING_CONTENT",
                            "confirmationRequired": false,
                            "elicitationRequired": true,
                            "prompts": {
                                "elicitation": "Elicit.Slot.584663460413.314281424363"
                            }
                        },
                        {
                            "name": "masterDetailsPattern",
                            "type": "IFML_MASTER_DETAILS_PATTERN",
                            "confirmationRequired": false,
                            "elicitationRequired": true,
                            "prompts": {
                                "elicitation": "Elicit.Slot.1347960586431.262751947557"
                            }
                        },
                        {
                            "name": "crowdPolicy",
                            "type": "IFML_CROWD_POLICY",
                            "confirmationRequired": false,
                            "elicitationRequired": true,
                            "prompts": {
                                "elicitation": "Elicit.Slot.1391890115344.646151884368"
                            }
                        },
                        {
                            "name": "commentPolicy",
                            "type": "IFML_AGREE_POLICY",
                            "confirmationRequired": false,
                            "elicitationRequired": true,
                            "prompts": {
                                "elicitation": "Elicit.Slot.1500777218780.730792316230"
                            }
                        },
                        {
                            "name": "favoritePolicy",
                            "type": "IFML_AGREE_POLICY",
                            "confirmationRequired": false,
                            "elicitationRequired": true,
                            "prompts": {
                                "elicitation": "Elicit.Slot.1500777218780.1203992827892"
                            }
                        },
                        {
                            "name": "wizardPolicy",
                            "type": "IFML_WIZARD_POLICY",
                            "confirmationRequired": false,
                            "elicitationRequired": true,
                            "prompts": {
                                "elicitation": "Elicit.Slot.912281436886.266259322797"
                            }
                        },
                        {
                            "name": "personalPagesPolicy",
                            "type": "IFML_PERSONAL_PAGES_POLICY",
                            "confirmationRequired": false,
                            "elicitationRequired": true,
                            "prompts": {
                                "elicitation": "Elicit.Slot.587043485874.383231943773"
                            }
                        },
                        {
                            "name": "likePolicy",
                            "type": "IFML_AGREE_POLICY",
                            "confirmationRequired": false,
                            "elicitationRequired": true,
                            "prompts": {
                                "elicitation": "Elicit.Slot.587043485874.1239347149300"
                            }
                        },
                        {
                            "name": "friendship",
                            "type": "IFML_AGREE_POLICY",
                            "confirmationRequired": false,
                            "elicitationRequired": true,
                            "prompts": {
                                "elicitation": "Elicit.Slot.1326238111744.333734675310"
                            }
                        }
                    ]
                }
            ],
            "delegationStrategy": "SKILL_RESPONSE"
        },
        "prompts": [
            {
                "id": "Elicit.Slot.634400130083.224511035751",
                "variations": [
                    {
                        "type": "PlainText",
                        "value": "Do you need to be guided or receive some advice?"
                    }
                ]
            },
            {
                "id": "Elicit.Slot.1317178158731.994444446081",
                "variations": [
                    {
                        "type": "PlainText",
                        "value": "The primary purpose of the application is to show and sell products, share content or ask people to collaborate on some project?"
                    }
                ]
            },
            {
                "id": "Elicit.Slot.1347960586431.262751947557",
                "variations": [
                    {
                        "type": "PlainText",
                        "value": "Do you need a master detail pattern or a multilevel master detail pattern?"
                    }
                ]
            },
            {
                "id": "Elicit.Slot.1500777218780.730792316230",
                "variations": [
                    {
                        "type": "PlainText",
                        "value": "Do you want to deny or allow reviews to the products?"
                    }
                ]
            },
            {
                "id": "Elicit.Slot.1500777218780.1203992827892",
                "variations": [
                    {
                        "type": "PlainText",
                        "value": "It would be nice if users could save their favorite products on a wish list. What do you think about it?"
                    }
                ]
            },
            {
                "id": "Elicit.Slot.1391890115344.646151884368",
                "variations": [
                    {
                        "type": "PlainText",
                        "value": "Are users limited to perform tasks or some users can publish tasks?"
                    }
                ]
            },
            {
                "id": "Elicit.Slot.912281436886.266259322797",
                "variations": [
                    {
                        "type": "PlainText",
                        "value": "The payment procedure is managed through a wizard pattern that progressively require information to the customer. It's good for you or do you want to create your personal procedure independently?"
                    }
                ]
            },
            {
                "id": "Elicit.Slot.584663460413.314281424363",
                "variations": [
                    {
                        "type": "PlainText",
                        "value": "What type of content users can share, posts or articles?"
                    }
                ]
            },
            {
                "id": "Elicit.Slot.587043485874.383231943773",
                "variations": [
                    {
                        "type": "PlainText",
                        "value": "Are you interested in creating a sort of community where users can publish articles or users can only visualize and execute operations on published articles?"
                    }
                ]
            },
            {
                "id": "Elicit.Slot.587043485874.1239347149300",
                "variations": [
                    {
                        "type": "PlainText",
                        "value": "It would be nice if users could express consent to a post through a like functionality. What do you think about it?"
                    }
                ]
            },
            {
                "id": "Elicit.Slot.1326238111744.333734675310",
                "variations": [
                    {
                        "type": "PlainText",
                        "value": "In traditional social networks users can establish relationships. Is this your case?"
                    }
                ]
            }
        ]
    }
}
