{
   "elements":[
      {
         "attributes":{
            "name":"Wizard Pattern",
            "default":false,
            "landmark":false,
            "xor":false
         },
         "metadata":{
            "graphics":{
               "position":{
                  "x":0,
                  "y":0
               },
               "size":{
                  "height":350,
                  "width":1210
               }
            }
         },
         "id":"wizard-pattern-view-container",
         "type":"ifml.ViewContainer"
      },
      {
         "attributes":{
            "name":"Save",
            "parameters":[

            ],
            "results":[

            ]
         },
         "metadata":{
            "graphics":{
               "position":{
                  "x":1080,
                  "y":170
               },
               "size":{
                  "height":70,
                  "width":110
               },
               "parent":"wizard-pattern-view-container"
            }
         },
         "id":"save-action",
         "type":"ifml.Action"
      },
      {
         "attributes":{
            "name":"Basket Transaction Wizard",
            "default":false,
            "landmark":false,
            "xor":true
         },
         "metadata":{
            "graphics":{
               "position":{
                  "x":20,
                  "y":40
               },
               "size":{
                  "height":290,
                  "width":1030
               }
            }
         },
         "id":"xor-view-container",
         "type":"ifml.ViewContainer"
      },
      {
         "attributes":{
            "name":"Validate Step 1",
            "parameters":[

            ],
            "results":[

            ]
         },
         "metadata":{
            "graphics":{
               "position":{
                  "x":280,
                  "y":130
               },
               "size":{
                  "height":70,
                  "width":110
               },
               "parent":"xor-view-container"
            }
         },
         "id":"validate-step-1-action",
         "type":"ifml.Action"
      },
      {
         "attributes":{
            "name":"Previous",
            "parameters":[

            ],
            "results":[

            ]
         },
         "metadata":{
            "graphics":{
               "position":{
                  "x":280,
                  "y":240
               },
               "size":{
                  "height":70,
                  "width":110
               },
               "parent":"xor-view-container"
            }
         },
         "id":"previous-step-1-action",
         "type":"ifml.Action"
      },
      {
         "attributes":{
            "name":"Validate Step 2",
            "parameters":[

            ],
            "results":[

            ]
         },
         "metadata":{
            "graphics":{
               "position":{
                  "x":680,
                  "y":130
               },
               "size":{
                  "height":70,
                  "width":110
               },
               "parent":"xor-view-container"
            }
         },
         "id":"validate-step-2-action",
         "type":"ifml.Action"
      },
      {
         "attributes":{
            "name":"Previous",
            "parameters":[

            ],
            "results":[

            ]
         },
         "metadata":{
            "graphics":{
               "position":{
                  "x":680,
                  "y":240
               },
               "size":{
                  "height":70,
                  "width":110
               },
               "parent":"xor-view-container"
            }
         },
         "id":"previous-step-2-action",
         "type":"ifml.Action"
      },
      {
         "attributes":{
            "name":"Step 2",
            "default":false,
            "landmark":false,
            "xor":false
         },
         "metadata":{
            "graphics":{
               "position":{
                  "x":440,
                  "y":80
               },
               "size":{
                  "height":150,
                  "width":190
               }
            }
         },
         "id":"step-2-view-container",
         "type":"ifml.ViewContainer"
      },
      {
         "attributes":{
            "name":"Step 1",
            "default":true,
            "landmark":false,
            "xor":false
         },
         "metadata":{
            "graphics":{
               "position":{
                  "x":40,
                  "y":80
               },
               "size":{
                  "height":150,
                  "width":190
               }
            }
         },
         "id":"step-1-view-container",
         "type":"ifml.ViewContainer"
      },
      {
         "attributes":{
            "name":"Review",
            "default":false,
            "landmark":false,
            "xor":false
         },
         "metadata":{
            "graphics":{
               "position":{
                  "x":840,
                  "y":80
               },
               "size":{
                  "height":150,
                  "width":190
               }
            }
         },
         "id":"review-view-container",
         "type":"ifml.ViewContainer"
      },
      {
         "attributes":{
            "name":"Ko"
         },
         "metadata":{
            "graphics":{
               "position":{
                  "x":270,
                  "y":180
               },
               "name":{
                  "horizontal":"left-outer",
                  "vertical":"top"
               }
            }
         },
         "id":"ko-validate-step-1-event",
         "type":"ifml.Event"
      },
      {
         "attributes":{
            "name":"Ok"
         },
         "metadata":{
            "graphics":{
               "position":{
                  "x":380,
                  "y":130
               },
               "name":{
                  "horizontal":"left-outer",
                  "vertical":"top"
               }
            }
         },
         "id":"ok-validate-step-1-event",
         "type":"ifml.Event"
      },
      {
         "attributes":{
            "name":"To"
         },
         "metadata":{
            "graphics":{
               "position":{
                  "x":270,
                  "y":290
               },
               "name":{
                  "horizontal":"left-outer",
                  "vertical":"top"
               }
            }
         },
         "id":"to-step-1-event",
         "type":"ifml.Event"
      },
      {
         "attributes":{
            "name":"Ko"
         },
         "metadata":{
            "graphics":{
               "position":{
                  "x":670,
                  "y":180
               },
               "name":{
                  "horizontal":"left-outer",
                  "vertical":"top"
               }
            }
         },
         "id":"ko-validate-step-2-event",
         "type":"ifml.Event"
      },
      {
         "attributes":{
            "name":"Ok"
         },
         "metadata":{
            "graphics":{
               "position":{
                  "x":780,
                  "y":130
               },
               "name":{
                  "horizontal":"left-outer",
                  "vertical":"top"
               }
            }
         },
         "id":"ok-validate-step-2-event",
         "type":"ifml.Event"
      },
      {
         "attributes":{
            "name":"To"
         },
         "metadata":{
            "graphics":{
               "position":{
                  "x":670,
                  "y":290
               },
               "name":{
                  "horizontal":"left-outer",
                  "vertical":"top"
               }
            }
         },
         "id":"to-step-2-event",
         "type":"ifml.Event"
      },
      {
         "attributes":{
            "name":"Cancel"
         },
         "metadata":{
            "graphics":{
               "position":{
                  "x":620,
                  "y":110
               },
               "name":{
                  "horizontal":"right-outer",
                  "vertical":"top"
               }
            }
         },
         "id":"cancel-step-2-event",
         "type":"ifml.Event"
      },
      {
         "attributes":{
            "name":"Payment",
            "stereotype":"form",
            "fields":[

            ]
         },
         "metadata":{
            "graphics":{
               "position":{
                  "x":460,
                  "y":120
               },
               "size":{
                  "height":90,
                  "width":150
               }
            }
         },
         "id":"step-2-form",
         "type":"ifml.ViewComponent"
      },
      {
         "attributes":{
            "name":"Shipping Address",
            "stereotype":"form",
            "fields":[

            ]
         },
         "metadata":{
            "graphics":{
               "position":{
                  "x":60,
                  "y":120
               },
               "size":{
                  "height":90,
                  "width":150
               }
            }
         },
         "id":"step-1-form",
         "type":"ifml.ViewComponent"
      },
      {
         "attributes":{
            "name":"Cancel"
         },
         "metadata":{
            "graphics":{
               "position":{
                  "x":220,
                  "y":110
               },
               "name":{
                  "horizontal":"right-outer",
                  "vertical":"top"
               }
            }
         },
         "id":"cancel-step-1-event",
         "type":"ifml.Event"
      },
      {
         "attributes":{
            "name":"Cancel"
         },
         "metadata":{
            "graphics":{
               "position":{
                  "x":1020,
                  "y":110
               },
               "name":{
                  "horizontal":"right-outer",
                  "vertical":"top"
               }
            }
         },
         "id":"cancel-review-event",
         "type":"ifml.Event"
      },
      {
         "attributes":{
            "name":"Review",
            "stereotype":"details",
            "fields":[

            ],
            "collection":"wizard"
         },
         "metadata":{
            "graphics":{
               "position":{
                  "x":860,
                  "y":120
               },
               "size":{
                  "height":90,
                  "width":150
               }
            }
         },
         "id":"review-details",
         "type":"ifml.ViewComponent"
      },
      {
         "attributes":{
            "name":"Previous"
         },
         "metadata":{
            "graphics":{
               "position":{
                  "x":450,
                  "y":190
               },
               "name":{
                  "horizontal":"left-outer",
                  "vertical":"top"
               }
            }
         },
         "id":"previous-step-2-event",
         "type":"ifml.Event"
      },
      {
         "attributes":{
            "name":"Next"
         },
         "metadata":{
            "graphics":{
               "position":{
                  "x":600,
                  "y":150
               },
               "name":{
                  "horizontal":"right-outer",
                  "vertical":"top"
               }
            }
         },
         "id":"next-step-2-event",
         "type":"ifml.Event"
      },
      {
         "attributes":{
            "name":"Next"
         },
         "metadata":{
            "graphics":{
               "position":{
                  "x":200,
                  "y":150
               },
               "name":{
                  "horizontal":"right-outer",
                  "vertical":"top"
               }
            }
         },
         "id":"next-step-1-event",
         "type":"ifml.Event"
      },
      {
         "attributes":{
            "name":"Previous"
         },
         "metadata":{
            "graphics":{
               "position":{
                  "x":850,
                  "y":190
               },
               "name":{
                  "horizontal":"left-outer",
                  "vertical":"top"
               }
            }
         },
         "id":"previous-review-event",
         "type":"ifml.Event"
      },
      {
         "attributes":{
            "name":"end"
         },
         "metadata":{
            "graphics":{
               "position":{
                  "x":990,
                  "y":200
               },
               "name":{
                  "horizontal":"left-outer",
                  "vertical":"top"
               }
            }
         },
         "id":"end-wizard-event",
         "type":"ifml.Event"
      },
      {
         "attributes":{
            "bindings":[

            ]
         },
         "metadata":{
            "graphics":{

            }
         },
         "id":"end-navigation-flow",
         "type":"ifml.NavigationFlow"
      },
      {
         "attributes":{
            "bindings":[

            ]
         },
         "metadata":{
            "graphics":{

            }
         },
         "id":"ko-validate-step-1-navigation-flow",
         "type":"ifml.NavigationFlow"
      },
      {
         "attributes":{
            "bindings":[

            ]
         },
         "metadata":{
            "graphics":{
               "vertices":[

               ]
            }
         },
         "id":"ko-validate-step-2-navigation-flow",
         "type":"ifml.NavigationFlow"
      },
      {
         "attributes":{
            "bindings":[

            ]
         },
         "metadata":{
            "graphics":{

            }
         },
         "id":"next-step-1-navigation-flow",
         "type":"ifml.NavigationFlow"
      },
      {
         "attributes":{
            "bindings":[

            ]
         },
         "metadata":{
            "graphics":{

            }
         },
         "id":"next-step-2-navigation-flow",
         "type":"ifml.NavigationFlow"
      },
      {
         "attributes":{
            "bindings":[

            ]
         },
         "metadata":{
            "graphics":{

            }
         },
         "id":"ok-validate-step-1-navigation-flow",
         "type":"ifml.NavigationFlow"
      },
      {
         "attributes":{
            "bindings":[

            ]
         },
         "metadata":{
            "graphics":{

            }
         },
         "id":"ok-validate-step-2-navigation-flow",
         "type":"ifml.NavigationFlow"
      },
      {
         "attributes":{
            "bindings":[

            ]
         },
         "metadata":{
            "graphics":{
               "vertices":[
                  {
                     "x":460,
                     "y":280
                  }
               ]
            }
         },
         "id":"previous-step-2-navigation-flow",
         "type":"ifml.NavigationFlow"
      },
      {
         "attributes":{
            "bindings":[

            ]
         },
         "metadata":{
            "graphics":{
               "vertices":[
                  {
                     "x":860,
                     "y":280
                  }
               ]
            }
         },
         "id":"previous-review-navigation-flow",
         "type":"ifml.NavigationFlow"
      },
      {
         "attributes":{
            "bindings":[

            ]
         },
         "metadata":{
            "graphics":{
               "vertices":[
                  {
                     "x":140,
                     "y":300
                  }
               ]
            }
         },
         "id":"to-step-1-navigation-flow",
         "type":"ifml.NavigationFlow"
      },
      {
         "attributes":{
            "bindings":[

            ]
         },
         "metadata":{
            "graphics":{
               "vertices":[
                  {
                     "x":540,
                     "y":300
                  }
               ]
            }
         },
         "id":"to-step-2-navigation-flow",
         "type":"ifml.NavigationFlow"
      }
   ],
   "relations":[
      {
         "type":"hierarchy",
         "parent":"wizard-pattern-view-container",
         "child":"xor-view-container"
      },
      {
         "type":"hierarchy",
         "parent":"xor-view-container",
         "child":"step-2-view-container"
      },
      {
         "type":"hierarchy",
         "parent":"xor-view-container",
         "child":"step-1-view-container"
      },
      {
         "type":"hierarchy",
         "parent":"xor-view-container",
         "child":"review-view-container"
      },
      {
         "type":"hierarchy",
         "parent":"validate-step-1-action",
         "child":"ko-validate-step-1-event"
      },
      {
         "type":"hierarchy",
         "parent":"validate-step-1-action",
         "child":"ok-validate-step-1-event"
      },
      {
         "type":"hierarchy",
         "parent":"previous-step-1-action",
         "child":"to-step-1-event"
      },
      {
         "type":"hierarchy",
         "parent":"validate-step-2-action",
         "child":"ko-validate-step-2-event"
      },
      {
         "type":"hierarchy",
         "parent":"validate-step-2-action",
         "child":"ok-validate-step-2-event"
      },
      {
         "type":"hierarchy",
         "parent":"previous-step-2-action",
         "child":"to-step-2-event"
      },
      {
         "type":"hierarchy",
         "parent":"step-2-view-container",
         "child":"cancel-step-2-event"
      },
      {
         "type":"hierarchy",
         "parent":"step-2-view-container",
         "child":"step-2-form"
      },
      {
         "type":"hierarchy",
         "parent":"step-1-view-container",
         "child":"step-1-form"
      },
      {
         "type":"hierarchy",
         "parent":"step-1-view-container",
         "child":"cancel-step-1-event"
      },
      {
         "type":"hierarchy",
         "parent":"review-view-container",
         "child":"cancel-review-event"
      },
      {
         "type":"hierarchy",
         "parent":"review-view-container",
         "child":"review-details"
      },
      {
         "type":"hierarchy",
         "parent":"step-2-form",
         "child":"previous-step-2-event"
      },
      {
         "type":"hierarchy",
         "parent":"step-2-form",
         "child":"next-step-2-event"
      },
      {
         "type":"hierarchy",
         "parent":"step-1-form",
         "child":"next-step-1-event"
      },
      {
         "type":"hierarchy",
         "parent":"review-details",
         "child":"previous-review-event"
      },
      {
         "type":"hierarchy",
         "parent":"review-details",
         "child":"end-wizard-event"
      },
      {
         "type":"source",
         "flow":"end-navigation-flow",
         "source":"end-wizard-event"
      },
      {
         "type":"source",
         "flow":"ko-validate-step-1-navigation-flow",
         "source":"ko-validate-step-1-event"
      },
      {
         "type":"source",
         "flow":"ko-validate-step-2-navigation-flow",
         "source":"ko-validate-step-2-event"
      },
      {
         "type":"source",
         "flow":"next-step-1-navigation-flow",
         "source":"next-step-1-event"
      },
      {
         "type":"source",
         "flow":"next-step-2-navigation-flow",
         "source":"next-step-2-event"
      },
      {
         "type":"source",
         "flow":"ok-validate-step-1-navigation-flow",
         "source":"ok-validate-step-1-event"
      },
      {
         "type":"source",
         "flow":"ok-validate-step-2-navigation-flow",
         "source":"ok-validate-step-2-event"
      },
      {
         "type":"source",
         "flow":"previous-step-2-navigation-flow",
         "source":"previous-step-2-event"
      },
      {
         "type":"source",
         "flow":"previous-review-navigation-flow",
         "source":"previous-review-event"
      },
      {
         "type":"source",
         "flow":"to-step-1-navigation-flow",
         "source":"to-step-1-event"
      },
      {
         "type":"source",
         "flow":"to-step-2-navigation-flow",
         "source":"to-step-2-event"
      },
      {
         "type":"target",
         "flow":"end-navigation-flow",
         "target":"save-action"
      },
      {
         "type":"target",
         "flow":"ko-validate-step-1-navigation-flow",
         "target":"step-1-form"
      },
      {
         "type":"target",
         "flow":"ko-validate-step-2-navigation-flow",
         "target":"step-2-form"
      },
      {
         "type":"target",
         "flow":"next-step-1-navigation-flow",
         "target":"validate-step-1-action"
      },
      {
         "type":"target",
         "flow":"next-step-2-navigation-flow",
         "target":"validate-step-2-action"
      },
      {
         "type":"target",
         "flow":"ok-validate-step-1-navigation-flow",
         "target":"step-2-form"
      },
      {
         "type":"target",
         "flow":"ok-validate-step-2-navigation-flow",
         "target":"review-details"
      },
      {
         "type":"target",
         "flow":"previous-step-2-navigation-flow",
         "target":"previous-step-1-action"
      },
      {
         "type":"target",
         "flow":"previous-review-navigation-flow",
         "target":"previous-step-2-action"
      },
      {
         "type":"target",
         "flow":"to-step-1-navigation-flow",
         "target":"step-1-form"
      },
      {
         "type":"target",
         "flow":"to-step-2-navigation-flow",
         "target":"step-2-form"
      }
   ],
   "statistics":{
      "session":{
         "started_at":"2018-10-21T14:01:31.304Z",
         "ended_at":"2018-10-21T14:10:09.694Z"
      }
   }
}
