{
   "elements":[
      {
         "attributes":{
            "name":"Sign up and Log In Pattern",
            "default":true,
            "landmark":false,
            "xor":false
         },
         "metadata":{
            "graphics":{
               "position":{
                  "x":430,
                  "y":-100
               },
               "size":{
                  "height":370,
                  "width":490
               }
            }
         },
         "id":"sign-up-and-log-in-pattern-view-container",
         "type":"ifml.ViewContainer"
      },
      {
         "attributes":{
            "name":"Log In",
            "parameters":[

            ],
            "results":[

            ]
         },
         "metadata":{
            "graphics":{
               "position":{
                  "x":520,
                  "y":170
               },
               "size":{
                  "height":80,
                  "width":115
               },
               "parent":"sign-up-and-log-in-pattern-view-container"
            }
         },
         "id":"log-in-action",
         "type":"ifml.Action"
      },
      {
         "attributes":{
            "name":"Xor",
            "default":false,
            "landmark":false,
            "xor":true
         },
         "metadata":{
            "graphics":{
               "position":{
                  "x":450,
                  "y":-60
               },
               "size":{
                  "height":200,
                  "width":450
               }
            }
         },
         "id":"xor-view-container",
         "type":"ifml.ViewContainer"
      },
      {
         "attributes":{
            "name":"Done"
         },
         "metadata":{
            "graphics":{
               "position":{
                  "x":510,
                  "y":200
               },
               "name":{
                  "horizontal":"middle",
                  "vertical":"top"
               }
            }
         },
         "id":"done-log-in-event",
         "type":"ifml.Event"
      },
      {
         "attributes":{
            "name":"Failed"
         },
         "metadata":{
            "graphics":{
               "position":{
                  "x":590,
                  "y":160
               },
               "name":{
                  "horizontal":"middle",
                  "vertical":"bottom"
               }
            }
         },
         "id":"failed-log-in-event",
         "type":"ifml.Event"
      },
      {
         "attributes":{
            "name":"Log In",
            "default":true,
            "landmark":false,
            "xor":false
         },
         "metadata":{
            "graphics":{
               "position":{
                  "x":470,
                  "y":-20
               },
               "size":{
                  "height":140,
                  "width":190
               }
            }
         },
         "id":"log-in-view-container",
         "type":"ifml.ViewContainer"
      },
      {
         "attributes":{
            "name":"Log In Form",
            "stereotype":"form",
            "fields":[

            ]
         },
         "metadata":{
            "graphics":{
               "position":{
                  "x":490,
                  "y":20
               },
               "size":{
                  "height":80,
                  "width":150
               }
            }
         },
         "id":"log-in-form",
         "type":"ifml.ViewComponent"
      },
      {
         "attributes":{
            "name":"Sign Up"
         },
         "metadata":{
            "graphics":{
               "position":{
                  "x":630,
                  "y":20
               },
               "name":{
                  "horizontal":"middle",
                  "vertical":"top"
               }
            }
         },
         "id":"sign-up-event",
         "type":"ifml.Event"
      },
      {
         "attributes":{
            "name":"Log In"
         },
         "metadata":{
            "graphics":{
               "position":{
                  "x":540,
                  "y":90
               },
               "name":{
                  "horizontal":"middle",
                  "vertical":"top"
               }
            }
         },
         "id":"log-in-event",
         "type":"ifml.Event"
      },
      {
         "attributes":{
            "name":"Sign Up",
            "default":false,
            "landmark":false,
            "xor":false
         },
         "metadata":{
            "graphics":{
               "position":{
                  "x":690,
                  "y":-20
               },
               "size":{
                  "height":140,
                  "width":190
               }
            }
         },
         "id":"sign-up-view-container",
         "type":"ifml.ViewContainer"
      },
      {
         "attributes":{
            "name":"Sign Up Form",
            "stereotype":"form",
            "fields":[

            ]
         },
         "metadata":{
            "graphics":{
               "position":{
                  "x":710,
                  "y":20
               },
               "size":{
                  "height":80,
                  "width":150
               }
            }
         },
         "id":"sign-up-form",
         "type":"ifml.ViewComponent"
      },
      {
         "attributes":{
            "name":"Log In"
         },
         "metadata":{
            "graphics":{
               "position":{
                  "x":700,
                  "y":50
               },
               "name":{
                  "horizontal":"middle",
                  "vertical":"top"
               }
            }
         },
         "id":"back-to-log-in-event",
         "type":"ifml.Event"
      },
      {
         "attributes":{
            "name":"Registration"
         },
         "metadata":{
            "graphics":{
               "position":{
                  "x":760,
                  "y":90
               },
               "name":{
                  "horizontal":"middle",
                  "vertical":"top"
               }
            }
         },
         "id":"registration-event",
         "type":"ifml.Event"
      },
      {
         "attributes":{
            "name":"Registration",
            "parameters":[
               {
                  "label":"name"
               },
               {
                  "label":"surname"
               },
               {
                  "label":"username"
               },
               {
                  "label":"password"
               }
            ],
            "results":[
               {
                  "label":"name"
               },
               {
                  "label":"name-error"
               },
               {
                  "label":"surname"
               },
               {
                  "label":"surname-error"
               },
               {
                  "label":"username"
               },
               {
                  "label":"username-error"
               },
               {
                  "label":"password"
               },
               {
                  "label":"password-error"
               }
            ]
         },
         "metadata":{
            "graphics":{
               "position":{
                  "x":710,
                  "y":170
               },
               "size":{
                  "height":80,
                  "width":160
               },
               "parent":"sign-up-and-log-in-pattern-view-container"
            }
         },
         "id":"registration-action",
         "type":"ifml.Action"
      },
      {
         "attributes":{
            "name":"Done"
         },
         "metadata":{
            "graphics":{
               "position":{
                  "x":700,
                  "y":180
               },
               "name":{
                  "horizontal":"middle",
                  "vertical":"top"
               }
            }
         },
         "id":"done-registration-event",
         "type":"ifml.Event"
      },
      {
         "attributes":{
            "name":"Registration"
         },
         "metadata":{
            "graphics":{
               "position":{
                  "x":810,
                  "y":160
               },
               "name":{
                  "horizontal":"middle",
                  "vertical":"bottom"
               }
            }
         },
         "id":"failed-registration-event",
         "type":"ifml.Event"
      },
      {
         "attributes":{
            "bindings":[

            ]
         },
         "metadata":{
            "graphics":{
               "vertices":[
                  {
                     "x":650,
                     "y":190
                  }
               ]
            }
         },
         "id":"done-registration-navigation-flow",
         "type":"ifml.NavigationFlow"
      },
      {
         "attributes":{
            "bindings":[

            ]
         },
         "metadata":{
            "graphics":{
               "vertices":[

               ]
            }
         },
         "id":"failed-log-in-navigation-flow",
         "type":"ifml.NavigationFlow"
      },
      {
         "attributes":{
            "bindings":[

            ]
         },
         "metadata":{
            "graphics":{
               "vertices":[

               ]
            }
         },
         "id":"failed-registration-navigation-flow",
         "type":"ifml.NavigationFlow"
      },
      {
         "attributes":{
            "bindings":[

            ]
         },
         "metadata":{
            "graphics":{

            }
         },
         "id":"log-in-navigation-flow",
         "type":"ifml.NavigationFlow"
      },
      {
         "attributes":{
            "bindings":[

            ]
         },
         "metadata":{
            "graphics":{
               "vertices":[

               ]
            }
         },
         "id":"registration-navigation-flow",
         "type":"ifml.NavigationFlow"
      },
      {
         "attributes":{
            "bindings":[

            ]
         },
         "metadata":{
            "graphics":{
               "vertices":[

               ]
            }
         },
         "id":"to-log-in-navigation-flow",
         "type":"ifml.NavigationFlow"
      },
      {
         "attributes":{
            "bindings":[

            ]
         },
         "metadata":{
            "graphics":{

            }
         },
         "id":"to-sign-up-navigation-flow",
         "type":"ifml.NavigationFlow"
      }
   ],
   "relations":[
      {
         "type":"hierarchy",
         "parent":"sign-up-and-log-in-pattern-view-container",
         "child":"xor-view-container"
      },
      {
         "type":"hierarchy",
         "parent":"log-in-action",
         "child":"done-log-in-event"
      },
      {
         "type":"hierarchy",
         "parent":"log-in-action",
         "child":"failed-log-in-event"
      },
      {
         "type":"hierarchy",
         "parent":"xor-view-container",
         "child":"log-in-view-container"
      },
      {
         "type":"hierarchy",
         "parent":"log-in-view-container",
         "child":"log-in-form"
      },
      {
         "type":"hierarchy",
         "parent":"log-in-form",
         "child":"sign-up-event"
      },
      {
         "type":"hierarchy",
         "parent":"log-in-form",
         "child":"log-in-event"
      },
      {
         "type":"hierarchy",
         "parent":"xor-view-container",
         "child":"sign-up-view-container"
      },
      {
         "type":"hierarchy",
         "parent":"sign-up-view-container",
         "child":"sign-up-form"
      },
      {
         "type":"hierarchy",
         "parent":"sign-up-form",
         "child":"back-to-log-in-event"
      },
      {
         "type":"hierarchy",
         "parent":"sign-up-form",
         "child":"registration-event"
      },
      {
         "type":"hierarchy",
         "parent":"registration-action",
         "child":"done-registration-event"
      },
      {
         "type":"hierarchy",
         "parent":"registration-action",
         "child":"failed-registration-event"
      },
      {
         "type":"source",
         "flow":"done-registration-navigation-flow",
         "source":"done-registration-event"
      },
      {
         "type":"source",
         "flow":"failed-log-in-navigation-flow",
         "source":"failed-log-in-event"
      },
      {
         "type":"source",
         "flow":"failed-registration-navigation-flow",
         "source":"failed-registration-event"
      },
      {
         "type":"source",
         "flow":"log-in-navigation-flow",
         "source":"log-in-event"
      },
      {
         "type":"source",
         "flow":"registration-navigation-flow",
         "source":"registration-event"
      },
      {
         "type":"source",
         "flow":"to-log-in-navigation-flow",
         "source":"back-to-log-in-event"
      },
      {
         "type":"source",
         "flow":"to-sign-up-navigation-flow",
         "source":"sign-up-event"
      },
      {
         "type":"target",
         "flow":"done-registration-navigation-flow",
         "target":"log-in-view-container"
      },
      {
         "type":"target",
         "flow":"failed-log-in-navigation-flow",
         "target":"log-in-form"
      },
      {
         "type":"target",
         "flow":"failed-registration-navigation-flow",
         "target":"sign-up-form"
      },
      {
         "type":"target",
         "flow":"log-in-navigation-flow",
         "target":"log-in-action"
      },
      {
         "type":"target",
         "flow":"registration-navigation-flow",
         "target":"registration-action"
      },
      {
         "type":"target",
         "flow":"to-log-in-navigation-flow",
         "target":"log-in-view-container"
      },
      {
         "type":"target",
         "flow":"to-sign-up-navigation-flow",
         "target":"sign-up-view-container"
      }
   ],
   "statistics":{
      "session":{
         "started_at":"2018-11-30T16:16:08.758Z",
         "ended_at":"2018-11-30T16:23:23.607Z"
      }
   }
}
