{
   "elements":[
      {
         "attributes":{
            "name":"Content Management Pattern",
            "default":false,
            "landmark":false,
            "xor":false
         },
         "metadata":{
            "graphics":{
               "position":{
                  "x":-20,
                  "y":-40
               },
               "size":{
                  "height":540,
                  "width":900
               }
            }
         },
         "id":"content-management-pattern-view-container",
         "type":"ifml.ViewContainer"
      },
      {
         "attributes":{
            "name":"Page Editor",
            "default":false,
            "landmark":false,
            "xor":true
         },
         "metadata":{
            "graphics":{
               "position":{
                  "x":0,
                  "y":0
               },
               "size":{
                  "height":480,
                  "width":860
               }
            }
         },
         "id":"xor-view-container",
         "type":"ifml.ViewContainer"
      },
      {
         "attributes":{
            "name":"Create or Modify",
            "parameters":[

            ],
            "results":[
               {
                  "label":"id"
               }
            ]
         },
         "metadata":{
            "graphics":{
               "position":{
                  "x":490,
                  "y":290
               },
               "size":{
                  "height":60,
                  "width":120
               },
               "parent":"xor-view-container"
            }
         },
         "id":"create-modify-action",
         "type":"ifml.Action"
      },
      {
         "attributes":{
            "name":"Delete",
            "parameters":[
               {
                  "label":"id"
               }
            ],
            "results":[

            ]
         },
         "metadata":{
            "graphics":{
               "position":{
                  "x":310,
                  "y":350
               },
               "size":{
                  "height":50,
                  "width":75
               },
               "parent":"xor-view-container"
            }
         },
         "id":"delete-action",
         "type":"ifml.Action"
      },
      {
         "attributes":{
            "name":"Load Content",
            "parameters":[
               {
                  "label":"id"
               }
            ],
            "results":[

            ]
         },
         "metadata":{
            "graphics":{
               "position":{
                  "x":490,
                  "y":390
               },
               "size":{
                  "height":60,
                  "width":120
               },
               "parent":"xor-view-container"
            }
         },
         "id":"load-content-action",
         "type":"ifml.Action"
      },
      {
         "attributes":{
            "name":"Data Entry",
            "default":false,
            "landmark":true,
            "xor":false
         },
         "metadata":{
            "graphics":{
               "position":{
                  "x":380,
                  "y":60
               },
               "size":{
                  "height":150,
                  "width":200
               }
            }
         },
         "id":"data-entry-view-container",
         "type":"ifml.ViewContainer"
      },
      {
         "attributes":{
            "name":"Page Display",
            "default":false,
            "landmark":false,
            "xor":false
         },
         "metadata":{
            "graphics":{
               "position":{
                  "x":600,
                  "y":60
               },
               "size":{
                  "height":150,
                  "width":240
               }
            }
         },
         "id":"page-display-view-container",
         "type":"ifml.ViewContainer"
      },
      {
         "attributes":{
            "name":"Modal Confirmation",
            "default":false,
            "landmark":false,
            "xor":false
         },
         "metadata":{
            "graphics":{
               "position":{
                  "x":70,
                  "y":240
               },
               "size":{
                  "height":160,
                  "width":210
               }
            }
         },
         "id":"modal-confirmation-view-container",
         "type":"ifml.ViewContainer"
      },
      {
         "attributes":{
            "name":"Pages",
            "default":true,
            "landmark":true,
            "xor":false
         },
         "metadata":{
            "graphics":{
               "position":{
                  "x":80,
                  "y":50
               },
               "size":{
                  "height":150,
                  "width":220
               }
            }
         },
         "id":"pages-view-container",
         "type":"ifml.ViewContainer"
      },
      {
         "attributes":{
            "name":"Done"
         },
         "metadata":{
            "graphics":{
               "position":{
                  "x":600,
                  "y":290
               },
               "name":{
                  "horizontal":"middle",
                  "vertical":"top"
               }
            }
         },
         "id":"done-create-modify-event",
         "type":"ifml.Event"
      },
      {
         "attributes":{
            "name":"Failed"
         },
         "metadata":{
            "graphics":{
               "position":{
                  "x":500,
                  "y":280
               },
               "name":{
                  "horizontal":"left-outer",
                  "vertical":"top"
               }
            }
         },
         "id":"failed-create-modify-event",
         "type":"ifml.Event"
      },
      {
         "attributes":{
            "name":"Done"
         },
         "metadata":{
            "graphics":{
               "position":{
                  "x":340,
                  "y":340
               },
               "name":{
                  "horizontal":"left-outer",
                  "vertical":"top"
               }
            }
         },
         "id":"done-delete-event",
         "type":"ifml.Event"
      },
      {
         "attributes":{
            "name":"Done"
         },
         "metadata":{
            "graphics":{
               "position":{
                  "x":480,
                  "y":390
               },
               "name":{
                  "horizontal":"middle",
                  "vertical":"top"
               }
            }
         },
         "id":"done-load-content-event",
         "type":"ifml.Event"
      },
      {
         "attributes":{
            "name":"Failed"
         },
         "metadata":{
            "graphics":{
               "position":{
                  "x":480,
                  "y":430
               },
               "name":{
                  "horizontal":"middle",
                  "vertical":"bottom"
               }
            }
         },
         "id":"failed-load-content-event",
         "type":"ifml.Event"
      },
      {
         "attributes":{
            "name":"Data Entry",
            "stereotype":"form",
            "fields":[

            ]
         },
         "metadata":{
            "graphics":{
               "position":{
                  "x":400,
                  "y":120
               },
               "size":{
                  "height":70,
                  "width":150
               }
            }
         },
         "id":"data-entry-form",
         "type":"ifml.ViewComponent"
      },
      {
         "attributes":{
            "name":"Page",
            "stereotype":"details",
            "fields":[

            ],
            "collection":"page"
         },
         "metadata":{
            "graphics":{
               "position":{
                  "x":660,
                  "y":130
               },
               "size":{
                  "height":60,
                  "width":170
               }
            }
         },
         "id":"page-details",
         "type":"ifml.ViewComponent"
      },
      {
         "attributes":{
            "name":"Cancel"
         },
         "metadata":{
            "graphics":{
               "position":{
                  "x":130,
                  "y":390
               },
               "name":{
                  "horizontal":"middle",
                  "vertical":"top"
               }
            }
         },
         "id":"cancel-confirmation-event",
         "type":"ifml.Event"
      },
      {
         "attributes":{
            "name":"Delete Page",
            "stereotype":"details",
            "fields":[

            ],
            "collection":""
         },
         "metadata":{
            "graphics":{
               "position":{
                  "x":90,
                  "y":310
               },
               "size":{
                  "height":60,
                  "width":150
               }
            }
         },
         "id":"delete-page-details",
         "type":"ifml.ViewComponent"
      },
      {
         "attributes":{
            "name":"Pages",
            "stereotype":"list",
            "fields":[

            ],
            "collection":"",
            "filters":[

            ]
         },
         "metadata":{
            "graphics":{
               "position":{
                  "x":100,
                  "y":80
               },
               "size":{
                  "height":60,
                  "width":180
               }
            }
         },
         "id":"pages-list",
         "type":"ifml.ViewComponent"
      },
      {
         "attributes":{
            "name":"Submit"
         },
         "metadata":{
            "graphics":{
               "position":{
                  "x":520,
                  "y":180
               },
               "name":{
                  "horizontal":"middle",
                  "vertical":"top"
               }
            }
         },
         "id":"submit-event",
         "type":"ifml.Event"
      },
      {
         "attributes":{
            "name":"Modify"
         },
         "metadata":{
            "graphics":{
               "position":{
                  "x":650,
                  "y":140
               },
               "name":{
                  "horizontal":"left-outer",
                  "vertical":"top"
               }
            }
         },
         "id":"modify-page-event",
         "type":"ifml.Event"
      },
      {
         "attributes":{
            "name":"Delete"
         },
         "metadata":{
            "graphics":{
               "position":{
                  "x":230,
                  "y":350
               },
               "name":{
                  "horizontal":"middle",
                  "vertical":"top"
               }
            }
         },
         "id":"delete-confirmation-event",
         "type":"ifml.Event"
      },
      {
         "attributes":{
            "name":"Modify"
         },
         "metadata":{
            "graphics":{
               "position":{
                  "x":260,
                  "y":130
               },
               "name":{
                  "horizontal":"middle",
                  "vertical":"bottom"
               }
            }
         },
         "id":"modify-event",
         "type":"ifml.Event"
      },
      {
         "attributes":{
            "name":"Delete"
         },
         "metadata":{
            "graphics":{
               "position":{
                  "x":160,
                  "y":130
               },
               "name":{
                  "horizontal":"left-outer",
                  "vertical":"bottom"
               }
            }
         },
         "id":"delete-event",
         "type":"ifml.Event"
      },
      {
         "attributes":{
            "name":"Display"
         },
         "metadata":{
            "graphics":{
               "position":{
                  "x":270,
                  "y":90
               },
               "name":{
                  "horizontal":"middle",
                  "vertical":"top"
               }
            }
         },
         "id":"display-event",
         "type":"ifml.Event"
      },
      {
         "attributes":{
            "bindings":[

            ]
         },
         "metadata":{
            "graphics":{
               "vertices":[
                  {
                     "x":140,
                     "y":430
                  },
                  {
                     "x":20,
                     "y":430
                  },
                  {
                     "x":20,
                     "y":110
                  }
               ]
            }
         },
         "id":"cancel-confirmation-navigation-flow",
         "type":"ifml.NavigationFlow"
      },
      {
         "attributes":{
            "bindings":[
               {
                  "input":"id",
                  "output":"id"
               }
            ]
         },
         "metadata":{
            "graphics":{

            }
         },
         "id":"delete-confirmation-navigation-flow",
         "type":"ifml.NavigationFlow"
      },
      {
         "attributes":{
            "bindings":[
               {
                  "input":"id",
                  "output":"id"
               }
            ]
         },
         "metadata":{
            "graphics":{

            }
         },
         "id":"delete-navigation-flow",
         "type":"ifml.NavigationFlow"
      },
      {
         "attributes":{
            "bindings":[

            ]
         },
         "metadata":{
            "graphics":{

            }
         },
         "id":"details-to-modify-navigation-flow",
         "type":"ifml.NavigationFlow"
      },
      {
         "attributes":{
            "bindings":[
               {
                  "input":"id",
                  "output":"id"
               }
            ]
         },
         "metadata":{
            "graphics":{
               "vertices":[
                  {
                     "x":330,
                     "y":100
                  },
                  {
                     "x":330,
                     "y":40
                  },
                  {
                     "x":770,
                     "y":40
                  }
               ]
            }
         },
         "id":"display-navigation-flow",
         "type":"ifml.NavigationFlow"
      },
      {
         "attributes":{
            "bindings":[
               {
                  "input":"id",
                  "output":"id"
               }
            ]
         },
         "metadata":{
            "graphics":{
               "vertices":[
                  {
                     "x":810,
                     "y":300
                  }
               ]
            }
         },
         "id":"done-create-modify-navigation-flow",
         "type":"ifml.NavigationFlow"
      },
      {
         "attributes":{
            "bindings":[

            ]
         },
         "metadata":{
            "graphics":{
               "vertices":[
                  {
                     "x":350,
                     "y":230
                  },
                  {
                     "x":210,
                     "y":230
                  }
               ]
            }
         },
         "id":"done-delete-navigation-flow",
         "type":"ifml.NavigationFlow"
      },
      {
         "attributes":{
            "bindings":[

            ]
         },
         "metadata":{
            "graphics":{
               "vertices":[
                  {
                     "x":450,
                     "y":400
                  }
               ]
            }
         },
         "id":"done-load-content-navigation-flow",
         "type":"ifml.NavigationFlow"
      },
      {
         "attributes":{
            "bindings":[

            ]
         },
         "metadata":{
            "graphics":{
               "vertices":[
                  {
                     "x":40,
                     "y":440
                  },
                  {
                     "x":40,
                     "y":170
                  }
               ]
            }
         },
         "id":"failed-load-content-navigation-flow",
         "type":"ifml.NavigationFlow"
      },
      {
         "attributes":{
            "bindings":[

            ]
         },
         "metadata":{
            "graphics":{
               "vertices":[

               ]
            }
         },
         "id":"failed-submit-navigation-flow",
         "type":"ifml.NavigationFlow"
      },
      {
         "attributes":{
            "bindings":[
               {
                  "input":"id",
                  "output":"id"
               }
            ]
         },
         "metadata":{
            "graphics":{
               "vertices":[
                  {
                     "x":340,
                     "y":140
                  },
                  {
                     "x":340,
                     "y":220
                  },
                  {
                     "x":420,
                     "y":220
                  },
                  {
                     "x":420,
                     "y":420
                  }
               ]
            }
         },
         "id":"modify-navigation-flow",
         "type":"ifml.NavigationFlow"
      },
      {
         "attributes":{
            "bindings":[

            ]
         },
         "metadata":{
            "graphics":{

            }
         },
         "id":"submit-navigation-flow",
         "type":"ifml.NavigationFlow"
      }
   ],
   "relations":[
      {
         "type":"hierarchy",
         "parent":"content-management-pattern-view-container",
         "child":"xor-view-container"
      },
      {
         "type":"hierarchy",
         "parent":"xor-view-container",
         "child":"data-entry-view-container"
      },
      {
         "type":"hierarchy",
         "parent":"xor-view-container",
         "child":"page-display-view-container"
      },
      {
         "type":"hierarchy",
         "parent":"xor-view-container",
         "child":"modal-confirmation-view-container"
      },
      {
         "type":"hierarchy",
         "parent":"xor-view-container",
         "child":"pages-view-container"
      },
      {
         "type":"hierarchy",
         "parent":"create-modify-action",
         "child":"done-create-modify-event"
      },
      {
         "type":"hierarchy",
         "parent":"create-modify-action",
         "child":"failed-create-modify-event"
      },
      {
         "type":"hierarchy",
         "parent":"delete-action",
         "child":"done-delete-event"
      },
      {
         "type":"hierarchy",
         "parent":"load-content-action",
         "child":"done-load-content-event"
      },
      {
         "type":"hierarchy",
         "parent":"load-content-action",
         "child":"failed-load-content-event"
      },
      {
         "type":"hierarchy",
         "parent":"data-entry-view-container",
         "child":"data-entry-form"
      },
      {
         "type":"hierarchy",
         "parent":"page-display-view-container",
         "child":"page-details"
      },
      {
         "type":"hierarchy",
         "parent":"modal-confirmation-view-container",
         "child":"cancel-confirmation-event"
      },
      {
         "type":"hierarchy",
         "parent":"modal-confirmation-view-container",
         "child":"delete-page-details"
      },
      {
         "type":"hierarchy",
         "parent":"pages-view-container",
         "child":"pages-list"
      },
      {
         "type":"hierarchy",
         "parent":"data-entry-form",
         "child":"submit-event"
      },
      {
         "type":"hierarchy",
         "parent":"page-details",
         "child":"modify-page-event"
      },
      {
         "type":"hierarchy",
         "parent":"delete-page-details",
         "child":"delete-confirmation-event"
      },
      {
         "type":"hierarchy",
         "parent":"pages-list",
         "child":"modify-event"
      },
      {
         "type":"hierarchy",
         "parent":"pages-list",
         "child":"delete-event"
      },
      {
         "type":"hierarchy",
         "parent":"pages-list",
         "child":"display-event"
      },
      {
         "type":"source",
         "flow":"cancel-confirmation-navigation-flow",
         "source":"cancel-confirmation-event"
      },
      {
         "type":"source",
         "flow":"delete-confirmation-navigation-flow",
         "source":"delete-confirmation-event"
      },
      {
         "type":"source",
         "flow":"delete-navigation-flow",
         "source":"delete-event"
      },
      {
         "type":"source",
         "flow":"details-to-modify-navigation-flow",
         "source":"modify-page-event"
      },
      {
         "type":"source",
         "flow":"display-navigation-flow",
         "source":"display-event"
      },
      {
         "type":"source",
         "flow":"done-create-modify-navigation-flow",
         "source":"done-create-modify-event"
      },
      {
         "type":"source",
         "flow":"done-delete-navigation-flow",
         "source":"done-delete-event"
      },
      {
         "type":"source",
         "flow":"done-load-content-navigation-flow",
         "source":"done-load-content-event"
      },
      {
         "type":"source",
         "flow":"failed-load-content-navigation-flow",
         "source":"failed-load-content-event"
      },
      {
         "type":"source",
         "flow":"failed-submit-navigation-flow",
         "source":"failed-create-modify-event"
      },
      {
         "type":"source",
         "flow":"modify-navigation-flow",
         "source":"modify-event"
      },
      {
         "type":"source",
         "flow":"submit-navigation-flow",
         "source":"submit-event"
      },
      {
         "type":"target",
         "flow":"cancel-confirmation-navigation-flow",
         "target":"pages-view-container"
      },
      {
         "type":"target",
         "flow":"delete-confirmation-navigation-flow",
         "target":"delete-action"
      },
      {
         "type":"target",
         "flow":"delete-navigation-flow",
         "target":"delete-page-details"
      },
      {
         "type":"target",
         "flow":"details-to-modify-navigation-flow",
         "target":"data-entry-form"
      },
      {
         "type":"target",
         "flow":"display-navigation-flow",
         "target":"page-details"
      },
      {
         "type":"target",
         "flow":"done-create-modify-navigation-flow",
         "target":"page-details"
      },
      {
         "type":"target",
         "flow":"done-delete-navigation-flow",
         "target":"pages-view-container"
      },
      {
         "type":"target",
         "flow":"done-load-content-navigation-flow",
         "target":"data-entry-form"
      },
      {
         "type":"target",
         "flow":"failed-load-content-navigation-flow",
         "target":"pages-view-container"
      },
      {
         "type":"target",
         "flow":"failed-submit-navigation-flow",
         "target":"data-entry-form"
      },
      {
         "type":"target",
         "flow":"modify-navigation-flow",
         "target":"load-content-action"
      },
      {
         "type":"target",
         "flow":"submit-navigation-flow",
         "target":"create-modify-action"
      }
   ],
   "statistics":{
      "session":{
         "started_at":"2018-12-04T07:44:38.087Z",
         "ended_at":"2018-12-04T07:44:56.040Z"
      }
   }
}
