{"elements":[{"attributes":{"name":"Multilevel Master Detail Pattern","default":false,"landmark":false,"xor":false},"metadata":{"graphics":{"position":{"x":0,"y":0},"size":{"height":250,"width":800}}},"id":"multilevel-master-detail-pattern-view-container","type":"ifml.ViewContainer"},{"attributes":{"name":"Xor","default":false,"landmark":false,"xor":true},"metadata":{"graphics":{"position":{"x":20,"y":40},"size":{"height":190,"width":760}}},"id":"xor-view-container","type":"ifml.ViewContainer"},{"attributes":{"name":"Final","default":false,"landmark":false,"xor":false},"metadata":{"graphics":{"position":{"x":550,"y":80},"size":{"height":130,"width":210}}},"id":"final-view-container","type":"ifml.ViewContainer"},{"attributes":{"name":"Step 2","default":false,"landmark":false,"xor":false},"metadata":{"graphics":{"position":{"x":300,"y":80},"size":{"height":130,"width":210}}},"id":"step-2-view-container","type":"ifml.ViewContainer"},{"attributes":{"name":"Step 1","default":true,"landmark":true,"xor":false},"metadata":{"graphics":{"position":{"x":40,"y":80},"size":{"height":130,"width":220}}},"id":"step-1-view-container","type":"ifml.ViewContainer"},{"attributes":{"name":"Final","stereotype":"details","fields":[],"collection":""},"metadata":{"graphics":{"position":{"x":570,"y":120},"size":{"height":70,"width":170}}},"id":"final-details","type":"ifml.ViewComponent"},{"attributes":{"name":"List 2","stereotype":"list","fields":[],"collection":"","filters":[]},"metadata":{"graphics":{"position":{"x":320,"y":120},"size":{"height":70,"width":170}}},"id":"step-2-list","type":"ifml.ViewComponent"},{"attributes":{"name":"List 1","stereotype":"list","fields":[],"collection":"","filters":[]},"metadata":{"graphics":{"position":{"x":60,"y":120},"size":{"height":70,"width":180}}},"id":"step-1-list","type":"ifml.ViewComponent"},{"attributes":{"name":"Selected","stereotype":"selection"},"metadata":{"graphics":{"position":{"x":480,"y":170},"name":{"horizontal":"right","vertical":"bottom"}}},"id":"selected-step-2-event","type":"ifml.Event"},{"attributes":{"name":"Selected","stereotype":"selection"},"metadata":{"graphics":{"position":{"x":230,"y":170},"name":{"horizontal":"right","vertical":"bottom"}}},"id":"selected-step-1-event","type":"ifml.Event"},{"attributes":{"bindings":[]},"metadata":{"graphics":{"vertices":[]}},"id":"selected-step-1-navigation-flow","type":"ifml.NavigationFlow"},{"attributes":{"bindings":[]},"metadata":{"graphics":{"vertices":[]}},"id":"selected-step-2-navigation-flow","type":"ifml.NavigationFlow"}],"relations":[{"type":"hierarchy","parent":"multilevel-master-detail-pattern-view-container","child":"xor-view-container"},{"type":"hierarchy","parent":"xor-view-container","child":"final-view-container"},{"type":"hierarchy","parent":"xor-view-container","child":"step-2-view-container"},{"type":"hierarchy","parent":"xor-view-container","child":"step-1-view-container"},{"type":"hierarchy","parent":"final-view-container","child":"final-details"},{"type":"hierarchy","parent":"step-2-view-container","child":"step-2-list"},{"type":"hierarchy","parent":"step-1-view-container","child":"step-1-list"},{"type":"hierarchy","parent":"step-2-list","child":"selected-step-2-event"},{"type":"hierarchy","parent":"step-1-list","child":"selected-step-1-event"},{"type":"source","flow":"selected-step-1-navigation-flow","source":"selected-step-1-event"},{"type":"source","flow":"selected-step-2-navigation-flow","source":"selected-step-2-event"},{"type":"target","flow":"selected-step-1-navigation-flow","target":"step-2-list"},{"type":"target","flow":"selected-step-2-navigation-flow","target":"final-details"}],"statistics":{"session":{"started_at":"2018-12-11T18:04:49.250Z","ended_at":"2018-12-11T18:04:56.029Z"}}}