{
   "elements":[
      {
         "attributes":{
            "name":"Alphabetical Filter Pattern",
            "default":false,
            "landmark":false,
            "xor":false
         },
         "metadata":{
            "graphics":{
               "position":{
                  "x":0,
                  "y":0
               },
               "size":{
                  "height":280,
                  "width":750
               }
            }
         },
         "id":"alphabetical-filter-pattern-view-container",
         "type":"ifml.ViewContainer"
      },
      {
         "attributes":{
            "name":"Xor",
            "default":false,
            "landmark":false,
            "xor":true
         },
         "metadata":{
            "graphics":{
               "position":{
                  "x":20,
                  "y":40
               },
               "size":{
                  "height":220,
                  "width":710
               }
            }
         },
         "id":"xor-view-container",
         "type":"ifml.ViewContainer"
      },
      {
         "attributes":{
            "name":"Result",
            "default":false,
            "landmark":false,
            "xor":false
         },
         "metadata":{
            "graphics":{
               "position":{
                  "x":520,
                  "y":80
               },
               "size":{
                  "height":160,
                  "width":190
               }
            }
         },
         "id":"result-view-container",
         "type":"ifml.ViewContainer"
      },
      {
         "attributes":{
            "name":"Filter",
            "default":true,
            "landmark":false,
            "xor":false
         },
         "metadata":{
            "graphics":{
               "position":{
                  "x":40,
                  "y":80
               },
               "size":{
                  "height":160,
                  "width":470
               }
            }
         },
         "id":"alphabetical-filter-view-container",
         "type":"ifml.ViewContainer"
      },
      {
         "attributes":{
            "name":"Result",
            "stereotype":"details",
            "fields":[

            ],
            "collection":""
         },
         "metadata":{
            "graphics":{
               "position":{
                  "x":540,
                  "y":140
               },
               "size":{
                  "height":60,
                  "width":150
               }
            }
         },
         "id":"result-details",
         "type":"ifml.ViewComponent"
      },
      {
         "attributes":{
            "name":"Alphabetical Filter",
            "stereotype":"list",
            "fields":[
               {
                  "label":"letter"
               }
            ],
            "collection":"alphabet",
            "filters":[

            ]
         },
         "metadata":{
            "graphics":{
               "position":{
                  "x":60,
                  "y":120
               },
               "size":{
                  "height":60,
                  "width":170
               }
            }
         },
         "id":"alphabetical-filter-list",
         "type":"ifml.ViewComponent"
      },
      {
         "attributes":{
            "name":"Results",
            "stereotype":"list",
            "fields":[

            ],
            "collection":"",
            "filters":[

            ]
         },
         "metadata":{
            "graphics":{
               "position":{
                  "x":310,
                  "y":120
               },
               "size":{
                  "height":60,
                  "width":150
               }
            }
         },
         "id":"results-list",
         "type":"ifml.ViewComponent"
      },
      {
         "attributes":{
            "name":"Selected",
            "stereotype":"selection"
         },
         "metadata":{
            "graphics":{
               "position":{
                  "x":220,
                  "y":170
               },
               "name":{
                  "horizontal":"right",
                  "vertical":"bottom"
               }
            }
         },
         "id":"selected-filter-event",
         "type":"ifml.Event"
      },
      {
         "attributes":{
            "name":"Selected",
            "stereotype":"selection"
         },
         "metadata":{
            "graphics":{
               "position":{
                  "x":450,
                  "y":170
               },
               "name":{
                  "horizontal":"right",
                  "vertical":"bottom"
               }
            }
         },
         "id":"selected-result-event",
         "type":"ifml.Event"
      },
      {
         "attributes":{
            "bindings":[

            ]
         },
         "metadata":{
            "graphics":{
               "vertices":[
                  {
                     "x":270,
                     "y":180
                  },
                  {
                     "x":270,
                     "y":140
                  }
               ]
            }
         },
         "id":"filter-to-results-navigation-flow",
         "type":"ifml.NavigationFlow"
      },
      {
         "attributes":{
            "bindings":[
               {
                  "input":"id",
                  "output":"id"
               }
            ]
         },
         "metadata":{
            "graphics":{

            }
         },
         "id":"result-details-navigation-flow",
         "type":"ifml.NavigationFlow"
      }
   ],
   "relations":[
      {
         "type":"hierarchy",
         "parent":"alphabetical-filter-pattern-view-container",
         "child":"xor-view-container"
      },
      {
         "type":"hierarchy",
         "parent":"xor-view-container",
         "child":"result-view-container"
      },
      {
         "type":"hierarchy",
         "parent":"xor-view-container",
         "child":"alphabetical-filter-view-container"
      },
      {
         "type":"hierarchy",
         "parent":"result-view-container",
         "child":"result-details"
      },
      {
         "type":"hierarchy",
         "parent":"alphabetical-filter-view-container",
         "child":"alphabetical-filter-list"
      },
      {
         "type":"hierarchy",
         "parent":"alphabetical-filter-view-container",
         "child":"results-list"
      },
      {
         "type":"hierarchy",
         "parent":"alphabetical-filter-list",
         "child":"selected-filter-event"
      },
      {
         "type":"hierarchy",
         "parent":"results-list",
         "child":"selected-result-event"
      },
      {
         "type":"source",
         "flow":"filter-to-results-navigation-flow",
         "source":"selected-filter-event"
      },
      {
         "type":"source",
         "flow":"result-details-navigation-flow",
         "source":"selected-result-event"
      },
      {
         "type":"target",
         "flow":"filter-to-results-navigation-flow",
         "target":"results-list"
      },
      {
         "type":"target",
         "flow":"result-details-navigation-flow",
         "target":"result-details"
      }
   ],
   "statistics":{
      "session":{
         "started_at":"2018-11-23T07:40:57.110Z",
         "ended_at":"2018-11-23T07:43:44.451Z"
      }
   }
}
