{"elements":[{"attributes":{"name":"E-commerce","default":true,"landmark":false,"xor":false},"metadata":{"graphics":{"position":{"x":1780,"y":50},"size":{"height":1420,"width":2180}}},"id":"e-commerce-view-container","type":"ifml.ViewContainer"},{"attributes":{"name":"Xor","default":false,"landmark":false,"xor":true},"metadata":{"graphics":{"position":{"x":1810,"y":110},"size":{"height":1330,"width":2120}}},"id":"xor-view-container","type":"ifml.ViewContainer"},{"attributes":{"name":"Profile","default":false,"landmark":true,"xor":false},"metadata":{"graphics":{"position":{"x":2540,"y":730},"size":{"height":680,"width":1360}}},"id":"profile-view-container","type":"ifml.ViewContainer"},{"attributes":{"name":"In-Place Log In","default":false,"landmark":false,"xor":false},"metadata":{"graphics":{"position":{"x":2670,"y":170},"size":{"height":390,"width":480}}},"id":"in-place-log-in-view-container","type":"ifml.ViewContainer"},{"attributes":{"name":"Sign up and Log In Pattern","default":false,"landmark":true,"xor":false},"metadata":{"graphics":{"position":{"x":3200,"y":170},"size":{"height":370,"width":490}}},"id":"sign-up-and-log-in-pattern-view-container","type":"ifml.ViewContainer"},{"attributes":{"name":"Xor","default":false,"landmark":false,"xor":true},"metadata":{"graphics":{"position":{"x":2580,"y":770},"size":{"height":610,"width":1300}}},"id":"xor-profile-view-container","type":"ifml.ViewContainer"},{"attributes":{"name":"Xor","default":false,"landmark":false,"xor":true},"metadata":{"graphics":{"position":{"x":2690,"y":210},"size":{"height":330,"width":440}}},"id":"xor-in-place-log-in-view-container","type":"ifml.ViewContainer"},{"attributes":{"name":"Log In","parameters":[{"label":"username"},{"label":"password"}],"results":[{"label":"username"},{"label":"username-error"},{"label":"password"},{"label":"password-error"}]},"metadata":{"graphics":{"position":{"x":3290,"y":440},"size":{"height":80,"width":115},"parent":"sign-up-and-log-in-pattern-view-container"}},"id":"log-in-action","type":"ifml.Action"},{"attributes":{"name":"Registration","parameters":[{"label":"name"},{"label":"surname"},{"label":"username"},{"label":"password"}],"results":[{"label":"name"},{"label":"name-error"},{"label":"surname"},{"label":"surname-error"},{"label":"username"},{"label":"username-error"},{"label":"password"},{"label":"password-error"}]},"metadata":{"graphics":{"position":{"x":3480,"y":440},"size":{"height":80,"width":160},"parent":"sign-up-and-log-in-pattern-view-container"}},"id":"registration-action","type":"ifml.Action"},{"attributes":{"name":"Sign Up and Log In","default":false,"landmark":false,"xor":true},"metadata":{"graphics":{"position":{"x":3220,"y":210},"size":{"height":200,"width":450}}},"id":"sign-up-and-log-in-view-container","type":"ifml.ViewContainer"},{"attributes":{"name":"Content Management Pattern","default":true,"landmark":true,"xor":false},"metadata":{"graphics":{"position":{"x":2610,"y":820},"size":{"height":540,"width":540}}},"id":"content-management-pattern-view-container","type":"ifml.ViewContainer"},{"attributes":{"name":"Content Management Pattern","default":false,"landmark":true,"xor":false},"metadata":{"graphics":{"position":{"x":3180,"y":820},"size":{"height":540,"width":670}}},"id":"orders-content-management-pattern-view-container","type":"ifml.ViewContainer"},{"attributes":{"name":"Add to cart In-Place Log In","default":false,"landmark":false,"xor":false},"metadata":{"graphics":{"position":{"x":2710,"y":250},"size":{"height":270,"width":400}}},"id":"add-to-cart-in-place-log-in-view-container","type":"ifml.ViewContainer"},{"attributes":{"name":"Done"},"metadata":{"graphics":{"position":{"x":3280,"y":470},"name":{"horizontal":"middle","vertical":"top"}}},"id":"done-log-in-event","type":"ifml.Event"},{"attributes":{"name":"Failed"},"metadata":{"graphics":{"position":{"x":3360,"y":430},"name":{"horizontal":"middle","vertical":"bottom"}}},"id":"failed-log-in-event","type":"ifml.Event"},{"attributes":{"name":"Done"},"metadata":{"graphics":{"position":{"x":3470,"y":450},"name":{"horizontal":"middle","vertical":"top"}}},"id":"done-registration-event","type":"ifml.Event"},{"attributes":{"name":"Registration"},"metadata":{"graphics":{"position":{"x":3580,"y":430},"name":{"horizontal":"middle","vertical":"bottom"}}},"id":"failed-registration-event","type":"ifml.Event"},{"attributes":{"name":"Log In","default":true,"landmark":false,"xor":false},"metadata":{"graphics":{"position":{"x":3240,"y":250},"size":{"height":140,"width":190}}},"id":"log-in-view-container","type":"ifml.ViewContainer"},{"attributes":{"name":"Sign Up","default":false,"landmark":false,"xor":false},"metadata":{"graphics":{"position":{"x":3460,"y":250},"size":{"height":140,"width":190}}},"id":"sign-up-view-container","type":"ifml.ViewContainer"},{"attributes":{"name":"Xor Account Content Management","default":false,"landmark":false,"xor":true},"metadata":{"graphics":{"position":{"x":2630,"y":860},"size":{"height":480,"width":500}}},"id":"xor-account-content-management-view-container","type":"ifml.ViewContainer"},{"attributes":{"name":"Content Management","default":false,"landmark":false,"xor":true},"metadata":{"graphics":{"position":{"x":3200,"y":860},"size":{"height":480,"width":620}}},"id":"orders-content-management-view-container","type":"ifml.ViewContainer"},{"attributes":{"name":"Log In & Send","parameters":[{"label":"username"},{"label":"password"},{"label":"content-to-send"}],"results":[{"label":"username"},{"label":"username-error"},{"label":"password"},{"label":"password-error"},{"label":"content-to-send"}]},"metadata":{"graphics":{"position":{"x":2970,"y":320},"size":{"height":60,"width":125},"parent":"add-to-cart-in-place-log-in-view-container"}},"id":"add-to-cart-log-in-and-send-action","type":"ifml.Action"},{"attributes":{"name":"Send","parameters":[{"label":"id"},{"label":"quantity"}],"results":[{"label":"content-to-send"},{"label":"id"},{"label":"quantity"}]},"metadata":{"graphics":{"position":{"x":2800,"y":450},"size":{"height":50,"width":100},"parent":"add-to-cart-in-place-log-in-view-container"}},"id":"add-to-cart-send-action","type":"ifml.Action"},{"attributes":{"name":"Modal In-Place Log In","default":false,"landmark":false,"xor":false},"metadata":{"graphics":{"position":{"x":2730,"y":290},"size":{"height":120,"width":200}}},"id":"add-to-cart-in-place-login-modal-view-container","type":"ifml.ViewContainer"},{"attributes":{"name":"Log In Form","stereotype":"form","fields":[{"label":"username","value":"username","type":"text"},{"label":"password","value":"password","type":"password"}]},"metadata":{"graphics":{"position":{"x":3260,"y":290},"size":{"height":80,"width":150}}},"id":"log-in-form","type":"ifml.ViewComponent"},{"attributes":{"name":"Sign Up Form","stereotype":"form","fields":[{"label":"name","value":"name","type":"text"},{"label":"surname","value":"surname","type":"text"},{"label":"username","value":"username","type":"text"},{"label":"password","value":"password","type":"password"}]},"metadata":{"graphics":{"position":{"x":3480,"y":290},"size":{"height":80,"width":150}}},"id":"sign-up-form","type":"ifml.ViewComponent"},{"attributes":{"name":"Create or Modify","parameters":[{"label":"id"},{"label":"name"},{"label":"surname"},{"label":"username"},{"label":"password"}],"results":[{"label":"id"},{"label":"name"},{"label":"name-error"},{"label":"surname"},{"label":"surname-error"},{"label":"username"},{"label":"username-error"},{"label":"password"},{"label":"password-error"}]},"metadata":{"graphics":{"position":{"x":2760,"y":1150},"size":{"height":60,"width":120},"parent":"xor-account-content-management-view-container"}},"id":"create-modify-action","type":"ifml.Action"},{"attributes":{"name":"Account","default":false,"landmark":true,"xor":false},"metadata":{"graphics":{"position":{"x":2650,"y":920},"size":{"height":150,"width":200}}},"id":"account-view-container","type":"ifml.ViewContainer"},{"attributes":{"name":"Account","default":true,"landmark":true,"xor":false},"metadata":{"graphics":{"position":{"x":2870,"y":920},"size":{"height":150,"width":240}}},"id":"account-view-container-1","type":"ifml.ViewContainer"},{"attributes":{"name":"Delete","parameters":[{"label":"id"}],"results":[]},"metadata":{"graphics":{"position":{"x":3510,"y":1210},"size":{"height":50,"width":75},"parent":"orders-content-management-view-container"}},"id":"orders-delete-action","type":"ifml.Action"},{"attributes":{"name":"Modal Confirmation","default":false,"landmark":false,"xor":false},"metadata":{"graphics":{"position":{"x":3270,"y":1100},"size":{"height":160,"width":210}}},"id":"orders-modal-confirmation-view-container","type":"ifml.ViewContainer"},{"attributes":{"name":"Orders","default":true,"landmark":true,"xor":false},"metadata":{"graphics":{"position":{"x":3280,"y":910},"size":{"height":150,"width":220}}},"id":"orders-view-container","type":"ifml.ViewContainer"},{"attributes":{"name":"Order","default":false,"landmark":false,"xor":false},"metadata":{"graphics":{"position":{"x":3590,"y":920},"size":{"height":260,"width":200}}},"id":"orders-order-view-container","type":"ifml.ViewContainer"},{"attributes":{"name":"Failed"},"metadata":{"graphics":{"position":{"x":2960,"y":320},"name":{"horizontal":"middle","vertical":"top"}}},"id":"add-to-cart-failed-log-in-event","type":"ifml.Event"},{"attributes":{"name":"Done"},"metadata":{"graphics":{"position":{"x":3060,"y":310},"name":{"horizontal":"left-outer","vertical":"top"}}},"id":"add-to-cart-done-log-in-event","type":"ifml.Event"},{"attributes":{"name":"Log In"},"metadata":{"graphics":{"position":{"x":2830,"y":440},"name":{"horizontal":"left-outer","vertical":"top"}}},"id":"add-to-cart-log-in-event","type":"ifml.Event"},{"attributes":{"name":"Done"},"metadata":{"graphics":{"position":{"x":2890,"y":460},"name":{"horizontal":"middle","vertical":"top"}}},"id":"add-to-cart-done-logged-event","type":"ifml.Event"},{"attributes":{"name":"Failed"},"metadata":{"graphics":{"position":{"x":2790,"y":480},"name":{"horizontal":"middle","vertical":"top"}}},"id":"add-to-cart-failed-logged-event","type":"ifml.Event"},{"attributes":{"name":"Log In Form","stereotype":"form","fields":[{"label":"username","value":"username","type":"text"},{"label":"password","value":"password","type":"password"},{"label":"content-to-send","value":"content-to-send","type":"hidden-object"}]},"metadata":{"graphics":{"position":{"x":2750,"y":330},"size":{"height":60,"width":150}}},"id":"add-to-cart-log-in-form","type":"ifml.ViewComponent"},{"attributes":{"name":"Sign Up"},"metadata":{"graphics":{"position":{"x":3400,"y":290},"name":{"horizontal":"middle","vertical":"top"}}},"id":"sign-up-event","type":"ifml.Event"},{"attributes":{"name":"Log In"},"metadata":{"graphics":{"position":{"x":3310,"y":360},"name":{"horizontal":"middle","vertical":"top"}}},"id":"log-in-event","type":"ifml.Event"},{"attributes":{"name":"Log In"},"metadata":{"graphics":{"position":{"x":3470,"y":320},"name":{"horizontal":"middle","vertical":"top"}}},"id":"back-to-log-in-event","type":"ifml.Event"},{"attributes":{"name":"Registration"},"metadata":{"graphics":{"position":{"x":3530,"y":360},"name":{"horizontal":"middle","vertical":"top"}}},"id":"registration-event","type":"ifml.Event"},{"attributes":{"name":"Done"},"metadata":{"graphics":{"position":{"x":2870,"y":1150},"name":{"horizontal":"middle","vertical":"top"}}},"id":"done-create-modify-event","type":"ifml.Event"},{"attributes":{"name":"Failed"},"metadata":{"graphics":{"position":{"x":2770,"y":1140},"name":{"horizontal":"left-outer","vertical":"top"}}},"id":"failed-create-modify-event","type":"ifml.Event"},{"attributes":{"name":"Account","stereotype":"form","fields":[{"label":"id","value":"id","type":"text"},{"label":"name","value":"name","type":"text"},{"label":"surname","value":"surname","type":"text"},{"label":"username","value":"username","type":"text"},{"label":"password","value":"password","type":"password"}]},"metadata":{"graphics":{"position":{"x":2670,"y":980},"size":{"height":70,"width":150}}},"id":"account-form","type":"ifml.ViewComponent"},{"attributes":{"name":"Account","stereotype":"details","fields":[{"label":"name"},{"label":"surname"},{"label":"username"},{"label":"password"}],"collection":"account"},"metadata":{"graphics":{"position":{"x":2930,"y":990},"size":{"height":60,"width":170}}},"id":"account-details","type":"ifml.ViewComponent"},{"attributes":{"name":"Done"},"metadata":{"graphics":{"position":{"x":3540,"y":1200},"name":{"horizontal":"left-outer","vertical":"top"}}},"id":"orders-done-delete-event","type":"ifml.Event"},{"attributes":{"name":"Cancel"},"metadata":{"graphics":{"position":{"x":3330,"y":1250},"name":{"horizontal":"middle","vertical":"top"}}},"id":"orders-cancel-confirmation-event","type":"ifml.Event"},{"attributes":{"name":"Delete Page","stereotype":"details","fields":[{"label":"date"},{"label":"total"},{"label":"state"}],"collection":"orders"},"metadata":{"graphics":{"position":{"x":3290,"y":1170},"size":{"height":60,"width":150}}},"id":"orders-delete-page-details","type":"ifml.ViewComponent"},{"attributes":{"name":"Orders","stereotype":"list","fields":[{"label":"date"},{"label":"total"},{"label":"state"}],"collection":"orders","filters":[]},"metadata":{"graphics":{"position":{"x":3300,"y":940},"size":{"height":60,"width":180}}},"id":"orders-list","type":"ifml.ViewComponent"},{"attributes":{"name":"Order","stereotype":"details","fields":[{"label":"date"},{"label":"total"},{"label":"state"},{"label":"description"}],"collection":"orders"},"metadata":{"graphics":{"position":{"x":3610,"y":990},"size":{"height":60,"width":170}}},"id":"orders-order-details","type":"ifml.ViewComponent"},{"attributes":{"name":"Products","stereotype":"list","fields":[{"label":"name"},{"label":"image"},{"label":"prize"}],"collection":"orders","filters":[{"label":"order-id"}]},"metadata":{"graphics":{"position":{"x":3620,"y":1100},"size":{"height":60,"width":150}}},"id":"orders-order-products-list","type":"ifml.ViewComponent"},{"attributes":{"name":"Log In"},"metadata":{"graphics":{"position":{"x":2890,"y":360},"name":{"horizontal":"middle","vertical":"top"}}},"id":"add-to-cart-log-in-and-create-event","type":"ifml.Event"},{"attributes":{"name":"Back"},"metadata":{"graphics":{"position":{"x":2760,"y":380},"name":{"horizontal":"middle","vertical":"top"}}},"id":"add-to-cart-back-event","type":"ifml.Event"},{"attributes":{"name":"Submit"},"metadata":{"graphics":{"position":{"x":2790,"y":1040},"name":{"horizontal":"middle","vertical":"top"}}},"id":"submit-event","type":"ifml.Event"},{"attributes":{"name":"Modify"},"metadata":{"graphics":{"position":{"x":2920,"y":1000},"name":{"horizontal":"left-outer","vertical":"top"}}},"id":"modify-page-event","type":"ifml.Event"},{"attributes":{"name":"Delete"},"metadata":{"graphics":{"position":{"x":3430,"y":1210},"name":{"horizontal":"middle","vertical":"top"}}},"id":"orders-delete-confirmation-event","type":"ifml.Event"},{"attributes":{"name":"Delete"},"metadata":{"graphics":{"position":{"x":3360,"y":990},"name":{"horizontal":"left-outer","vertical":"bottom"}}},"id":"orders-delete-event","type":"ifml.Event"},{"attributes":{"name":"Display"},"metadata":{"graphics":{"position":{"x":3470,"y":950},"name":{"horizontal":"middle","vertical":"top"}}},"id":"display-event","type":"ifml.Event"},{"attributes":{"name":"Basic Search","default":true,"landmark":true,"xor":false},"metadata":{"graphics":{"position":{"x":1840,"y":190},"size":{"height":740,"width":620}}},"id":"basic-search-pattern-view-container","type":"ifml.ViewContainer"},{"attributes":{"name":"Xor","default":false,"landmark":false,"xor":true},"metadata":{"graphics":{"position":{"x":1860,"y":230},"size":{"height":680,"width":580}}},"id":"xor-browse-view-container","type":"ifml.ViewContainer"},{"attributes":{"name":"Key Search","landmark":true,"xor":false},"metadata":{"graphics":{"position":{"x":1880,"y":660},"size":{"height":220,"width":400}}},"id":"key-search-view-container","type":"ifml.ViewContainer"},{"attributes":{"name":"Master Detail Pattern","default":true,"landmark":false,"xor":false},"metadata":{"graphics":{"position":{"x":1880,"y":270},"size":{"height":370,"width":540}}},"id":"master-detail-pattern-view-container","type":"ifml.ViewContainer"},{"attributes":{"name":"Keyword","stereotype":"form","fields":[{"label":"key","value":"key","type":"text"}]},"metadata":{"graphics":{"position":{"x":1900,"y":710},"size":{"height":90,"width":150}}},"id":"keyword-form","type":"ifml.ViewComponent"},{"attributes":{"name":"Xor Catalog Master Detail","default":false,"landmark":false,"xor":true},"metadata":{"graphics":{"position":{"x":1900,"y":320},"size":{"height":300,"width":490}}},"id":"xor-catalog-master-detail-view-container","type":"ifml.ViewContainer"},{"attributes":{"name":"Products","default":true,"landmark":false,"xor":false},"metadata":{"graphics":{"position":{"x":1920,"y":360},"size":{"height":130,"width":210}}},"id":"products-view-container","type":"ifml.ViewContainer"},{"attributes":{"name":"Result","default":false,"landmark":false,"xor":false},"metadata":{"graphics":{"position":{"x":2170,"y":360},"size":{"height":240,"width":190}}},"id":"result-view-container","type":"ifml.ViewContainer"},{"attributes":{"name":"Products","stereotype":"list","fields":[{"label":"name"},{"label":"image"},{"label":"prize"}],"collection":"defaults","filters":[{"label":"typology-name"}]},"metadata":{"graphics":{"position":{"x":1940,"y":400},"size":{"height":70,"width":170}}},"id":"products-list","type":"ifml.ViewComponent"},{"attributes":{"name":"Product","stereotype":"details","fields":[{"label":"name"},{"label":"image"},{"label":"prize"},{"label":"description"}],"collection":"products"},"metadata":{"graphics":{"position":{"x":2190,"y":400},"size":{"height":90,"width":150}}},"id":"catalog-product-details","type":"ifml.ViewComponent"},{"attributes":{"name":"Add to Cart","stereotype":"form","fields":[{"label":"quantity","value":"quantity","type":"text"},{"label":"id","value":"id","type":"hidden"}]},"metadata":{"graphics":{"position":{"x":2190,"y":510},"size":{"height":60,"width":150}}},"id":"add-to-cart-form","type":"ifml.ViewComponent"},{"attributes":{"name":"Selected","stereotype":"selection"},"metadata":{"graphics":{"position":{"x":2100,"y":450},"name":{"horizontal":"middle","vertical":"bottom"}}},"id":"selected-products-event","type":"ifml.Event"},{"attributes":{"name":"Send"},"metadata":{"graphics":{"position":{"x":2330,"y":560},"name":{"horizontal":"middle","vertical":"bottom"}}},"id":"add-to-cart-send-event","type":"ifml.Event"},{"attributes":{"name":"Back","parameters":[{"label":"content-to-send"}],"results":[{"label":"id"}]},"metadata":{"graphics":{"position":{"x":2530,"y":490},"size":{"height":50,"width":75},"parent":"xor-view-container"}},"id":"favorite-back-to-details-action-1","type":"ifml.Action"},{"attributes":{"name":"Done"},"metadata":{"graphics":{"position":{"x":2520,"y":510},"name":{"horizontal":"middle","vertical":"top"}}},"id":"favorite-back-to-details-done-1","type":"ifml.Event"},{"attributes":{"name":"Results","stereotype":"list","fields":[{"label":"name"}],"collection":"results","filters":[{"label":"key"}]},"metadata":{"graphics":{"position":{"x":2090,"y":710},"size":{"height":90,"width":150}}},"id":"results-list","type":"ifml.ViewComponent"},{"attributes":{"name":"Selected","stereotype":"selection"},"metadata":{"graphics":{"position":{"x":2230,"y":780},"name":{"horizontal":"right","vertical":"bottom"}}},"id":"selected-product-event","type":"ifml.Event"},{"attributes":{"name":"Search"},"metadata":{"graphics":{"position":{"x":2160,"y":870},"name":{"horizontal":"middle","vertical":"top"}}},"id":"search-event","type":"ifml.Event"},{"attributes":{"bindings":[{"input":"content-to-send","output":"content-to-send"}]},"metadata":{"graphics":{"vertices":[{"x":2770,"y":600},{"x":2570,"y":600}]}},"id":"add-to-cart-back-navigation-flow","type":"ifml.NavigationFlow"},{"attributes":{"bindings":[{"input":"id","output":"id"}]},"metadata":{"graphics":{"vertices":[{"x":2400,"y":440},{"x":2400,"y":540}]}},"id":"add-to-cart-data-flow","type":"ifml.DataFlow"},{"attributes":{"bindings":[{"input":"id","output":"id"}]},"metadata":{"graphics":{"vertices":[{"x":3070,"y":90},{"x":2210,"y":90}]}},"id":"add-to-cart-done-log-in-and-send-navigation-flow","type":"ifml.NavigationFlow"},{"attributes":{"bindings":[{"input":"id","output":"id"}]},"metadata":{"graphics":{"vertices":[{"x":2900,"y":120},{"x":2200,"y":120}]}},"id":"add-to-cart-done-log-in-navigation-flow","type":"ifml.NavigationFlow"},{"attributes":{"bindings":[{"input":"username","output":"username"},{"input":"username-error","output":"username-error"},{"input":"password","output":"password"},{"input":"password-error","output":"password-error"},{"input":"content-to-send","output":"content-to-send"}]},"metadata":{"graphics":{"vertices":[]}},"id":"add-to-cart-failed-log-in-navigation-flow","type":"ifml.NavigationFlow"},{"attributes":{"bindings":[{"input":"id","output":"id"},{"input":"quantity","output":"quantity"}]},"metadata":{"graphics":{"vertices":[{"x":2800,"y":630},{"x":2290,"y":630}]}},"id":"add-to-cart-failed-send-navigation-flow","type":"ifml.NavigationFlow"},{"attributes":{"bindings":[{"input":"content-to-send","output":"content-to-send"}]},"metadata":{"graphics":{"vertices":[]}},"id":"add-to-cart-in-place-log-in-navigation-flow","type":"ifml.NavigationFlow"},{"attributes":{"bindings":[{"input":"username","output":"username"},{"input":"password","output":"password"},{"input":"content-to-send","output":"content-to-send"}]},"metadata":{"graphics":{}},"id":"add-to-cart-log-in-navigation-flow","type":"ifml.NavigationFlow"},{"attributes":{"bindings":[{"input":"id","output":"id"}]},"metadata":{"graphics":{"vertices":[{"x":2850,"y":570}]}},"id":"add-to-cart-send-navigation-flow","type":"ifml.NavigationFlow"},{"attributes":{"bindings":[{"input":"id","output":"id"},{"input":"name","output":"name"},{"input":"surname","output":"surname"},{"input":"username","output":"username"},{"input":"password","output":"password"}]},"metadata":{"graphics":{}},"id":"details-to-modify-navigation-flow","type":"ifml.NavigationFlow"},{"attributes":{"bindings":[{"input":"id","output":"id"}]},"metadata":{"graphics":{"vertices":[{"x":3080,"y":1160}]}},"id":"done-create-modify-navigation-flow","type":"ifml.NavigationFlow"},{"attributes":{"bindings":[]},"metadata":{"graphics":{"vertices":[]}},"id":"done-log-in-navigation-flow","type":"ifml.NavigationFlow"},{"attributes":{"bindings":[]},"metadata":{"graphics":{"vertices":[{"x":3420,"y":460}]}},"id":"done-registration-navigation-flow","type":"ifml.NavigationFlow"},{"attributes":{"bindings":[{"input":"username","output":"username"},{"input":"username-error","output":"username-error"},{"input":"password","output":"password"},{"input":"password-error","output":"password-error"}]},"metadata":{"graphics":{"vertices":[]}},"id":"failed-log-in-navigation-flow","type":"ifml.NavigationFlow"},{"attributes":{"bindings":[{"input":"name","output":"name"},{"input":"name-error","output":"name-error"},{"input":"surname","output":"surname"},{"input":"surname-error","output":"surname-error"},{"input":"username","output":"username"},{"input":"username-error","output":"username-error"},{"input":"password","output":"password"},{"input":"password-error","output":"password-error"}]},"metadata":{"graphics":{"vertices":[]}},"id":"failed-registration-navigation-flow","type":"ifml.NavigationFlow"},{"attributes":{"bindings":[{"input":"id","output":"id"},{"input":"name","output":"name"},{"input":"name-error","output":"name-error"},{"input":"surname","output":"surname"},{"input":"surname-error","output":"surname-error"},{"input":"username","output":"username"},{"input":"username-error","output":"username-error"},{"input":"password","output":"password"},{"input":"password-error","output":"password-error"}]},"metadata":{"graphics":{"vertices":[]}},"id":"failed-submit-navigation-flow","type":"ifml.NavigationFlow"},{"attributes":{"bindings":[{"input":"id","output":"id"}]},"metadata":{"graphics":{"vertices":[{"x":2470,"y":520},{"x":2470,"y":470}]}},"id":"favorite-back-to-details-navigation-flow-1","type":"ifml.NavigationFlow"},{"attributes":{"bindings":[{"input":"key","output":"key"}]},"metadata":{"graphics":{}},"id":"keyword-data-flow","type":"ifml.DataFlow"},{"attributes":{"bindings":[{"input":"username","output":"username"},{"input":"password","output":"password"}]},"metadata":{"graphics":{}},"id":"log-in-navigation-flow","type":"ifml.NavigationFlow"},{"attributes":{"bindings":[]},"metadata":{"graphics":{"vertices":[{"x":3340,"y":1290},{"x":3220,"y":1290},{"x":3220,"y":970}]}},"id":"orders-cancel-confirmation-navigation-flow","type":"ifml.NavigationFlow"},{"attributes":{"bindings":[{"input":"id","output":"id"}]},"metadata":{"graphics":{}},"id":"orders-delete-confirmation-navigation-flow","type":"ifml.NavigationFlow"},{"attributes":{"bindings":[{"input":"id","output":"id"}]},"metadata":{"graphics":{}},"id":"orders-delete-navigation-flow","type":"ifml.NavigationFlow"},{"attributes":{"bindings":[{"input":"id","output":"id"}]},"metadata":{"graphics":{"vertices":[{"x":3530,"y":960},{"x":3530,"y":900},{"x":3680,"y":900}]}},"id":"orders-display-navigation-flow","type":"ifml.NavigationFlow"},{"attributes":{"bindings":[]},"metadata":{"graphics":{"vertices":[{"x":3550,"y":1090},{"x":3410,"y":1090}]}},"id":"orders-done-delete-navigation-flow","type":"ifml.NavigationFlow"},{"attributes":{"bindings":[{"input":"order-id","output":"id"}]},"metadata":{"graphics":{}},"id":"orders-order-data-flow","type":"ifml.DataFlow"},{"attributes":{"bindings":[{"input":"id","output":"id"}]},"metadata":{"graphics":{"vertices":[]}},"id":"product-details-navigation-flow","type":"ifml.NavigationFlow"},{"attributes":{"bindings":[{"input":"name","output":"name"},{"input":"surname","output":"surname"},{"input":"username","output":"username"},{"input":"password","output":"password"}]},"metadata":{"graphics":{"vertices":[]}},"id":"registration-navigation-flow","type":"ifml.NavigationFlow"},{"attributes":{"bindings":[]},"metadata":{"graphics":{"vertices":[]}},"id":"search-navigation-flow","type":"ifml.NavigationFlow"},{"attributes":{"bindings":[{"input":"id","output":"id"}]},"metadata":{"graphics":{"vertices":[{"x":2270,"y":790}]}},"id":"selected-product-navigation-flow","type":"ifml.NavigationFlow"},{"attributes":{"bindings":[{"input":"id","output":"id"},{"input":"name","output":"name"},{"input":"surname","output":"surname"},{"input":"username","output":"username"},{"input":"password","output":"password"}]},"metadata":{"graphics":{}},"id":"submit-navigation-flow","type":"ifml.NavigationFlow"},{"attributes":{"bindings":[]},"metadata":{"graphics":{"vertices":[]}},"id":"to-log-in-navigation-flow","type":"ifml.NavigationFlow"},{"attributes":{"bindings":[]},"metadata":{"graphics":{}},"id":"to-sign-up-navigation-flow","type":"ifml.NavigationFlow"}],"relations":[{"type":"hierarchy","parent":"e-commerce-view-container","child":"xor-view-container"},{"type":"hierarchy","parent":"xor-view-container","child":"profile-view-container"},{"type":"hierarchy","parent":"xor-view-container","child":"in-place-log-in-view-container"},{"type":"hierarchy","parent":"xor-view-container","child":"sign-up-and-log-in-pattern-view-container"},{"type":"hierarchy","parent":"profile-view-container","child":"xor-profile-view-container"},{"type":"hierarchy","parent":"in-place-log-in-view-container","child":"xor-in-place-log-in-view-container"},{"type":"hierarchy","parent":"sign-up-and-log-in-pattern-view-container","child":"sign-up-and-log-in-view-container"},{"type":"hierarchy","parent":"xor-profile-view-container","child":"content-management-pattern-view-container"},{"type":"hierarchy","parent":"xor-profile-view-container","child":"orders-content-management-pattern-view-container"},{"type":"hierarchy","parent":"xor-in-place-log-in-view-container","child":"add-to-cart-in-place-log-in-view-container"},{"type":"hierarchy","parent":"log-in-action","child":"done-log-in-event"},{"type":"hierarchy","parent":"log-in-action","child":"failed-log-in-event"},{"type":"hierarchy","parent":"registration-action","child":"done-registration-event"},{"type":"hierarchy","parent":"registration-action","child":"failed-registration-event"},{"type":"hierarchy","parent":"sign-up-and-log-in-view-container","child":"log-in-view-container"},{"type":"hierarchy","parent":"sign-up-and-log-in-view-container","child":"sign-up-view-container"},{"type":"hierarchy","parent":"content-management-pattern-view-container","child":"xor-account-content-management-view-container"},{"type":"hierarchy","parent":"orders-content-management-pattern-view-container","child":"orders-content-management-view-container"},{"type":"hierarchy","parent":"add-to-cart-in-place-log-in-view-container","child":"add-to-cart-in-place-login-modal-view-container"},{"type":"hierarchy","parent":"log-in-view-container","child":"log-in-form"},{"type":"hierarchy","parent":"sign-up-view-container","child":"sign-up-form"},{"type":"hierarchy","parent":"xor-account-content-management-view-container","child":"account-view-container"},{"type":"hierarchy","parent":"xor-account-content-management-view-container","child":"account-view-container-1"},{"type":"hierarchy","parent":"orders-content-management-view-container","child":"orders-modal-confirmation-view-container"},{"type":"hierarchy","parent":"orders-content-management-view-container","child":"orders-view-container"},{"type":"hierarchy","parent":"orders-content-management-view-container","child":"orders-order-view-container"},{"type":"hierarchy","parent":"add-to-cart-log-in-and-send-action","child":"add-to-cart-failed-log-in-event"},{"type":"hierarchy","parent":"add-to-cart-log-in-and-send-action","child":"add-to-cart-done-log-in-event"},{"type":"hierarchy","parent":"add-to-cart-send-action","child":"add-to-cart-log-in-event"},{"type":"hierarchy","parent":"add-to-cart-send-action","child":"add-to-cart-done-logged-event"},{"type":"hierarchy","parent":"add-to-cart-send-action","child":"add-to-cart-failed-logged-event"},{"type":"hierarchy","parent":"add-to-cart-in-place-login-modal-view-container","child":"add-to-cart-log-in-form"},{"type":"hierarchy","parent":"log-in-form","child":"sign-up-event"},{"type":"hierarchy","parent":"log-in-form","child":"log-in-event"},{"type":"hierarchy","parent":"sign-up-form","child":"back-to-log-in-event"},{"type":"hierarchy","parent":"sign-up-form","child":"registration-event"},{"type":"hierarchy","parent":"create-modify-action","child":"done-create-modify-event"},{"type":"hierarchy","parent":"create-modify-action","child":"failed-create-modify-event"},{"type":"hierarchy","parent":"account-view-container","child":"account-form"},{"type":"hierarchy","parent":"account-view-container-1","child":"account-details"},{"type":"hierarchy","parent":"orders-delete-action","child":"orders-done-delete-event"},{"type":"hierarchy","parent":"orders-modal-confirmation-view-container","child":"orders-cancel-confirmation-event"},{"type":"hierarchy","parent":"orders-modal-confirmation-view-container","child":"orders-delete-page-details"},{"type":"hierarchy","parent":"orders-view-container","child":"orders-list"},{"type":"hierarchy","parent":"orders-order-view-container","child":"orders-order-details"},{"type":"hierarchy","parent":"orders-order-view-container","child":"orders-order-products-list"},{"type":"hierarchy","parent":"add-to-cart-log-in-form","child":"add-to-cart-log-in-and-create-event"},{"type":"hierarchy","parent":"add-to-cart-log-in-form","child":"add-to-cart-back-event"},{"type":"hierarchy","parent":"account-form","child":"submit-event"},{"type":"hierarchy","parent":"account-details","child":"modify-page-event"},{"type":"hierarchy","parent":"orders-delete-page-details","child":"orders-delete-confirmation-event"},{"type":"hierarchy","parent":"orders-list","child":"orders-delete-event"},{"type":"hierarchy","parent":"orders-list","child":"display-event"},{"type":"hierarchy","parent":"xor-view-container","child":"basic-search-pattern-view-container"},{"type":"hierarchy","parent":"basic-search-pattern-view-container","child":"xor-browse-view-container"},{"type":"hierarchy","parent":"xor-browse-view-container","child":"key-search-view-container"},{"type":"hierarchy","parent":"xor-browse-view-container","child":"master-detail-pattern-view-container"},{"type":"hierarchy","parent":"key-search-view-container","child":"keyword-form"},{"type":"hierarchy","parent":"master-detail-pattern-view-container","child":"xor-catalog-master-detail-view-container"},{"type":"hierarchy","parent":"xor-catalog-master-detail-view-container","child":"products-view-container"},{"type":"hierarchy","parent":"xor-catalog-master-detail-view-container","child":"result-view-container"},{"type":"hierarchy","parent":"products-view-container","child":"products-list"},{"type":"hierarchy","parent":"result-view-container","child":"catalog-product-details"},{"type":"hierarchy","parent":"result-view-container","child":"add-to-cart-form"},{"type":"hierarchy","parent":"products-list","child":"selected-products-event"},{"type":"hierarchy","parent":"add-to-cart-form","child":"add-to-cart-send-event"},{"type":"hierarchy","parent":"favorite-back-to-details-action-1","child":"favorite-back-to-details-done-1"},{"type":"hierarchy","parent":"key-search-view-container","child":"results-list"},{"type":"hierarchy","parent":"results-list","child":"selected-product-event"},{"type":"hierarchy","parent":"key-search-view-container","child":"search-event"},{"type":"source","flow":"add-to-cart-back-navigation-flow","source":"add-to-cart-back-event"},{"type":"source","flow":"add-to-cart-data-flow","source":"catalog-product-details"},{"type":"source","flow":"add-to-cart-done-log-in-and-send-navigation-flow","source":"add-to-cart-done-log-in-event"},{"type":"source","flow":"add-to-cart-done-log-in-navigation-flow","source":"add-to-cart-done-logged-event"},{"type":"source","flow":"add-to-cart-failed-log-in-navigation-flow","source":"add-to-cart-failed-log-in-event"},{"type":"source","flow":"add-to-cart-failed-send-navigation-flow","source":"add-to-cart-failed-logged-event"},{"type":"source","flow":"add-to-cart-in-place-log-in-navigation-flow","source":"add-to-cart-log-in-event"},{"type":"source","flow":"add-to-cart-log-in-navigation-flow","source":"add-to-cart-log-in-and-create-event"},{"type":"source","flow":"add-to-cart-send-navigation-flow","source":"add-to-cart-send-event"},{"type":"source","flow":"details-to-modify-navigation-flow","source":"modify-page-event"},{"type":"source","flow":"done-create-modify-navigation-flow","source":"done-create-modify-event"},{"type":"source","flow":"done-log-in-navigation-flow","source":"done-log-in-event"},{"type":"source","flow":"done-registration-navigation-flow","source":"done-registration-event"},{"type":"source","flow":"failed-log-in-navigation-flow","source":"failed-log-in-event"},{"type":"source","flow":"failed-registration-navigation-flow","source":"failed-registration-event"},{"type":"source","flow":"failed-submit-navigation-flow","source":"failed-create-modify-event"},{"type":"source","flow":"favorite-back-to-details-navigation-flow-1","source":"favorite-back-to-details-done-1"},{"type":"source","flow":"keyword-data-flow","source":"keyword-form"},{"type":"source","flow":"log-in-navigation-flow","source":"log-in-event"},{"type":"source","flow":"orders-cancel-confirmation-navigation-flow","source":"orders-cancel-confirmation-event"},{"type":"source","flow":"orders-delete-confirmation-navigation-flow","source":"orders-delete-confirmation-event"},{"type":"source","flow":"orders-delete-navigation-flow","source":"orders-delete-event"},{"type":"source","flow":"orders-display-navigation-flow","source":"display-event"},{"type":"source","flow":"orders-done-delete-navigation-flow","source":"orders-done-delete-event"},{"type":"source","flow":"orders-order-data-flow","source":"orders-order-details"},{"type":"source","flow":"product-details-navigation-flow","source":"selected-products-event"},{"type":"source","flow":"registration-navigation-flow","source":"registration-event"},{"type":"source","flow":"search-navigation-flow","source":"search-event"},{"type":"source","flow":"selected-product-navigation-flow","source":"selected-product-event"},{"type":"source","flow":"submit-navigation-flow","source":"submit-event"},{"type":"source","flow":"to-log-in-navigation-flow","source":"back-to-log-in-event"},{"type":"source","flow":"to-sign-up-navigation-flow","source":"sign-up-event"},{"type":"target","flow":"add-to-cart-back-navigation-flow","target":"favorite-back-to-details-action-1"},{"type":"target","flow":"add-to-cart-data-flow","target":"add-to-cart-form"},{"type":"target","flow":"add-to-cart-done-log-in-and-send-navigation-flow","target":"catalog-product-details"},{"type":"target","flow":"add-to-cart-done-log-in-navigation-flow","target":"catalog-product-details"},{"type":"target","flow":"add-to-cart-failed-log-in-navigation-flow","target":"add-to-cart-log-in-form"},{"type":"target","flow":"add-to-cart-failed-send-navigation-flow","target":"add-to-cart-form"},{"type":"target","flow":"add-to-cart-in-place-log-in-navigation-flow","target":"add-to-cart-log-in-form"},{"type":"target","flow":"add-to-cart-log-in-navigation-flow","target":"add-to-cart-log-in-and-send-action"},{"type":"target","flow":"add-to-cart-send-navigation-flow","target":"add-to-cart-send-action"},{"type":"target","flow":"details-to-modify-navigation-flow","target":"account-form"},{"type":"target","flow":"done-create-modify-navigation-flow","target":"account-details"},{"type":"target","flow":"done-log-in-navigation-flow","target":"xor-profile-view-container"},{"type":"target","flow":"done-registration-navigation-flow","target":"log-in-view-container"},{"type":"target","flow":"failed-log-in-navigation-flow","target":"log-in-form"},{"type":"target","flow":"failed-registration-navigation-flow","target":"sign-up-form"},{"type":"target","flow":"failed-submit-navigation-flow","target":"account-form"},{"type":"target","flow":"favorite-back-to-details-navigation-flow-1","target":"catalog-product-details"},{"type":"target","flow":"keyword-data-flow","target":"results-list"},{"type":"target","flow":"log-in-navigation-flow","target":"log-in-action"},{"type":"target","flow":"orders-cancel-confirmation-navigation-flow","target":"orders-view-container"},{"type":"target","flow":"orders-delete-confirmation-navigation-flow","target":"orders-delete-action"},{"type":"target","flow":"orders-delete-navigation-flow","target":"orders-delete-page-details"},{"type":"target","flow":"orders-display-navigation-flow","target":"orders-order-details"},{"type":"target","flow":"orders-done-delete-navigation-flow","target":"orders-view-container"},{"type":"target","flow":"orders-order-data-flow","target":"orders-order-products-list"},{"type":"target","flow":"product-details-navigation-flow","target":"catalog-product-details"},{"type":"target","flow":"registration-navigation-flow","target":"registration-action"},{"type":"target","flow":"search-navigation-flow","target":"results-list"},{"type":"target","flow":"selected-product-navigation-flow","target":"catalog-product-details"},{"type":"target","flow":"submit-navigation-flow","target":"create-modify-action"},{"type":"target","flow":"to-log-in-navigation-flow","target":"log-in-view-container"},{"type":"target","flow":"to-sign-up-navigation-flow","target":"sign-up-view-container"}],"statistics":{"session":{"started_at":"2019-01-10T10:22:21.690Z","ended_at":"2019-01-10T10:31:06.855Z"}}}