{"elements":[{"attributes":{"name":"E-commerce","default":true,"landmark":false,"xor":false},"metadata":{"graphics":{"position":{"x":1240,"y":50},"size":{"height":2920,"width":3000}}},"id":"e-commerce-view-container","type":"ifml.ViewContainer"},{"attributes":{"name":"Xor","default":false,"landmark":false,"xor":true},"metadata":{"graphics":{"position":{"x":1270,"y":110},"size":{"height":2820,"width":2920}}},"id":"xor-view-container","type":"ifml.ViewContainer"},{"attributes":{"name":"Restricted Search","default":true,"landmark":true,"xor":false},"metadata":{"graphics":{"position":{"x":1300,"y":170},"size":{"height":1140,"width":1180}}},"id":"restricted-search-pattern-view-container","type":"ifml.ViewContainer"},{"attributes":{"name":"Profile","default":false,"landmark":true,"xor":false},"metadata":{"graphics":{"position":{"x":2530,"y":900},"size":{"height":1260,"width":1360}}},"id":"profile-view-container","type":"ifml.ViewContainer"},{"attributes":{"name":"Shopping Cart","default":false,"landmark":true,"xor":false},"metadata":{"graphics":{"position":{"x":1730,"y":2210},"size":{"height":680,"width":2410}}},"id":"shopping-cart-view-container","type":"ifml.ViewContainer"},{"attributes":{"name":"Sign up and Log In Pattern","default":false,"landmark":true,"xor":false},"metadata":{"graphics":{"position":{"x":1620,"y":1360},"size":{"height":370,"width":490}}},"id":"sign-up-and-log-in-pattern-view-container","type":"ifml.ViewContainer"},{"attributes":{"name":"In-Place Log In","default":false,"landmark":false,"xor":false},"metadata":{"graphics":{"position":{"x":2650,"y":170},"size":{"height":390,"width":900}}},"id":"in-place-log-in-view-container","type":"ifml.ViewContainer"},{"attributes":{"name":"Xor","default":false,"landmark":false,"xor":true},"metadata":{"graphics":{"position":{"x":1330,"y":210},"size":{"height":1070,"width":1120}}},"id":"xor-browse-view-container","type":"ifml.ViewContainer"},{"attributes":{"name":"Xor","default":false,"landmark":false,"xor":true},"metadata":{"graphics":{"position":{"x":2570,"y":940},"size":{"height":1190,"width":1300}}},"id":"xor-profile-view-container","type":"ifml.ViewContainer"},{"attributes":{"name":"Xor","default":false,"landmark":false,"xor":true},"metadata":{"graphics":{"position":{"x":1760,"y":2250},"size":{"height":610,"width":2340}}},"id":"xor-cart-view-container","type":"ifml.ViewContainer"},{"attributes":{"name":"Log In","parameters":[{"label":"username"},{"label":"password"}],"results":[{"label":"username"},{"label":"username-error"},{"label":"password"},{"label":"password-error"}]},"metadata":{"graphics":{"position":{"x":1710,"y":1630},"size":{"height":80,"width":115},"parent":"sign-up-and-log-in-pattern-view-container"}},"id":"log-in-action","type":"ifml.Action"},{"attributes":{"name":"Registration","parameters":[{"label":"name"},{"label":"surname"},{"label":"username"},{"label":"password"}],"results":[{"label":"name"},{"label":"name-error"},{"label":"surname"},{"label":"surname-error"},{"label":"username"},{"label":"username-error"},{"label":"password"},{"label":"password-error"}]},"metadata":{"graphics":{"position":{"x":1900,"y":1630},"size":{"height":80,"width":160},"parent":"sign-up-and-log-in-pattern-view-container"}},"id":"registration-action","type":"ifml.Action"},{"attributes":{"name":"Sign Up and Log In","default":false,"landmark":false,"xor":true},"metadata":{"graphics":{"position":{"x":1640,"y":1400},"size":{"height":200,"width":450}}},"id":"sign-up-and-log-in-view-container","type":"ifml.ViewContainer"},{"attributes":{"name":"Xor","default":false,"landmark":false,"xor":true},"metadata":{"graphics":{"position":{"x":2670,"y":210},"size":{"height":330,"width":860}}},"id":"xor-in-place-log-in-view-container","type":"ifml.ViewContainer"},{"attributes":{"name":"Content Management Pattern","default":true,"landmark":true,"xor":false},"metadata":{"graphics":{"position":{"x":2600,"y":990},"size":{"height":540,"width":540}}},"id":"content-management-pattern-view-container","type":"ifml.ViewContainer"},{"attributes":{"name":"Content Management Pattern","default":false,"landmark":true,"xor":false},"metadata":{"graphics":{"position":{"x":2680,"y":1570},"size":{"height":540,"width":460}}},"id":"favorite-content-management-pattern-view-container","type":"ifml.ViewContainer"},{"attributes":{"name":"Content Management Pattern","default":false,"landmark":true,"xor":false},"metadata":{"graphics":{"position":{"x":3170,"y":990},"size":{"height":540,"width":670}}},"id":"orders-content-management-pattern-view-container","type":"ifml.ViewContainer"},{"attributes":{"name":"Content Management Pattern","default":true,"landmark":true,"xor":false},"metadata":{"graphics":{"position":{"x":1790,"y":2290},"size":{"height":540,"width":480}}},"id":"cart-content-management-pattern-view-container","type":"ifml.ViewContainer"},{"attributes":{"name":"Wizard Pattern","default":false,"landmark":false,"xor":false},"metadata":{"graphics":{"position":{"x":2380,"y":2380},"size":{"height":350,"width":1610}}},"id":"wizard-pattern-view-container","type":"ifml.ViewContainer"},{"attributes":{"name":"Done"},"metadata":{"graphics":{"position":{"x":1700,"y":1660},"name":{"horizontal":"middle","vertical":"top"}}},"id":"done-log-in-event","type":"ifml.Event"},{"attributes":{"name":"Failed"},"metadata":{"graphics":{"position":{"x":1780,"y":1620},"name":{"horizontal":"middle","vertical":"bottom"}}},"id":"failed-log-in-event","type":"ifml.Event"},{"attributes":{"name":"Done"},"metadata":{"graphics":{"position":{"x":1890,"y":1640},"name":{"horizontal":"middle","vertical":"top"}}},"id":"done-registration-event","type":"ifml.Event"},{"attributes":{"name":"Registration"},"metadata":{"graphics":{"position":{"x":2000,"y":1620},"name":{"horizontal":"middle","vertical":"bottom"}}},"id":"failed-registration-event","type":"ifml.Event"},{"attributes":{"name":"Log In","default":true,"landmark":false,"xor":false},"metadata":{"graphics":{"position":{"x":1660,"y":1440},"size":{"height":140,"width":190}}},"id":"log-in-view-container","type":"ifml.ViewContainer"},{"attributes":{"name":"Sign Up","default":false,"landmark":false,"xor":false},"metadata":{"graphics":{"position":{"x":1880,"y":1440},"size":{"height":140,"width":190}}},"id":"sign-up-view-container","type":"ifml.ViewContainer"},{"attributes":{"name":"Favorite In-Place Log In","default":false,"landmark":false,"xor":false},"metadata":{"graphics":{"position":{"x":2690,"y":250},"size":{"height":270,"width":400}}},"id":"favorite-in-place-log-in-view-container","type":"ifml.ViewContainer"},{"attributes":{"name":"Add to cart In-Place Log In","default":false,"landmark":false,"xor":false},"metadata":{"graphics":{"position":{"x":3110,"y":250},"size":{"height":270,"width":400}}},"id":"add-to-cart-in-place-log-in-view-container","type":"ifml.ViewContainer"},{"attributes":{"name":"Account Content Management","default":false,"landmark":false,"xor":true},"metadata":{"graphics":{"position":{"x":2620,"y":1030},"size":{"height":480,"width":500}}},"id":"xor-account-content-management-view-container","type":"ifml.ViewContainer"},{"attributes":{"name":"Favorite Content Management","default":false,"landmark":false,"xor":true},"metadata":{"graphics":{"position":{"x":2700,"y":1610},"size":{"height":480,"width":410}}},"id":"favorite-content-management-view-container","type":"ifml.ViewContainer"},{"attributes":{"name":"Orders Content Management","default":false,"landmark":false,"xor":true},"metadata":{"graphics":{"position":{"x":3190,"y":1030},"size":{"height":480,"width":620}}},"id":"orders-content-management-view-container","type":"ifml.ViewContainer"},{"attributes":{"name":"Personal Pages Content Management","default":false,"landmark":false,"xor":true},"metadata":{"graphics":{"position":{"x":1810,"y":2330},"size":{"height":480,"width":430}}},"id":"cart-content-management-view-container","type":"ifml.ViewContainer"},{"attributes":{"name":"Save","parameters":[],"results":[{"label":"id"}]},"metadata":{"graphics":{"position":{"x":3860,"y":2550},"size":{"height":70,"width":110},"parent":"wizard-pattern-view-container"}},"id":"save-action","type":"ifml.Action"},{"attributes":{"name":"Xor Cart Wizard","default":false,"landmark":false,"xor":true},"metadata":{"graphics":{"position":{"x":2400,"y":2420},"size":{"height":290,"width":1430}}},"id":"xor-cart-wizard-view-container","type":"ifml.ViewContainer"},{"attributes":{"name":"Log In Form","stereotype":"form","fields":[{"label":"username","value":"username","type":"text"},{"label":"password","value":"password","type":"password"}]},"metadata":{"graphics":{"position":{"x":1680,"y":1480},"size":{"height":80,"width":150}}},"id":"log-in-form","type":"ifml.ViewComponent"},{"attributes":{"name":"Sign Up Form","stereotype":"form","fields":[{"label":"name","value":"name","type":"text"},{"label":"surname","value":"surname","type":"text"},{"label":"username","value":"username","type":"text"},{"label":"password","value":"password","type":"password"}]},"metadata":{"graphics":{"position":{"x":1900,"y":1480},"size":{"height":80,"width":150}}},"id":"sign-up-form","type":"ifml.ViewComponent"},{"attributes":{"name":"Log In & Send","parameters":[{"label":"username"},{"label":"password"},{"label":"content-to-send"}],"results":[{"label":"username"},{"label":"username-error"},{"label":"password"},{"label":"password-error"},{"label":"content-to-send"}]},"metadata":{"graphics":{"position":{"x":2950,"y":320},"size":{"height":60,"width":125},"parent":"favorite-in-place-log-in-view-container"}},"id":"favorite-log-in-and-send-action","type":"ifml.Action"},{"attributes":{"name":"Send","parameters":[{"label":"id"},{"label":"favorite-group"}],"results":[{"label":"content-to-send"},{"label":"id"},{"label":"favourite-group"}]},"metadata":{"graphics":{"position":{"x":2780,"y":450},"size":{"height":50,"width":100},"parent":"favorite-in-place-log-in-view-container"}},"id":"favorite-send-action","type":"ifml.Action"},{"attributes":{"name":"Modal In-Place Log In","default":false,"landmark":false,"xor":false},"metadata":{"graphics":{"position":{"x":2710,"y":290},"size":{"height":120,"width":200}}},"id":"favorite-in-place-login-modal-view-container","type":"ifml.ViewContainer"},{"attributes":{"name":"Log In & Send","parameters":[{"label":"username"},{"label":"password"},{"label":"content-to-send"}],"results":[{"label":"username"},{"label":"username-error"},{"label":"password"},{"label":"password-error"},{"label":"content-to-send"}]},"metadata":{"graphics":{"position":{"x":3370,"y":320},"size":{"height":60,"width":125},"parent":"add-to-cart-in-place-log-in-view-container"}},"id":"add-to-cart-log-in-and-send-action","type":"ifml.Action"},{"attributes":{"name":"Send","parameters":[{"label":"id"},{"label":"quantity"}],"results":[{"label":"content-to-send"},{"label":"id"},{"label":"quantity"}]},"metadata":{"graphics":{"position":{"x":3200,"y":450},"size":{"height":50,"width":100},"parent":"add-to-cart-in-place-log-in-view-container"}},"id":"add-to-cart-send-action","type":"ifml.Action"},{"attributes":{"name":"Modal In-Place Log In","default":false,"landmark":false,"xor":false},"metadata":{"graphics":{"position":{"x":3130,"y":290},"size":{"height":120,"width":200}}},"id":"add-to-cart-in-place-login-modal-view-container","type":"ifml.ViewContainer"},{"attributes":{"name":"Create or Modify","parameters":[{"label":"id"},{"label":"name"},{"label":"surname"},{"label":"username"},{"label":"password"}],"results":[{"label":"id"},{"label":"name"},{"label":"name-error"},{"label":"surname"},{"label":"surname-error"},{"label":"username"},{"label":"username-error"},{"label":"password"},{"label":"password-error"}]},"metadata":{"graphics":{"position":{"x":2750,"y":1320},"size":{"height":60,"width":120},"parent":"xor-account-content-management-view-container"}},"id":"create-modify-action","type":"ifml.Action"},{"attributes":{"name":"Account","default":false,"landmark":true,"xor":false},"metadata":{"graphics":{"position":{"x":2640,"y":1090},"size":{"height":150,"width":200}}},"id":"account-view-container","type":"ifml.ViewContainer"},{"attributes":{"name":"Account","default":true,"landmark":true,"xor":false},"metadata":{"graphics":{"position":{"x":2860,"y":1090},"size":{"height":150,"width":240}}},"id":"account-view-container-1","type":"ifml.ViewContainer"},{"attributes":{"name":"Delete","parameters":[{"label":"id"}],"results":[]},"metadata":{"graphics":{"position":{"x":3010,"y":1960},"size":{"height":50,"width":75},"parent":"favorite-content-management-view-container"}},"id":"favorite-delete-action","type":"ifml.Action"},{"attributes":{"name":"Modal Confirmation","default":false,"landmark":false,"xor":false},"metadata":{"graphics":{"position":{"x":2770,"y":1850},"size":{"height":160,"width":210}}},"id":"favorite-modal-confirmation-view-container","type":"ifml.ViewContainer"},{"attributes":{"name":"Favorite","default":true,"landmark":true,"xor":false},"metadata":{"graphics":{"position":{"x":2780,"y":1660},"size":{"height":150,"width":220}}},"id":"favorite-view-container","type":"ifml.ViewContainer"},{"attributes":{"name":"Delete","parameters":[{"label":"id"}],"results":[]},"metadata":{"graphics":{"position":{"x":3500,"y":1380},"size":{"height":50,"width":75},"parent":"orders-content-management-view-container"}},"id":"orders-delete-action","type":"ifml.Action"},{"attributes":{"name":"Modal Confirmation","default":false,"landmark":false,"xor":false},"metadata":{"graphics":{"position":{"x":3260,"y":1270},"size":{"height":160,"width":210}}},"id":"orders-modal-confirmation-view-container","type":"ifml.ViewContainer"},{"attributes":{"name":"Orders","default":true,"landmark":true,"xor":false},"metadata":{"graphics":{"position":{"x":3270,"y":1080},"size":{"height":150,"width":220}}},"id":"orders-view-container","type":"ifml.ViewContainer"},{"attributes":{"name":"Order","default":false,"landmark":false,"xor":false},"metadata":{"graphics":{"position":{"x":3580,"y":1090},"size":{"height":260,"width":200}}},"id":"orders-order-view-container","type":"ifml.ViewContainer"},{"attributes":{"name":"Delete","parameters":[{"label":"id"}],"results":[]},"metadata":{"graphics":{"position":{"x":2120,"y":2680},"size":{"height":50,"width":75},"parent":"cart-content-management-view-container"}},"id":"cart-delete-action","type":"ifml.Action"},{"attributes":{"name":"Modal Confirmation","default":false,"landmark":false,"xor":false},"metadata":{"graphics":{"position":{"x":1880,"y":2570},"size":{"height":160,"width":210}}},"id":"cart-modal-confirmation-view-container","type":"ifml.ViewContainer"},{"attributes":{"name":"Shopping Cart","default":true,"landmark":false,"xor":false},"metadata":{"graphics":{"position":{"x":1870,"y":2390},"size":{"height":130,"width":220}}},"id":"cart-view-container","type":"ifml.ViewContainer"},{"attributes":{"name":"Done"},"metadata":{"graphics":{"position":{"x":3960,"y":2550},"name":{"horizontal":"middle","vertical":"top"}}},"id":"order-done-event","type":"ifml.Event"},{"attributes":{"name":"Validate Shipment","parameters":[{"label":"name"},{"label":"surname"},{"label":"address"},{"label":"state"},{"label":"city"},{"label":"cap"}],"results":[{"label":"name-error"},{"label":"surname-error"},{"label":"address-error"},{"label":"state-error"},{"label":"city-error"},{"label":"cap-error"},{"label":"name"},{"label":"surname"},{"label":"address"},{"label":"state"},{"label":"city"},{"label":"cap"}]},"metadata":{"graphics":{"position":{"x":2660,"y":2510},"size":{"height":70,"width":110},"parent":"xor-cart-wizard-view-container"}},"id":"validate-shipment-action","type":"ifml.Action"},{"attributes":{"name":"Previous Shipment","parameters":[{"label":"name"},{"label":"surname"},{"label":"address"},{"label":"state"},{"label":"city"},{"label":"cap"}],"results":[{"label":"name"},{"label":"surname"},{"label":"address"},{"label":"state"},{"label":"city"},{"label":"cap"}]},"metadata":{"graphics":{"position":{"x":2660,"y":2620},"size":{"height":70,"width":110},"parent":"xor-cart-wizard-view-container"}},"id":"previous-shipment-action","type":"ifml.Action"},{"attributes":{"name":"Validate Billing","parameters":[{"label":"name"},{"label":"surname"},{"label":"address"},{"label":"state"},{"label":"city"},{"label":"cap"}],"results":[{"label":"name-error"},{"label":"surname-error"},{"label":"address-error"},{"label":"state-error"},{"label":"city-error"},{"label":"cap-error"},{"label":"name"},{"label":"surname"},{"label":"address"},{"label":"state"},{"label":"city"},{"label":"cap"}]},"metadata":{"graphics":{"position":{"x":3060,"y":2510},"size":{"height":70,"width":110},"parent":"xor-cart-wizard-view-container"}},"id":"validate-billing-action","type":"ifml.Action"},{"attributes":{"name":"Previous Billing","parameters":[{"label":"card-holder"},{"label":"card-number"},{"label":"expiration"},{"label":"secure-code"}],"results":[{"label":"name"},{"label":"surname"},{"label":"address"},{"label":"state"},{"label":"city"},{"label":"cap"}]},"metadata":{"graphics":{"position":{"x":3060,"y":2620},"size":{"height":70,"width":110},"parent":"xor-cart-wizard-view-container"}},"id":"previous-billing-action","type":"ifml.Action"},{"attributes":{"name":"Validate Payment","parameters":[{"label":"card-holder"},{"label":"card-number"},{"label":"expiration"},{"label":"secure-code"}],"results":[{"label":"card-holder-error"},{"label":"card-number-error"},{"label":"expiration-error"},{"label":"secure-code-error"},{"label":"card-holder"},{"label":"card-number"},{"label":"expiration"},{"label":"secure-code"},{"label":"id"}]},"metadata":{"graphics":{"position":{"x":3460,"y":2510},"size":{"height":70,"width":110},"parent":"xor-cart-wizard-view-container"}},"id":"validate-payment-action","type":"ifml.Action"},{"attributes":{"name":"Previous Payment","parameters":[],"results":[]},"metadata":{"graphics":{"position":{"x":3460,"y":2620},"size":{"height":70,"width":110},"parent":"xor-cart-wizard-view-container"}},"id":"previous-payment-action","type":"ifml.Action"},{"attributes":{"name":"Billing","default":false,"landmark":false,"xor":false},"metadata":{"graphics":{"position":{"x":2820,"y":2460},"size":{"height":150,"width":190}}},"id":"billing-view-container","type":"ifml.ViewContainer"},{"attributes":{"name":"Shipment","default":true,"landmark":false,"xor":false},"metadata":{"graphics":{"position":{"x":2420,"y":2460},"size":{"height":150,"width":190}}},"id":"shipment-view-container","type":"ifml.ViewContainer"},{"attributes":{"name":"Review","default":false,"landmark":false,"xor":false},"metadata":{"graphics":{"position":{"x":3620,"y":2460},"size":{"height":150,"width":190}}},"id":"review-view-container","type":"ifml.ViewContainer"},{"attributes":{"name":"Payment","default":false,"landmark":false,"xor":false},"metadata":{"graphics":{"position":{"x":3220,"y":2460},"size":{"height":150,"width":190}}},"id":"payment-view-container","type":"ifml.ViewContainer"},{"attributes":{"name":"Sign Up"},"metadata":{"graphics":{"position":{"x":1820,"y":1480},"name":{"horizontal":"middle","vertical":"top"}}},"id":"sign-up-event","type":"ifml.Event"},{"attributes":{"name":"Log In"},"metadata":{"graphics":{"position":{"x":1730,"y":1550},"name":{"horizontal":"middle","vertical":"top"}}},"id":"log-in-event","type":"ifml.Event"},{"attributes":{"name":"Log In"},"metadata":{"graphics":{"position":{"x":1890,"y":1510},"name":{"horizontal":"middle","vertical":"top"}}},"id":"back-to-log-in-event","type":"ifml.Event"},{"attributes":{"name":"Registration"},"metadata":{"graphics":{"position":{"x":1950,"y":1550},"name":{"horizontal":"middle","vertical":"top"}}},"id":"registration-event","type":"ifml.Event"},{"attributes":{"name":"Failed"},"metadata":{"graphics":{"position":{"x":2940,"y":320},"name":{"horizontal":"middle","vertical":"top"}}},"id":"favorite-failed-log-in-event","type":"ifml.Event"},{"attributes":{"name":"Done"},"metadata":{"graphics":{"position":{"x":3040,"y":310},"name":{"horizontal":"left-outer","vertical":"top"}}},"id":"favorite-done-log-in-event","type":"ifml.Event"},{"attributes":{"name":"Log In"},"metadata":{"graphics":{"position":{"x":2810,"y":440},"name":{"horizontal":"left-outer","vertical":"top"}}},"id":"favorite-log-in-event","type":"ifml.Event"},{"attributes":{"name":"Done"},"metadata":{"graphics":{"position":{"x":2870,"y":460},"name":{"horizontal":"middle","vertical":"top"}}},"id":"favorite-done-logged-event","type":"ifml.Event"},{"attributes":{"name":"Failed"},"metadata":{"graphics":{"position":{"x":2770,"y":480},"name":{"horizontal":"middle","vertical":"top"}}},"id":"favorite-failed-logged-event","type":"ifml.Event"},{"attributes":{"name":"Log In Form","stereotype":"form","fields":[{"label":"username","value":"username","type":"text"},{"label":"password","value":"password","type":"password"},{"label":"content-to-send","value":"content-to-send","type":"hidden-object"}]},"metadata":{"graphics":{"position":{"x":2730,"y":330},"size":{"height":60,"width":150}}},"id":"favorite-log-in-form","type":"ifml.ViewComponent"},{"attributes":{"name":"Failed"},"metadata":{"graphics":{"position":{"x":3360,"y":320},"name":{"horizontal":"middle","vertical":"top"}}},"id":"add-to-cart-failed-log-in-event","type":"ifml.Event"},{"attributes":{"name":"Done"},"metadata":{"graphics":{"position":{"x":3460,"y":310},"name":{"horizontal":"left-outer","vertical":"top"}}},"id":"add-to-cart-done-log-in-event","type":"ifml.Event"},{"attributes":{"name":"Log In"},"metadata":{"graphics":{"position":{"x":3230,"y":440},"name":{"horizontal":"left-outer","vertical":"top"}}},"id":"add-to-cart-log-in-event","type":"ifml.Event"},{"attributes":{"name":"Done"},"metadata":{"graphics":{"position":{"x":3290,"y":460},"name":{"horizontal":"middle","vertical":"top"}}},"id":"add-to-cart-done-logged-event","type":"ifml.Event"},{"attributes":{"name":"Failed"},"metadata":{"graphics":{"position":{"x":3190,"y":480},"name":{"horizontal":"middle","vertical":"top"}}},"id":"add-to-cart-failed-logged-event","type":"ifml.Event"},{"attributes":{"name":"Log In Form","stereotype":"form","fields":[{"label":"username","value":"username","type":"text"},{"label":"password","value":"password","type":"password"},{"label":"content-to-send","value":"content-to-send","type":"hidden-object"}]},"metadata":{"graphics":{"position":{"x":3150,"y":330},"size":{"height":60,"width":150}}},"id":"add-to-cart-log-in-form","type":"ifml.ViewComponent"},{"attributes":{"name":"Done"},"metadata":{"graphics":{"position":{"x":2860,"y":1320},"name":{"horizontal":"middle","vertical":"top"}}},"id":"done-create-modify-event","type":"ifml.Event"},{"attributes":{"name":"Failed"},"metadata":{"graphics":{"position":{"x":2760,"y":1310},"name":{"horizontal":"left-outer","vertical":"top"}}},"id":"failed-create-modify-event","type":"ifml.Event"},{"attributes":{"name":"Account","stereotype":"form","fields":[{"label":"id","value":"id","type":"text"},{"label":"name","value":"name","type":"text"},{"label":"surname","value":"surname","type":"text"},{"label":"username","value":"username","type":"text"},{"label":"password","value":"password","type":"password"}]},"metadata":{"graphics":{"position":{"x":2660,"y":1150},"size":{"height":70,"width":150}}},"id":"account-form","type":"ifml.ViewComponent"},{"attributes":{"name":"Account","stereotype":"details","fields":[{"label":"name"},{"label":"surname"},{"label":"username"},{"label":"password"}],"collection":"account"},"metadata":{"graphics":{"position":{"x":2920,"y":1160},"size":{"height":60,"width":170}}},"id":"account-details","type":"ifml.ViewComponent"},{"attributes":{"name":"Done"},"metadata":{"graphics":{"position":{"x":3040,"y":1950},"name":{"horizontal":"left-outer","vertical":"top"}}},"id":"favorite-done-delete-event","type":"ifml.Event"},{"attributes":{"name":"Cancel"},"metadata":{"graphics":{"position":{"x":2830,"y":2000},"name":{"horizontal":"middle","vertical":"top"}}},"id":"favorite-cancel-confirmation-event","type":"ifml.Event"},{"attributes":{"name":"Delete Page","stereotype":"details","fields":[],"collection":"favorite"},"metadata":{"graphics":{"position":{"x":2790,"y":1920},"size":{"height":60,"width":150}}},"id":"favorite-delete-page-details","type":"ifml.ViewComponent"},{"attributes":{"name":"Favorite","stereotype":"list","fields":[{"label":"title"},{"label":"preview"}],"collection":"favorite","filters":[]},"metadata":{"graphics":{"position":{"x":2800,"y":1690},"size":{"height":60,"width":180}}},"id":"favorite-list","type":"ifml.ViewComponent"},{"attributes":{"name":"Done"},"metadata":{"graphics":{"position":{"x":3530,"y":1370},"name":{"horizontal":"left-outer","vertical":"top"}}},"id":"orders-done-delete-event","type":"ifml.Event"},{"attributes":{"name":"Cancel"},"metadata":{"graphics":{"position":{"x":3320,"y":1420},"name":{"horizontal":"middle","vertical":"top"}}},"id":"orders-cancel-confirmation-event","type":"ifml.Event"},{"attributes":{"name":"Delete Page","stereotype":"details","fields":[{"label":"date"},{"label":"total"},{"label":"state"}],"collection":"orders"},"metadata":{"graphics":{"position":{"x":3280,"y":1340},"size":{"height":60,"width":150}}},"id":"orders-delete-page-details","type":"ifml.ViewComponent"},{"attributes":{"name":"Orders","stereotype":"list","fields":[{"label":"date"},{"label":"total"},{"label":"state"}],"collection":"orders","filters":[]},"metadata":{"graphics":{"position":{"x":3290,"y":1110},"size":{"height":60,"width":180}}},"id":"orders-list","type":"ifml.ViewComponent"},{"attributes":{"name":"Order","stereotype":"details","fields":[{"label":"date"},{"label":"total"},{"label":"state"},{"label":"description"}],"collection":"orders"},"metadata":{"graphics":{"position":{"x":3600,"y":1160},"size":{"height":60,"width":170}}},"id":"orders-order-details","type":"ifml.ViewComponent"},{"attributes":{"name":"Products","stereotype":"list","fields":[{"label":"name"},{"label":"image"},{"label":"prize"}],"collection":"orders","filters":[{"label":"order-id"}]},"metadata":{"graphics":{"position":{"x":3610,"y":1270},"size":{"height":60,"width":150}}},"id":"orders-order-products-list","type":"ifml.ViewComponent"},{"attributes":{"name":"Done"},"metadata":{"graphics":{"position":{"x":2150,"y":2670},"name":{"horizontal":"left-outer","vertical":"top"}}},"id":"cart-done-delete-event","type":"ifml.Event"},{"attributes":{"name":"Cancel"},"metadata":{"graphics":{"position":{"x":1940,"y":2720},"name":{"horizontal":"middle","vertical":"top"}}},"id":"cart-cancel-confirmation-event","type":"ifml.Event"},{"attributes":{"name":"Delete Page","stereotype":"details","fields":[{"label":"title"},{"label":"content"},{"label":"date"}],"collection":"personal-pages"},"metadata":{"graphics":{"position":{"x":1900,"y":2640},"size":{"height":60,"width":150}}},"id":"cart-delete-page-details","type":"ifml.ViewComponent"},{"attributes":{"name":"Shopping Cart","stereotype":"list","fields":[{"label":"name"},{"label":"image"},{"label":"prize"}],"collection":"cart","filters":[]},"metadata":{"graphics":{"position":{"x":1880,"y":2430},"size":{"height":60,"width":180}}},"id":"cart-list","type":"ifml.ViewComponent"},{"attributes":{"name":"Buy"},"metadata":{"graphics":{"position":{"x":2080,"y":2470},"name":{"horizontal":"middle","vertical":"top"}}},"id":"cart-buy-event","type":"ifml.Event"},{"attributes":{"name":"Ko"},"metadata":{"graphics":{"position":{"x":2650,"y":2560},"name":{"horizontal":"left-outer","vertical":"top"}}},"id":"ko-validate-step-1-event","type":"ifml.Event"},{"attributes":{"name":"Ok"},"metadata":{"graphics":{"position":{"x":2760,"y":2510},"name":{"horizontal":"left-outer","vertical":"top"}}},"id":"ok-validate-step-1-event","type":"ifml.Event"},{"attributes":{"name":"To"},"metadata":{"graphics":{"position":{"x":2650,"y":2670},"name":{"horizontal":"left-outer","vertical":"top"}}},"id":"to-step-1-event","type":"ifml.Event"},{"attributes":{"name":"Ko"},"metadata":{"graphics":{"position":{"x":3050,"y":2560},"name":{"horizontal":"left-outer","vertical":"top"}}},"id":"ko-validate-step-2-event","type":"ifml.Event"},{"attributes":{"name":"Ok"},"metadata":{"graphics":{"position":{"x":3160,"y":2510},"name":{"horizontal":"left-outer","vertical":"top"}}},"id":"ok-validate-step-2-event","type":"ifml.Event"},{"attributes":{"name":"To"},"metadata":{"graphics":{"position":{"x":3050,"y":2670},"name":{"horizontal":"left-outer","vertical":"top"}}},"id":"to-step-2-event","type":"ifml.Event"},{"attributes":{"name":"Ko"},"metadata":{"graphics":{"position":{"x":3450,"y":2560},"name":{"horizontal":"middle","vertical":"top"}}},"id":"ko-validate-payment-event","type":"ifml.Event"},{"attributes":{"name":"Ok"},"metadata":{"graphics":{"position":{"x":3560,"y":2510},"name":{"horizontal":"middle","vertical":"top"}}},"id":"ok-validate-payment-event","type":"ifml.Event"},{"attributes":{"name":"To"},"metadata":{"graphics":{"position":{"x":3450,"y":2670},"name":{"horizontal":"middle","vertical":"top"}}},"id":"to-payment-event","type":"ifml.Event"},{"attributes":{"name":"Cancel"},"metadata":{"graphics":{"position":{"x":3000,"y":2490},"name":{"horizontal":"right-outer","vertical":"top"}}},"id":"cancel-step-2-event","type":"ifml.Event"},{"attributes":{"name":"Billing Form","stereotype":"form","fields":[{"label":"name","value":"name","type":"text"},{"label":"surname","value":"surname","type":"text"},{"label":"address","value":"address","type":"text"},{"label":"state","value":"state","type":"text"},{"label":"city","value":"city","type":"text"},{"label":"cap","value":"cap","type":"text"}]},"metadata":{"graphics":{"position":{"x":2840,"y":2500},"size":{"height":90,"width":150}}},"id":"billing-form","type":"ifml.ViewComponent"},{"attributes":{"name":"Shipment Form","stereotype":"form","fields":[{"label":"name","value":"name","type":"text"},{"label":"surname","value":"surname","type":"text"},{"label":"address","value":"address","type":"text"},{"label":"state","value":"state","type":"text"},{"label":"city","value":"city","type":"text"},{"label":"cap","value":"cap","type":"text"}]},"metadata":{"graphics":{"position":{"x":2440,"y":2500},"size":{"height":90,"width":150}}},"id":"shipment-form","type":"ifml.ViewComponent"},{"attributes":{"name":"Cancel"},"metadata":{"graphics":{"position":{"x":2600,"y":2490},"name":{"horizontal":"right-outer","vertical":"top"}}},"id":"cancel-step-1-event","type":"ifml.Event"},{"attributes":{"name":"Cancel"},"metadata":{"graphics":{"position":{"x":3800,"y":2490},"name":{"horizontal":"right-outer","vertical":"top"}}},"id":"cancel-review-event","type":"ifml.Event"},{"attributes":{"name":"Review","stereotype":"details","fields":[{"label":"name"},{"label":"surname"},{"label":"total"},{"label":"shipment-address"},{"label":"city"},{"label":"state"},{"label":"cap"}],"collection":"shipment"},"metadata":{"graphics":{"position":{"x":3640,"y":2500},"size":{"height":90,"width":150}}},"id":"review-details","type":"ifml.ViewComponent"},{"attributes":{"name":"Payment Form","stereotype":"form","fields":[{"label":"card-holder","value":"card-holder","type":"text"},{"label":"expiration","value":"expiration","type":"text"},{"label":"secure-code","value":"secure-code","type":"text"},{"label":"card-number","value":"card-number","type":"password"}]},"metadata":{"graphics":{"position":{"x":3240,"y":2500},"size":{"height":90,"width":150}}},"id":"payment-form","type":"ifml.ViewComponent"},{"attributes":{"name":"Cancel"},"metadata":{"graphics":{"position":{"x":3400,"y":2490},"name":{"horizontal":"middle","vertical":"top"}}},"id":"cancel-payment-event","type":"ifml.Event"},{"attributes":{"name":"Log In"},"metadata":{"graphics":{"position":{"x":2870,"y":360},"name":{"horizontal":"middle","vertical":"top"}}},"id":"favorite-log-in-and-create-event","type":"ifml.Event"},{"attributes":{"name":"Back"},"metadata":{"graphics":{"position":{"x":2740,"y":380},"name":{"horizontal":"middle","vertical":"top"}}},"id":"favorite-back-event","type":"ifml.Event"},{"attributes":{"name":"Log In"},"metadata":{"graphics":{"position":{"x":3290,"y":360},"name":{"horizontal":"middle","vertical":"top"}}},"id":"add-to-cart-log-in-and-create-event","type":"ifml.Event"},{"attributes":{"name":"Back"},"metadata":{"graphics":{"position":{"x":3160,"y":380},"name":{"horizontal":"middle","vertical":"top"}}},"id":"add-to-cart-back-event","type":"ifml.Event"},{"attributes":{"name":"Submit"},"metadata":{"graphics":{"position":{"x":2780,"y":1210},"name":{"horizontal":"middle","vertical":"top"}}},"id":"submit-event","type":"ifml.Event"},{"attributes":{"name":"Modify"},"metadata":{"graphics":{"position":{"x":2910,"y":1170},"name":{"horizontal":"left-outer","vertical":"top"}}},"id":"modify-page-event","type":"ifml.Event"},{"attributes":{"name":"Delete"},"metadata":{"graphics":{"position":{"x":2930,"y":1960},"name":{"horizontal":"middle","vertical":"top"}}},"id":"favorite-delete-confirmation-event","type":"ifml.Event"},{"attributes":{"name":"Delete","stereotype":"selection"},"metadata":{"graphics":{"position":{"x":2860,"y":1740},"name":{"horizontal":"left-outer","vertical":"bottom"}}},"id":"favorite-delete-event","type":"ifml.Event"},{"attributes":{"name":"Display"},"metadata":{"graphics":{"position":{"x":2970,"y":1690},"name":{"horizontal":"middle","vertical":"top"}}},"id":"favorite-display-event","type":"ifml.Event"},{"attributes":{"name":"Delete"},"metadata":{"graphics":{"position":{"x":3420,"y":1380},"name":{"horizontal":"middle","vertical":"top"}}},"id":"orders-delete-confirmation-event","type":"ifml.Event"},{"attributes":{"name":"Delete"},"metadata":{"graphics":{"position":{"x":3350,"y":1160},"name":{"horizontal":"left-outer","vertical":"bottom"}}},"id":"orders-delete-event","type":"ifml.Event"},{"attributes":{"name":"Display"},"metadata":{"graphics":{"position":{"x":3460,"y":1120},"name":{"horizontal":"middle","vertical":"top"}}},"id":"display-event","type":"ifml.Event"},{"attributes":{"name":"Delete"},"metadata":{"graphics":{"position":{"x":2040,"y":2680},"name":{"horizontal":"middle","vertical":"top"}}},"id":"cart-delete-confirmation-event","type":"ifml.Event"},{"attributes":{"name":"Delete","stereotype":"selection"},"metadata":{"graphics":{"position":{"x":1940,"y":2480},"name":{"horizontal":"left-outer","vertical":"bottom"}}},"id":"cart-delete-event","type":"ifml.Event"},{"attributes":{"name":"Display"},"metadata":{"graphics":{"position":{"x":2050,"y":2440},"name":{"horizontal":"middle","vertical":"top"}}},"id":"cart-display-event","type":"ifml.Event"},{"attributes":{"name":"Previous"},"metadata":{"graphics":{"position":{"x":2830,"y":2570},"name":{"horizontal":"left-outer","vertical":"top"}}},"id":"previous-step-2-event","type":"ifml.Event"},{"attributes":{"name":"Next"},"metadata":{"graphics":{"position":{"x":2980,"y":2530},"name":{"horizontal":"right-outer","vertical":"top"}}},"id":"next-step-2-event","type":"ifml.Event"},{"attributes":{"name":"Next"},"metadata":{"graphics":{"position":{"x":2580,"y":2530},"name":{"horizontal":"right-outer","vertical":"top"}}},"id":"next-step-1-event","type":"ifml.Event"},{"attributes":{"name":"Previous"},"metadata":{"graphics":{"position":{"x":3630,"y":2570},"name":{"horizontal":"left-outer","vertical":"top"}}},"id":"previous-review-event","type":"ifml.Event"},{"attributes":{"name":"end"},"metadata":{"graphics":{"position":{"x":3770,"y":2580},"name":{"horizontal":"left-outer","vertical":"top"}}},"id":"end-wizard-event","type":"ifml.Event"},{"attributes":{"name":"Next"},"metadata":{"graphics":{"position":{"x":3380,"y":2530},"name":{"horizontal":"middle","vertical":"top"}}},"id":"next-payment-event","type":"ifml.Event"},{"attributes":{"name":"Previous"},"metadata":{"graphics":{"position":{"x":3230,"y":2570},"name":{"horizontal":"middle","vertical":"top"}}},"id":"previous-payment-event","type":"ifml.Event"},{"attributes":{"name":"Multilevel Master Detail Pattern","default":true,"landmark":false,"xor":false},"metadata":{"graphics":{"position":{"x":1350,"y":250},"size":{"height":480,"width":1060}}},"id":"multilevel-master-detail-pattern-view-container","type":"ifml.ViewContainer"},{"attributes":{"name":"Xor Catalog Multilevel Master Detail","default":false,"landmark":false,"xor":true},"metadata":{"graphics":{"position":{"x":1380,"y":300},"size":{"height":410,"width":1000}}},"id":"xor-catalog-multilevel-master-detail-view-container","type":"ifml.ViewContainer"},{"attributes":{"name":"Typology","default":false,"landmark":false,"xor":false},"metadata":{"graphics":{"position":{"x":1660,"y":340},"size":{"height":130,"width":210}}},"id":"typology-view-container","type":"ifml.ViewContainer"},{"attributes":{"name":"Category","default":true,"landmark":false,"xor":false},"metadata":{"graphics":{"position":{"x":1400,"y":340},"size":{"height":130,"width":220}}},"id":"category-view-container","type":"ifml.ViewContainer"},{"attributes":{"name":"Products","default":false,"landmark":false,"xor":false},"metadata":{"graphics":{"position":{"x":1910,"y":340},"size":{"height":130,"width":210}}},"id":"products-view-container","type":"ifml.ViewContainer"},{"attributes":{"name":"Result","default":false,"landmark":false,"xor":false},"metadata":{"graphics":{"position":{"x":2160,"y":340},"size":{"height":350,"width":190}}},"id":"result-view-container","type":"ifml.ViewContainer"},{"attributes":{"name":"Typology","stereotype":"list","fields":[{"label":"typology-name"}],"collection":"typology","filters":[{"label":"category-name"}]},"metadata":{"graphics":{"position":{"x":1680,"y":380},"size":{"height":70,"width":170}}},"id":"typology-list","type":"ifml.ViewComponent"},{"attributes":{"name":"Categories","stereotype":"list","fields":[{"label":"category-name"}],"collection":"categories","filters":[]},"metadata":{"graphics":{"position":{"x":1420,"y":380},"size":{"height":70,"width":180}}},"id":"categories-list","type":"ifml.ViewComponent"},{"attributes":{"name":"Products","stereotype":"list","fields":[{"label":"name"},{"label":"image"},{"label":"prize"}],"collection":"defaults","filters":[{"label":"typology-name"}]},"metadata":{"graphics":{"position":{"x":1930,"y":380},"size":{"height":70,"width":170}}},"id":"products-list","type":"ifml.ViewComponent"},{"attributes":{"name":"Product","stereotype":"details","fields":[{"label":"name"},{"label":"image"},{"label":"prize"},{"label":"description"}],"collection":"products"},"metadata":{"graphics":{"position":{"x":2180,"y":380},"size":{"height":90,"width":150}}},"id":"catalog-product-details","type":"ifml.ViewComponent"},{"attributes":{"name":"Add to Cart","stereotype":"form","fields":[{"label":"quantity","value":"quantity","type":"text"},{"label":"id","value":"id","type":"hidden"}]},"metadata":{"graphics":{"position":{"x":2180,"y":590},"size":{"height":60,"width":150}}},"id":"add-to-cart-form","type":"ifml.ViewComponent"},{"attributes":{"name":"Favorite","stereotype":"form","fields":[{"label":"id","value":"id","type":"hidden"},{"label":"favorite","value":"favorite","type":"checkbox","name":"favorite-group"}]},"metadata":{"graphics":{"position":{"x":2180,"y":520},"size":{"height":60,"width":150}}},"id":"favorite-form","type":"ifml.ViewComponent"},{"attributes":{"name":"Selected","stereotype":"selection"},"metadata":{"graphics":{"position":{"x":1840,"y":430},"name":{"horizontal":"right","vertical":"bottom"}}},"id":"selected-step-2-event","type":"ifml.Event"},{"attributes":{"name":"Selected","stereotype":"selection"},"metadata":{"graphics":{"position":{"x":1590,"y":430},"name":{"horizontal":"right","vertical":"bottom"}}},"id":"selected-step-1-event","type":"ifml.Event"},{"attributes":{"name":"Selected","stereotype":"selection"},"metadata":{"graphics":{"position":{"x":2090,"y":430},"name":{"horizontal":"middle","vertical":"bottom"}}},"id":"selected-products-event","type":"ifml.Event"},{"attributes":{"name":"Send"},"metadata":{"graphics":{"position":{"x":2320,"y":640},"name":{"horizontal":"middle","vertical":"bottom"}}},"id":"add-to-cart-send-event","type":"ifml.Event"},{"attributes":{"name":"Send"},"metadata":{"graphics":{"position":{"x":2320,"y":560},"name":{"horizontal":"middle","vertical":"bottom"}}},"id":"favorite-send-event","type":"ifml.Event"},{"attributes":{"name":"Key Search","landmark":true,"xor":false},"metadata":{"graphics":{"position":{"x":1760,"y":750},"size":{"height":300,"width":420}}},"id":"key-search-view-container","type":"ifml.ViewContainer"},{"attributes":{"name":"Results","stereotype":"list","fields":[{"label":"name"}],"collection":"results","filters":[{"label":"category"},{"label":"key"}]},"metadata":{"graphics":{"position":{"x":2000,"y":800},"size":{"height":90,"width":150}}},"id":"results-list","type":"ifml.ViewComponent"},{"attributes":{"name":"Keyword","stereotype":"form","fields":[{"label":"key","value":"key","type":"text"}]},"metadata":{"graphics":{"position":{"x":1780,"y":800},"size":{"height":90,"width":150}}},"id":"keyword-form","type":"ifml.ViewComponent"},{"attributes":{"name":"Categories","stereotype":"list","fields":[{"label":"category"}],"collection":"categories","filters":[]},"metadata":{"graphics":{"position":{"x":1780,"y":920},"size":{"height":90,"width":150}}},"id":"categories-list-1","type":"ifml.ViewComponent"},{"attributes":{"name":"Search"},"metadata":{"graphics":{"position":{"x":2070,"y":1040},"name":{"horizontal":"middle","vertical":"top"}}},"id":"search-event","type":"ifml.Event"},{"attributes":{"name":"Selected","stereotype":"selection"},"metadata":{"graphics":{"position":{"x":2140,"y":870},"name":{"horizontal":"right","vertical":"bottom"}}},"id":"selected-product-event","type":"ifml.Event"},{"attributes":{"name":"Back","parameters":[{"label":"content-to-send"}],"results":[{"label":"id"}]},"metadata":{"graphics":{"position":{"x":2540,"y":370},"size":{"height":50,"width":75},"parent":"xor-view-container"}},"id":"favorite-back-to-details-action","type":"ifml.Action"},{"attributes":{"name":"Done"},"metadata":{"graphics":{"position":{"x":2530,"y":390},"name":{"horizontal":"middle","vertical":"top"}}},"id":"favorite-back-to-details-done","type":"ifml.Event"},{"attributes":{"name":"Back","parameters":[{"label":"content-to-send"}],"results":[{"label":"id"}]},"metadata":{"graphics":{"position":{"x":2530,"y":480},"size":{"height":50,"width":75},"parent":"xor-view-container"}},"id":"favorite-back-to-details-action-1","type":"ifml.Action"},{"attributes":{"name":"Done"},"metadata":{"graphics":{"position":{"x":2520,"y":500},"name":{"horizontal":"middle","vertical":"top"}}},"id":"favorite-back-to-details-done-1","type":"ifml.Event"},{"attributes":{"bindings":[]},"metadata":{"graphics":{"vertices":[{"x":2980,"y":1550},{"x":2290,"y":1550}]}},"id":"5fb69e4e-7f1e-477f-a1be-1b9a838d6abf","type":"ifml.NavigationFlow"},{"attributes":{"bindings":[{"input":"content-to-send","output":"content-to-send"}]},"metadata":{"graphics":{"vertices":[{"x":3160,"y":620},{"x":2570,"y":620}]}},"id":"add-to-cart-back-navigation-flow","type":"ifml.NavigationFlow"},{"attributes":{"bindings":[{"input":"id","output":"id"}]},"metadata":{"graphics":{"vertices":[{"x":2430,"y":410},{"x":2430,"y":630}]}},"id":"add-to-cart-data-flow","type":"ifml.DataFlow"},{"attributes":{"bindings":[{"input":"id","output":"id"}]},"metadata":{"graphics":{"vertices":[{"x":3470,"y":90},{"x":2210,"y":90}]}},"id":"add-to-cart-done-log-in-and-send-navigation-flow","type":"ifml.NavigationFlow"},{"attributes":{"bindings":[{"input":"id","output":"id"}]},"metadata":{"graphics":{"vertices":[{"x":3300,"y":120},{"x":2200,"y":120}]}},"id":"add-to-cart-done-log-in-navigation-flow","type":"ifml.NavigationFlow"},{"attributes":{"bindings":[{"input":"username","output":"username"},{"input":"username-error","output":"username-error"},{"input":"password","output":"password"},{"input":"password-error","output":"password-error"},{"input":"content-to-send","output":"content-to-send"}]},"metadata":{"graphics":{"vertices":[]}},"id":"add-to-cart-failed-log-in-navigation-flow","type":"ifml.NavigationFlow"},{"attributes":{"bindings":[{"input":"id","output":"id"},{"input":"quantity","output":"quantity"}]},"metadata":{"graphics":{"vertices":[{"x":3200,"y":610}]}},"id":"add-to-cart-failed-send-navigation-flow","type":"ifml.NavigationFlow"},{"attributes":{"bindings":[{"input":"content-to-send","output":"content-to-send"}]},"metadata":{"graphics":{"vertices":[]}},"id":"add-to-cart-in-place-log-in-navigation-flow","type":"ifml.NavigationFlow"},{"attributes":{"bindings":[{"input":"username","output":"username"},{"input":"password","output":"password"},{"input":"content-to-send","output":"content-to-send"}]},"metadata":{"graphics":{}},"id":"add-to-cart-log-in-navigation-flow","type":"ifml.NavigationFlow"},{"attributes":{"bindings":[{"input":"id","output":"id"}]},"metadata":{"graphics":{"vertices":[{"x":3250,"y":650}]}},"id":"add-to-cart-send-navigation-flow","type":"ifml.NavigationFlow"},{"attributes":{"bindings":[]},"metadata":{"graphics":{"vertices":[{"x":3050,"y":2500},{"x":3050,"y":2340}]}},"id":"billing-cancel-navigation-flow","type":"ifml.NavigationFlow"},{"attributes":{"bindings":[]},"metadata":{"graphics":{"vertices":[{"x":1950,"y":2770},{"x":1830,"y":2770},{"x":1830,"y":2480}]}},"id":"cart-cancel-delete-event","type":"ifml.NavigationFlow"},{"attributes":{"bindings":[{"input":"id","output":"id"}]},"metadata":{"graphics":{"vertices":[]}},"id":"cart-delete-confirmation-navigation-flow","type":"ifml.NavigationFlow"},{"attributes":{"bindings":[{"input":"id","output":"id"}]},"metadata":{"graphics":{}},"id":"cart-delete-navigation-flow","type":"ifml.NavigationFlow"},{"attributes":{"bindings":[{"input":"id","output":"id"}]},"metadata":{"graphics":{"vertices":[{"x":2170,"y":2450},{"x":2170,"y":2190},{"x":2220,"y":2190}]}},"id":"cart-display-navigation-flow","type":"ifml.NavigationFlow"},{"attributes":{"bindings":[]},"metadata":{"graphics":{"vertices":[{"x":2160,"y":2500}]}},"id":"cart-done-delete-navigation-flow","type":"ifml.NavigationFlow"},{"attributes":{"bindings":[]},"metadata":{"graphics":{"vertices":[{"x":3870,"y":2500},{"x":3870,"y":2320}]}},"id":"confirm-cancel-navigation-flow","type":"ifml.NavigationFlow"},{"attributes":{"bindings":[{"input":"id","output":"id"},{"input":"name","output":"name"},{"input":"surname","output":"surname"},{"input":"username","output":"username"},{"input":"password","output":"password"}]},"metadata":{"graphics":{}},"id":"details-to-modify-navigation-flow","type":"ifml.NavigationFlow"},{"attributes":{"bindings":[{"input":"id","output":"id"}]},"metadata":{"graphics":{"vertices":[{"x":3070,"y":1330}]}},"id":"done-create-modify-navigation-flow","type":"ifml.NavigationFlow"},{"attributes":{"bindings":[]},"metadata":{"graphics":{"vertices":[{"x":1710,"y":1850}]}},"id":"done-log-in-navigation-flow","type":"ifml.NavigationFlow"},{"attributes":{"bindings":[]},"metadata":{"graphics":{"vertices":[{"x":1840,"y":1650}]}},"id":"done-registration-navigation-flow","type":"ifml.NavigationFlow"},{"attributes":{"bindings":[]},"metadata":{"graphics":{}},"id":"end-navigation-flow","type":"ifml.NavigationFlow"},{"attributes":{"bindings":[{"input":"username","output":"username"},{"input":"username-error","output":"username-error"},{"input":"password","output":"password"},{"input":"password-error","output":"password-error"}]},"metadata":{"graphics":{"vertices":[]}},"id":"failed-log-in-navigation-flow","type":"ifml.NavigationFlow"},{"attributes":{"bindings":[{"input":"name","output":"name"},{"input":"name-error","output":"name-error"},{"input":"surname","output":"surname"},{"input":"surname-error","output":"surname-error"},{"input":"username","output":"username"},{"input":"username-error","output":"username-error"},{"input":"password","output":"password"},{"input":"password-error","output":"password-error"}]},"metadata":{"graphics":{"vertices":[]}},"id":"failed-registration-navigation-flow","type":"ifml.NavigationFlow"},{"attributes":{"bindings":[{"input":"id","output":"id"},{"input":"name","output":"name"},{"input":"name-error","output":"name-error"},{"input":"surname","output":"surname"},{"input":"surname-error","output":"surname-error"},{"input":"username","output":"username"},{"input":"username-error","output":"username-error"},{"input":"password","output":"password"},{"input":"password-error","output":"password-error"}]},"metadata":{"graphics":{"vertices":[]}},"id":"failed-submit-navigation-flow","type":"ifml.NavigationFlow"},{"attributes":{"bindings":[{"input":"content-to-send","output":"content-to-send"}]},"metadata":{"graphics":{"vertices":[{"x":2750,"y":460},{"x":2570,"y":460}]}},"id":"favorite-back-navigation-flow","type":"ifml.NavigationFlow"},{"attributes":{"bindings":[{"input":"id","output":"id"}]},"metadata":{"graphics":{"vertices":[]}},"id":"favorite-back-to-details-navigation-flow","type":"ifml.NavigationFlow"},{"attributes":{"bindings":[{"input":"id","output":"id"}]},"metadata":{"graphics":{"vertices":[{"x":2470,"y":510},{"x":2470,"y":470}]}},"id":"favorite-back-to-details-navigation-flow-1","type":"ifml.NavigationFlow"},{"attributes":{"bindings":[]},"metadata":{"graphics":{"vertices":[{"x":2840,"y":2040},{"x":2720,"y":2040},{"x":2720,"y":1720}]}},"id":"favorite-cancel-delete-event","type":"ifml.NavigationFlow"},{"attributes":{"bindings":[{"input":"id","output":"id"}]},"metadata":{"graphics":{}},"id":"favorite-delete-confirmation-navigation-flow","type":"ifml.NavigationFlow"},{"attributes":{"bindings":[{"input":"id","output":"id"}]},"metadata":{"graphics":{"vertices":[]}},"id":"favorite-delete-navigation-flow","type":"ifml.NavigationFlow"},{"attributes":{"bindings":[]},"metadata":{"graphics":{"vertices":[{"x":3050,"y":1840},{"x":2910,"y":1840}]}},"id":"favorite-done-delete-navigation-flow","type":"ifml.NavigationFlow"},{"attributes":{"bindings":[{"input":"id","output":"id"}]},"metadata":{"graphics":{"vertices":[{"x":3050,"y":160},{"x":2190,"y":160}]}},"id":"favorite-done-log-in-and-send-navigation-flow","type":"ifml.NavigationFlow"},{"attributes":{"bindings":[{"input":"id","output":"id"}]},"metadata":{"graphics":{"vertices":[{"x":2880,"y":200},{"x":2180,"y":200}]}},"id":"favorite-done-log-in-navigation-flow","type":"ifml.NavigationFlow"},{"attributes":{"bindings":[{"input":"username","output":"username"},{"input":"username-error","output":"username-error"},{"input":"password","output":"password"},{"input":"password-error","output":"password-error"},{"input":"content-to-send","output":"content-to-send"}]},"metadata":{"graphics":{}},"id":"favorite-failed-log-in-navigation-flow","type":"ifml.NavigationFlow"},{"attributes":{"bindings":[{"input":"id","output":"id"},{"input":"favorite-group","output":"favorite-group"}]},"metadata":{"graphics":{"vertices":[{"x":2780,"y":550}]}},"id":"favorite-failed-send-navigation-flow","type":"ifml.NavigationFlow"},{"attributes":{"bindings":[{"input":"id","output":"id"}]},"metadata":{"graphics":{"vertices":[{"x":2400,"y":420},{"x":2400,"y":530}]}},"id":"favorite-form-data-flow","type":"ifml.DataFlow"},{"attributes":{"bindings":[{"input":"content-to-send","output":"content-to-send"}]},"metadata":{"graphics":{"vertices":[]}},"id":"favorite-in-place-log-in-navigation-flow","type":"ifml.NavigationFlow"},{"attributes":{"bindings":[{"input":"username","output":"username"},{"input":"password","output":"password"},{"input":"content-to-send","output":"content-to-send"}]},"metadata":{"graphics":{}},"id":"favorite-log-in-navigation-flow","type":"ifml.NavigationFlow"},{"attributes":{"bindings":[{"input":"id","output":"id"},{"input":"favorite-group","output":"favorite-group"}]},"metadata":{"graphics":{"vertices":[{"x":2840,"y":570}]}},"id":"favorite-send-navigation-flow","type":"ifml.NavigationFlow"},{"attributes":{"bindings":[{"input":"category","output":"id"}]},"metadata":{"graphics":{"vertices":[{"x":2040,"y":980}]}},"id":"filter-data-flow","type":"ifml.DataFlow"},{"attributes":{"bindings":[{"input":"key","output":"key"}]},"metadata":{"graphics":{}},"id":"keyword-data-flow","type":"ifml.DataFlow"},{"attributes":{"bindings":[{"input":"name-error","output":"name-error"},{"input":"surname-error","output":"surname-error"},{"input":"address-error","output":"address-error"},{"input":"state-error","output":"state-error"},{"input":"city-error","output":"city-error"},{"input":"cap-error","output":"cap-error"},{"input":"name","output":"name"},{"input":"surname","output":"surname"},{"input":"address","output":"address"},{"input":"state","output":"state"},{"input":"city","output":"city"},{"input":"cap","output":"cap"}]},"metadata":{"graphics":{"vertices":[]}},"id":"ko-validate-billing-navigation-flow","type":"ifml.NavigationFlow"},{"attributes":{"bindings":[{"input":"card-holder-error","output":"card-holder-error"},{"input":"card-number-error","output":"card-number-error"},{"input":"expiration-error","output":"expiration-error"},{"input":"secure-code-error","output":"secure-code-error"},{"input":"card-holder","output":"card-holder"},{"input":"card-number","output":"card-number"},{"input":"expiration","output":"expiration"},{"input":"secure-code","output":"secure-code"}]},"metadata":{"graphics":{}},"id":"ko-validate-payment-navigation-flow","type":"ifml.NavigationFlow"},{"attributes":{"bindings":[{"input":"name-error","output":"name-error"},{"input":"surname-error","output":"surname-error"},{"input":"address-error","output":"address-error"},{"input":"state-error","output":"state-error"},{"input":"city-error","output":"city-error"},{"input":"cap-error","output":"cap-error"},{"input":"name","output":"name"},{"input":"surname","output":"surname"},{"input":"address","output":"address"},{"input":"state","output":"state"},{"input":"city","output":"city"},{"input":"cap","output":"cap"}]},"metadata":{"graphics":{}},"id":"ko-validate-shipment-navigation-flow","type":"ifml.NavigationFlow"},{"attributes":{"bindings":[{"input":"username","output":"username"},{"input":"password","output":"password"}]},"metadata":{"graphics":{}},"id":"log-in-navigation-flow","type":"ifml.NavigationFlow"},{"attributes":{"bindings":[{"input":"name","output":"name"},{"input":"surname","output":"surname"},{"input":"address","output":"address"},{"input":"state","output":"state"},{"input":"city","output":"city"},{"input":"cap","output":"cap"}]},"metadata":{"graphics":{}},"id":"next-billing-navigation-flow","type":"ifml.NavigationFlow"},{"attributes":{"bindings":[{"input":"card-holder","output":"card-holder"},{"input":"card-number","output":"card-number"},{"input":"expiration","output":"expiration"},{"input":"secure-code","output":"secure-code"}]},"metadata":{"graphics":{}},"id":"next-payment-navigation-flow","type":"ifml.NavigationFlow"},{"attributes":{"bindings":[{"input":"name","output":"name"},{"input":"surname","output":"surname"},{"input":"address","output":"address"},{"input":"state","output":"state"},{"input":"city","output":"city"},{"input":"cap","output":"cap"}]},"metadata":{"graphics":{}},"id":"next-shipment-navigation-flow","type":"ifml.NavigationFlow"},{"attributes":{"bindings":[]},"metadata":{"graphics":{}},"id":"ok-validate-billing-navigation-flow","type":"ifml.NavigationFlow"},{"attributes":{"bindings":[{"input":"id","output":"id"}]},"metadata":{"graphics":{"vertices":[]}},"id":"ok-validate-payment-navigation-flow","type":"ifml.NavigationFlow"},{"attributes":{"bindings":[]},"metadata":{"graphics":{}},"id":"ok-validate-shipment-navigation-flow","type":"ifml.NavigationFlow"},{"attributes":{"bindings":[{"input":"id","output":"id"}]},"metadata":{"graphics":{"vertices":[{"x":4030,"y":2560},{"x":4030,"y":1180}]}},"id":"order-done-navigation-flow","type":"ifml.NavigationFlow"},{"attributes":{"bindings":[]},"metadata":{"graphics":{"vertices":[{"x":3330,"y":1460},{"x":3210,"y":1460},{"x":3210,"y":1140}]}},"id":"orders-cancel-confirmation-navigation-flow","type":"ifml.NavigationFlow"},{"attributes":{"bindings":[{"input":"id","output":"id"}]},"metadata":{"graphics":{}},"id":"orders-delete-confirmation-navigation-flow","type":"ifml.NavigationFlow"},{"attributes":{"bindings":[{"input":"id","output":"id"}]},"metadata":{"graphics":{}},"id":"orders-delete-navigation-flow","type":"ifml.NavigationFlow"},{"attributes":{"bindings":[{"input":"id","output":"id"}]},"metadata":{"graphics":{"vertices":[{"x":3520,"y":1130},{"x":3520,"y":1070},{"x":3670,"y":1070}]}},"id":"orders-display-navigation-flow","type":"ifml.NavigationFlow"},{"attributes":{"bindings":[]},"metadata":{"graphics":{"vertices":[{"x":3540,"y":1260},{"x":3400,"y":1260}]}},"id":"orders-done-delete-navigation-flow","type":"ifml.NavigationFlow"},{"attributes":{"bindings":[{"input":"order-id","output":"id"}]},"metadata":{"graphics":{}},"id":"orders-order-data-flow","type":"ifml.DataFlow"},{"attributes":{"bindings":[]},"metadata":{"graphics":{"vertices":[{"x":3440,"y":2500},{"x":3440,"y":2330}]}},"id":"payment-cancel-navigation-flow","type":"ifml.NavigationFlow"},{"attributes":{"bindings":[{"input":"name","output":"name"},{"input":"surname","output":"surname"},{"input":"address","output":"address"},{"input":"state","output":"state"},{"input":"city","output":"city"},{"input":"cap","output":"cap"}]},"metadata":{"graphics":{"vertices":[{"x":2840,"y":2660}]}},"id":"previous-billing-navigation-flow","type":"ifml.NavigationFlow"},{"attributes":{"bindings":[{"input":"card-holder","output":"card-holder"},{"input":"card-number","output":"card-number"},{"input":"expiration","output":"expiration"},{"input":"secure-code","output":"secure-code"}]},"metadata":{"graphics":{"vertices":[{"x":3240,"y":2660}]}},"id":"previous-payment-navigation-flow","type":"ifml.NavigationFlow"},{"attributes":{"bindings":[]},"metadata":{"graphics":{"vertices":[{"x":3640,"y":2660}]}},"id":"previous-review-navigation-flow","type":"ifml.NavigationFlow"},{"attributes":{"bindings":[{"input":"id","output":"id"}]},"metadata":{"graphics":{"vertices":[]}},"id":"product-details-navigation-flow","type":"ifml.NavigationFlow"},{"attributes":{"bindings":[{"input":"name","output":"name"},{"input":"surname","output":"surname"},{"input":"username","output":"username"},{"input":"password","output":"password"}]},"metadata":{"graphics":{"vertices":[]}},"id":"registration-navigation-flow","type":"ifml.NavigationFlow"},{"attributes":{"bindings":[]},"metadata":{"graphics":{"vertices":[]}},"id":"search-navigation-flow","type":"ifml.NavigationFlow"},{"attributes":{"bindings":[{"input":"category-name","output":"category-name"}]},"metadata":{"graphics":{"vertices":[]}},"id":"selected-category-navigation-flow","type":"ifml.NavigationFlow"},{"attributes":{"bindings":[{"input":"id","output":"id"}]},"metadata":{"graphics":{"vertices":[{"x":2270,"y":880}]}},"id":"selected-product-navigation-flow","type":"ifml.NavigationFlow"},{"attributes":{"bindings":[{"input":"typology-name","output":"typology-name"}]},"metadata":{"graphics":{"vertices":[]}},"id":"selected-typology-navigation-flow","type":"ifml.NavigationFlow"},{"attributes":{"bindings":[]},"metadata":{"graphics":{"vertices":[{"x":2650,"y":2500},{"x":2650,"y":2350}]}},"id":"shipment-cancel-navigation-flow","type":"ifml.NavigationFlow"},{"attributes":{"bindings":[{"input":"id","output":"id"},{"input":"name","output":"name"},{"input":"surname","output":"surname"},{"input":"username","output":"username"},{"input":"password","output":"password"}]},"metadata":{"graphics":{}},"id":"submit-navigation-flow","type":"ifml.NavigationFlow"},{"attributes":{"bindings":[{"input":"name","output":"name"},{"input":"surname","output":"surname"},{"input":"address","output":"address"},{"input":"state","output":"state"},{"input":"city","output":"city"},{"input":"cap","output":"cap"}]},"metadata":{"graphics":{"vertices":[{"x":2920,"y":2680}]}},"id":"to-billing-navigation-flow","type":"ifml.NavigationFlow"},{"attributes":{"bindings":[]},"metadata":{"graphics":{"vertices":[]}},"id":"to-log-in-navigation-flow","type":"ifml.NavigationFlow"},{"attributes":{"bindings":[{"input":"card-holder","output":"card-holder"},{"input":"card-number","output":"card-number"},{"input":"expiration","output":"expiration"},{"input":"secure-code","output":"secure-code"}]},"metadata":{"graphics":{"vertices":[{"x":3320,"y":2680}]}},"id":"to-payment-navigation-flow","type":"ifml.NavigationFlow"},{"attributes":{"bindings":[{"input":"name","output":"name"},{"input":"surname","output":"surname"},{"input":"address","output":"address"},{"input":"state","output":"state"},{"input":"city","output":"city"},{"input":"cap","output":"cap"}]},"metadata":{"graphics":{"vertices":[{"x":2520,"y":2680}]}},"id":"to-shipment-navigation-flow","type":"ifml.NavigationFlow"},{"attributes":{"bindings":[]},"metadata":{"graphics":{}},"id":"to-sign-up-navigation-flow","type":"ifml.NavigationFlow"}],"relations":[{"type":"hierarchy","parent":"e-commerce-view-container","child":"xor-view-container"},{"type":"hierarchy","parent":"xor-view-container","child":"restricted-search-pattern-view-container"},{"type":"hierarchy","parent":"xor-view-container","child":"profile-view-container"},{"type":"hierarchy","parent":"xor-view-container","child":"shopping-cart-view-container"},{"type":"hierarchy","parent":"xor-view-container","child":"sign-up-and-log-in-pattern-view-container"},{"type":"hierarchy","parent":"xor-view-container","child":"in-place-log-in-view-container"},{"type":"hierarchy","parent":"restricted-search-pattern-view-container","child":"xor-browse-view-container"},{"type":"hierarchy","parent":"profile-view-container","child":"xor-profile-view-container"},{"type":"hierarchy","parent":"shopping-cart-view-container","child":"xor-cart-view-container"},{"type":"hierarchy","parent":"sign-up-and-log-in-pattern-view-container","child":"sign-up-and-log-in-view-container"},{"type":"hierarchy","parent":"in-place-log-in-view-container","child":"xor-in-place-log-in-view-container"},{"type":"hierarchy","parent":"xor-profile-view-container","child":"content-management-pattern-view-container"},{"type":"hierarchy","parent":"xor-profile-view-container","child":"favorite-content-management-pattern-view-container"},{"type":"hierarchy","parent":"xor-profile-view-container","child":"orders-content-management-pattern-view-container"},{"type":"hierarchy","parent":"xor-cart-view-container","child":"cart-content-management-pattern-view-container"},{"type":"hierarchy","parent":"xor-cart-view-container","child":"wizard-pattern-view-container"},{"type":"hierarchy","parent":"log-in-action","child":"done-log-in-event"},{"type":"hierarchy","parent":"log-in-action","child":"failed-log-in-event"},{"type":"hierarchy","parent":"registration-action","child":"done-registration-event"},{"type":"hierarchy","parent":"registration-action","child":"failed-registration-event"},{"type":"hierarchy","parent":"sign-up-and-log-in-view-container","child":"log-in-view-container"},{"type":"hierarchy","parent":"sign-up-and-log-in-view-container","child":"sign-up-view-container"},{"type":"hierarchy","parent":"xor-in-place-log-in-view-container","child":"favorite-in-place-log-in-view-container"},{"type":"hierarchy","parent":"xor-in-place-log-in-view-container","child":"add-to-cart-in-place-log-in-view-container"},{"type":"hierarchy","parent":"content-management-pattern-view-container","child":"xor-account-content-management-view-container"},{"type":"hierarchy","parent":"favorite-content-management-pattern-view-container","child":"favorite-content-management-view-container"},{"type":"hierarchy","parent":"orders-content-management-pattern-view-container","child":"orders-content-management-view-container"},{"type":"hierarchy","parent":"cart-content-management-pattern-view-container","child":"cart-content-management-view-container"},{"type":"hierarchy","parent":"wizard-pattern-view-container","child":"xor-cart-wizard-view-container"},{"type":"hierarchy","parent":"log-in-view-container","child":"log-in-form"},{"type":"hierarchy","parent":"sign-up-view-container","child":"sign-up-form"},{"type":"hierarchy","parent":"favorite-in-place-log-in-view-container","child":"favorite-in-place-login-modal-view-container"},{"type":"hierarchy","parent":"add-to-cart-in-place-log-in-view-container","child":"add-to-cart-in-place-login-modal-view-container"},{"type":"hierarchy","parent":"xor-account-content-management-view-container","child":"account-view-container"},{"type":"hierarchy","parent":"xor-account-content-management-view-container","child":"account-view-container-1"},{"type":"hierarchy","parent":"favorite-content-management-view-container","child":"favorite-modal-confirmation-view-container"},{"type":"hierarchy","parent":"favorite-content-management-view-container","child":"favorite-view-container"},{"type":"hierarchy","parent":"orders-content-management-view-container","child":"orders-modal-confirmation-view-container"},{"type":"hierarchy","parent":"orders-content-management-view-container","child":"orders-view-container"},{"type":"hierarchy","parent":"orders-content-management-view-container","child":"orders-order-view-container"},{"type":"hierarchy","parent":"cart-content-management-view-container","child":"cart-modal-confirmation-view-container"},{"type":"hierarchy","parent":"cart-content-management-view-container","child":"cart-view-container"},{"type":"hierarchy","parent":"save-action","child":"order-done-event"},{"type":"hierarchy","parent":"xor-cart-wizard-view-container","child":"billing-view-container"},{"type":"hierarchy","parent":"xor-cart-wizard-view-container","child":"shipment-view-container"},{"type":"hierarchy","parent":"xor-cart-wizard-view-container","child":"review-view-container"},{"type":"hierarchy","parent":"xor-cart-wizard-view-container","child":"payment-view-container"},{"type":"hierarchy","parent":"log-in-form","child":"sign-up-event"},{"type":"hierarchy","parent":"log-in-form","child":"log-in-event"},{"type":"hierarchy","parent":"sign-up-form","child":"back-to-log-in-event"},{"type":"hierarchy","parent":"sign-up-form","child":"registration-event"},{"type":"hierarchy","parent":"favorite-log-in-and-send-action","child":"favorite-failed-log-in-event"},{"type":"hierarchy","parent":"favorite-log-in-and-send-action","child":"favorite-done-log-in-event"},{"type":"hierarchy","parent":"favorite-send-action","child":"favorite-log-in-event"},{"type":"hierarchy","parent":"favorite-send-action","child":"favorite-done-logged-event"},{"type":"hierarchy","parent":"favorite-send-action","child":"favorite-failed-logged-event"},{"type":"hierarchy","parent":"favorite-in-place-login-modal-view-container","child":"favorite-log-in-form"},{"type":"hierarchy","parent":"add-to-cart-log-in-and-send-action","child":"add-to-cart-failed-log-in-event"},{"type":"hierarchy","parent":"add-to-cart-log-in-and-send-action","child":"add-to-cart-done-log-in-event"},{"type":"hierarchy","parent":"add-to-cart-send-action","child":"add-to-cart-log-in-event"},{"type":"hierarchy","parent":"add-to-cart-send-action","child":"add-to-cart-done-logged-event"},{"type":"hierarchy","parent":"add-to-cart-send-action","child":"add-to-cart-failed-logged-event"},{"type":"hierarchy","parent":"add-to-cart-in-place-login-modal-view-container","child":"add-to-cart-log-in-form"},{"type":"hierarchy","parent":"create-modify-action","child":"done-create-modify-event"},{"type":"hierarchy","parent":"create-modify-action","child":"failed-create-modify-event"},{"type":"hierarchy","parent":"account-view-container","child":"account-form"},{"type":"hierarchy","parent":"account-view-container-1","child":"account-details"},{"type":"hierarchy","parent":"favorite-delete-action","child":"favorite-done-delete-event"},{"type":"hierarchy","parent":"favorite-modal-confirmation-view-container","child":"favorite-cancel-confirmation-event"},{"type":"hierarchy","parent":"favorite-modal-confirmation-view-container","child":"favorite-delete-page-details"},{"type":"hierarchy","parent":"favorite-view-container","child":"favorite-list"},{"type":"hierarchy","parent":"orders-delete-action","child":"orders-done-delete-event"},{"type":"hierarchy","parent":"orders-modal-confirmation-view-container","child":"orders-cancel-confirmation-event"},{"type":"hierarchy","parent":"orders-modal-confirmation-view-container","child":"orders-delete-page-details"},{"type":"hierarchy","parent":"orders-view-container","child":"orders-list"},{"type":"hierarchy","parent":"orders-order-view-container","child":"orders-order-details"},{"type":"hierarchy","parent":"orders-order-view-container","child":"orders-order-products-list"},{"type":"hierarchy","parent":"cart-delete-action","child":"cart-done-delete-event"},{"type":"hierarchy","parent":"cart-modal-confirmation-view-container","child":"cart-cancel-confirmation-event"},{"type":"hierarchy","parent":"cart-modal-confirmation-view-container","child":"cart-delete-page-details"},{"type":"hierarchy","parent":"cart-view-container","child":"cart-list"},{"type":"hierarchy","parent":"cart-view-container","child":"cart-buy-event"},{"type":"hierarchy","parent":"validate-shipment-action","child":"ko-validate-step-1-event"},{"type":"hierarchy","parent":"validate-shipment-action","child":"ok-validate-step-1-event"},{"type":"hierarchy","parent":"previous-shipment-action","child":"to-step-1-event"},{"type":"hierarchy","parent":"validate-billing-action","child":"ko-validate-step-2-event"},{"type":"hierarchy","parent":"validate-billing-action","child":"ok-validate-step-2-event"},{"type":"hierarchy","parent":"previous-billing-action","child":"to-step-2-event"},{"type":"hierarchy","parent":"validate-payment-action","child":"ko-validate-payment-event"},{"type":"hierarchy","parent":"validate-payment-action","child":"ok-validate-payment-event"},{"type":"hierarchy","parent":"previous-payment-action","child":"to-payment-event"},{"type":"hierarchy","parent":"billing-view-container","child":"cancel-step-2-event"},{"type":"hierarchy","parent":"billing-view-container","child":"billing-form"},{"type":"hierarchy","parent":"shipment-view-container","child":"shipment-form"},{"type":"hierarchy","parent":"shipment-view-container","child":"cancel-step-1-event"},{"type":"hierarchy","parent":"review-view-container","child":"cancel-review-event"},{"type":"hierarchy","parent":"review-view-container","child":"review-details"},{"type":"hierarchy","parent":"payment-view-container","child":"payment-form"},{"type":"hierarchy","parent":"payment-view-container","child":"cancel-payment-event"},{"type":"hierarchy","parent":"favorite-log-in-form","child":"favorite-log-in-and-create-event"},{"type":"hierarchy","parent":"favorite-log-in-form","child":"favorite-back-event"},{"type":"hierarchy","parent":"add-to-cart-log-in-form","child":"add-to-cart-log-in-and-create-event"},{"type":"hierarchy","parent":"add-to-cart-log-in-form","child":"add-to-cart-back-event"},{"type":"hierarchy","parent":"account-form","child":"submit-event"},{"type":"hierarchy","parent":"account-details","child":"modify-page-event"},{"type":"hierarchy","parent":"favorite-delete-page-details","child":"favorite-delete-confirmation-event"},{"type":"hierarchy","parent":"favorite-list","child":"favorite-delete-event"},{"type":"hierarchy","parent":"favorite-list","child":"favorite-display-event"},{"type":"hierarchy","parent":"orders-delete-page-details","child":"orders-delete-confirmation-event"},{"type":"hierarchy","parent":"orders-list","child":"orders-delete-event"},{"type":"hierarchy","parent":"orders-list","child":"display-event"},{"type":"hierarchy","parent":"cart-delete-page-details","child":"cart-delete-confirmation-event"},{"type":"hierarchy","parent":"cart-list","child":"cart-delete-event"},{"type":"hierarchy","parent":"cart-list","child":"cart-display-event"},{"type":"hierarchy","parent":"billing-form","child":"previous-step-2-event"},{"type":"hierarchy","parent":"billing-form","child":"next-step-2-event"},{"type":"hierarchy","parent":"shipment-form","child":"next-step-1-event"},{"type":"hierarchy","parent":"review-details","child":"previous-review-event"},{"type":"hierarchy","parent":"review-details","child":"end-wizard-event"},{"type":"hierarchy","parent":"payment-form","child":"next-payment-event"},{"type":"hierarchy","parent":"payment-form","child":"previous-payment-event"},{"type":"hierarchy","parent":"xor-browse-view-container","child":"multilevel-master-detail-pattern-view-container"},{"type":"hierarchy","parent":"multilevel-master-detail-pattern-view-container","child":"xor-catalog-multilevel-master-detail-view-container"},{"type":"hierarchy","parent":"xor-catalog-multilevel-master-detail-view-container","child":"typology-view-container"},{"type":"hierarchy","parent":"xor-catalog-multilevel-master-detail-view-container","child":"category-view-container"},{"type":"hierarchy","parent":"xor-catalog-multilevel-master-detail-view-container","child":"products-view-container"},{"type":"hierarchy","parent":"xor-catalog-multilevel-master-detail-view-container","child":"result-view-container"},{"type":"hierarchy","parent":"typology-view-container","child":"typology-list"},{"type":"hierarchy","parent":"category-view-container","child":"categories-list"},{"type":"hierarchy","parent":"products-view-container","child":"products-list"},{"type":"hierarchy","parent":"result-view-container","child":"catalog-product-details"},{"type":"hierarchy","parent":"result-view-container","child":"add-to-cart-form"},{"type":"hierarchy","parent":"result-view-container","child":"favorite-form"},{"type":"hierarchy","parent":"typology-list","child":"selected-step-2-event"},{"type":"hierarchy","parent":"categories-list","child":"selected-step-1-event"},{"type":"hierarchy","parent":"products-list","child":"selected-products-event"},{"type":"hierarchy","parent":"add-to-cart-form","child":"add-to-cart-send-event"},{"type":"hierarchy","parent":"favorite-form","child":"favorite-send-event"},{"type":"hierarchy","parent":"xor-browse-view-container","child":"key-search-view-container"},{"type":"hierarchy","parent":"key-search-view-container","child":"results-list"},{"type":"hierarchy","parent":"key-search-view-container","child":"keyword-form"},{"type":"hierarchy","parent":"key-search-view-container","child":"categories-list-1"},{"type":"hierarchy","parent":"key-search-view-container","child":"search-event"},{"type":"hierarchy","parent":"results-list","child":"selected-product-event"},{"type":"hierarchy","parent":"favorite-back-to-details-action","child":"favorite-back-to-details-done"},{"type":"hierarchy","parent":"favorite-back-to-details-action-1","child":"favorite-back-to-details-done-1"},{"type":"source","flow":"5fb69e4e-7f1e-477f-a1be-1b9a838d6abf","source":"favorite-display-event"},{"type":"source","flow":"add-to-cart-back-navigation-flow","source":"add-to-cart-back-event"},{"type":"source","flow":"add-to-cart-data-flow","source":"catalog-product-details"},{"type":"source","flow":"add-to-cart-done-log-in-and-send-navigation-flow","source":"add-to-cart-done-log-in-event"},{"type":"source","flow":"add-to-cart-done-log-in-navigation-flow","source":"add-to-cart-done-logged-event"},{"type":"source","flow":"add-to-cart-failed-log-in-navigation-flow","source":"add-to-cart-failed-log-in-event"},{"type":"source","flow":"add-to-cart-failed-send-navigation-flow","source":"add-to-cart-failed-logged-event"},{"type":"source","flow":"add-to-cart-in-place-log-in-navigation-flow","source":"add-to-cart-log-in-event"},{"type":"source","flow":"add-to-cart-log-in-navigation-flow","source":"add-to-cart-log-in-and-create-event"},{"type":"source","flow":"add-to-cart-send-navigation-flow","source":"add-to-cart-send-event"},{"type":"source","flow":"billing-cancel-navigation-flow","source":"cancel-step-2-event"},{"type":"source","flow":"cart-cancel-delete-event","source":"cart-cancel-confirmation-event"},{"type":"source","flow":"cart-delete-confirmation-navigation-flow","source":"cart-delete-confirmation-event"},{"type":"source","flow":"cart-delete-navigation-flow","source":"cart-delete-event"},{"type":"source","flow":"cart-display-navigation-flow","source":"cart-display-event"},{"type":"source","flow":"cart-done-delete-navigation-flow","source":"cart-done-delete-event"},{"type":"source","flow":"confirm-cancel-navigation-flow","source":"cancel-review-event"},{"type":"source","flow":"details-to-modify-navigation-flow","source":"modify-page-event"},{"type":"source","flow":"done-create-modify-navigation-flow","source":"done-create-modify-event"},{"type":"source","flow":"done-log-in-navigation-flow","source":"done-log-in-event"},{"type":"source","flow":"done-registration-navigation-flow","source":"done-registration-event"},{"type":"source","flow":"end-navigation-flow","source":"end-wizard-event"},{"type":"source","flow":"failed-log-in-navigation-flow","source":"failed-log-in-event"},{"type":"source","flow":"failed-registration-navigation-flow","source":"failed-registration-event"},{"type":"source","flow":"failed-submit-navigation-flow","source":"failed-create-modify-event"},{"type":"source","flow":"favorite-back-navigation-flow","source":"favorite-back-event"},{"type":"source","flow":"favorite-back-to-details-navigation-flow","source":"favorite-back-to-details-done"},{"type":"source","flow":"favorite-back-to-details-navigation-flow-1","source":"favorite-back-to-details-done-1"},{"type":"source","flow":"favorite-cancel-delete-event","source":"favorite-cancel-confirmation-event"},{"type":"source","flow":"favorite-delete-confirmation-navigation-flow","source":"favorite-delete-confirmation-event"},{"type":"source","flow":"favorite-delete-navigation-flow","source":"favorite-delete-event"},{"type":"source","flow":"favorite-done-delete-navigation-flow","source":"favorite-done-delete-event"},{"type":"source","flow":"favorite-done-log-in-and-send-navigation-flow","source":"favorite-done-log-in-event"},{"type":"source","flow":"favorite-done-log-in-navigation-flow","source":"favorite-done-logged-event"},{"type":"source","flow":"favorite-failed-log-in-navigation-flow","source":"favorite-failed-log-in-event"},{"type":"source","flow":"favorite-failed-send-navigation-flow","source":"favorite-failed-logged-event"},{"type":"source","flow":"favorite-form-data-flow","source":"catalog-product-details"},{"type":"source","flow":"favorite-in-place-log-in-navigation-flow","source":"favorite-log-in-event"},{"type":"source","flow":"favorite-log-in-navigation-flow","source":"favorite-log-in-and-create-event"},{"type":"source","flow":"favorite-send-navigation-flow","source":"favorite-send-event"},{"type":"source","flow":"filter-data-flow","source":"categories-list-1"},{"type":"source","flow":"keyword-data-flow","source":"keyword-form"},{"type":"source","flow":"ko-validate-billing-navigation-flow","source":"ko-validate-step-2-event"},{"type":"source","flow":"ko-validate-payment-navigation-flow","source":"ko-validate-payment-event"},{"type":"source","flow":"ko-validate-shipment-navigation-flow","source":"ko-validate-step-1-event"},{"type":"source","flow":"log-in-navigation-flow","source":"log-in-event"},{"type":"source","flow":"next-billing-navigation-flow","source":"next-step-2-event"},{"type":"source","flow":"next-payment-navigation-flow","source":"next-payment-event"},{"type":"source","flow":"next-shipment-navigation-flow","source":"next-step-1-event"},{"type":"source","flow":"ok-validate-billing-navigation-flow","source":"ok-validate-step-2-event"},{"type":"source","flow":"ok-validate-payment-navigation-flow","source":"ok-validate-payment-event"},{"type":"source","flow":"ok-validate-shipment-navigation-flow","source":"ok-validate-step-1-event"},{"type":"source","flow":"order-done-navigation-flow","source":"order-done-event"},{"type":"source","flow":"orders-cancel-confirmation-navigation-flow","source":"orders-cancel-confirmation-event"},{"type":"source","flow":"orders-delete-confirmation-navigation-flow","source":"orders-delete-confirmation-event"},{"type":"source","flow":"orders-delete-navigation-flow","source":"orders-delete-event"},{"type":"source","flow":"orders-display-navigation-flow","source":"display-event"},{"type":"source","flow":"orders-done-delete-navigation-flow","source":"orders-done-delete-event"},{"type":"source","flow":"orders-order-data-flow","source":"orders-order-details"},{"type":"source","flow":"payment-cancel-navigation-flow","source":"cancel-payment-event"},{"type":"source","flow":"previous-billing-navigation-flow","source":"previous-step-2-event"},{"type":"source","flow":"previous-payment-navigation-flow","source":"previous-payment-event"},{"type":"source","flow":"previous-review-navigation-flow","source":"previous-review-event"},{"type":"source","flow":"product-details-navigation-flow","source":"selected-products-event"},{"type":"source","flow":"registration-navigation-flow","source":"registration-event"},{"type":"source","flow":"search-navigation-flow","source":"search-event"},{"type":"source","flow":"selected-category-navigation-flow","source":"selected-step-1-event"},{"type":"source","flow":"selected-product-navigation-flow","source":"selected-product-event"},{"type":"source","flow":"selected-typology-navigation-flow","source":"selected-step-2-event"},{"type":"source","flow":"shipment-cancel-navigation-flow","source":"cancel-step-1-event"},{"type":"source","flow":"submit-navigation-flow","source":"submit-event"},{"type":"source","flow":"to-billing-navigation-flow","source":"to-step-2-event"},{"type":"source","flow":"to-log-in-navigation-flow","source":"back-to-log-in-event"},{"type":"source","flow":"to-payment-navigation-flow","source":"to-payment-event"},{"type":"source","flow":"to-shipment-navigation-flow","source":"to-step-1-event"},{"type":"source","flow":"to-sign-up-navigation-flow","source":"sign-up-event"},{"type":"target","flow":"5fb69e4e-7f1e-477f-a1be-1b9a838d6abf","target":"catalog-product-details"},{"type":"target","flow":"add-to-cart-back-navigation-flow","target":"favorite-back-to-details-action-1"},{"type":"target","flow":"add-to-cart-data-flow","target":"add-to-cart-form"},{"type":"target","flow":"add-to-cart-done-log-in-and-send-navigation-flow","target":"catalog-product-details"},{"type":"target","flow":"add-to-cart-done-log-in-navigation-flow","target":"catalog-product-details"},{"type":"target","flow":"add-to-cart-failed-log-in-navigation-flow","target":"add-to-cart-log-in-form"},{"type":"target","flow":"add-to-cart-failed-send-navigation-flow","target":"add-to-cart-form"},{"type":"target","flow":"add-to-cart-in-place-log-in-navigation-flow","target":"add-to-cart-log-in-form"},{"type":"target","flow":"add-to-cart-log-in-navigation-flow","target":"add-to-cart-log-in-and-send-action"},{"type":"target","flow":"add-to-cart-send-navigation-flow","target":"add-to-cart-send-action"},{"type":"target","flow":"billing-cancel-navigation-flow","target":"cart-content-management-pattern-view-container"},{"type":"target","flow":"cart-cancel-delete-event","target":"cart-view-container"},{"type":"target","flow":"cart-delete-confirmation-navigation-flow","target":"cart-delete-action"},{"type":"target","flow":"cart-delete-navigation-flow","target":"cart-delete-page-details"},{"type":"target","flow":"cart-display-navigation-flow","target":"catalog-product-details"},{"type":"target","flow":"cart-done-delete-navigation-flow","target":"cart-view-container"},{"type":"target","flow":"confirm-cancel-navigation-flow","target":"cart-content-management-pattern-view-container"},{"type":"target","flow":"details-to-modify-navigation-flow","target":"account-form"},{"type":"target","flow":"done-create-modify-navigation-flow","target":"account-details"},{"type":"target","flow":"done-log-in-navigation-flow","target":"xor-profile-view-container"},{"type":"target","flow":"done-registration-navigation-flow","target":"log-in-view-container"},{"type":"target","flow":"end-navigation-flow","target":"save-action"},{"type":"target","flow":"failed-log-in-navigation-flow","target":"log-in-form"},{"type":"target","flow":"failed-registration-navigation-flow","target":"sign-up-form"},{"type":"target","flow":"failed-submit-navigation-flow","target":"account-form"},{"type":"target","flow":"favorite-back-navigation-flow","target":"favorite-back-to-details-action"},{"type":"target","flow":"favorite-back-to-details-navigation-flow","target":"catalog-product-details"},{"type":"target","flow":"favorite-back-to-details-navigation-flow-1","target":"catalog-product-details"},{"type":"target","flow":"favorite-cancel-delete-event","target":"favorite-view-container"},{"type":"target","flow":"favorite-delete-confirmation-navigation-flow","target":"favorite-delete-action"},{"type":"target","flow":"favorite-delete-navigation-flow","target":"favorite-delete-page-details"},{"type":"target","flow":"favorite-done-delete-navigation-flow","target":"favorite-view-container"},{"type":"target","flow":"favorite-done-log-in-and-send-navigation-flow","target":"catalog-product-details"},{"type":"target","flow":"favorite-done-log-in-navigation-flow","target":"catalog-product-details"},{"type":"target","flow":"favorite-failed-log-in-navigation-flow","target":"favorite-log-in-form"},{"type":"target","flow":"favorite-failed-send-navigation-flow","target":"favorite-form"},{"type":"target","flow":"favorite-form-data-flow","target":"favorite-form"},{"type":"target","flow":"favorite-in-place-log-in-navigation-flow","target":"favorite-log-in-form"},{"type":"target","flow":"favorite-log-in-navigation-flow","target":"favorite-log-in-and-send-action"},{"type":"target","flow":"favorite-send-navigation-flow","target":"favorite-send-action"},{"type":"target","flow":"filter-data-flow","target":"results-list"},{"type":"target","flow":"keyword-data-flow","target":"results-list"},{"type":"target","flow":"ko-validate-billing-navigation-flow","target":"billing-form"},{"type":"target","flow":"ko-validate-payment-navigation-flow","target":"payment-form"},{"type":"target","flow":"ko-validate-shipment-navigation-flow","target":"shipment-form"},{"type":"target","flow":"log-in-navigation-flow","target":"log-in-action"},{"type":"target","flow":"next-billing-navigation-flow","target":"validate-billing-action"},{"type":"target","flow":"next-payment-navigation-flow","target":"validate-payment-action"},{"type":"target","flow":"next-shipment-navigation-flow","target":"validate-shipment-action"},{"type":"target","flow":"ok-validate-billing-navigation-flow","target":"payment-form"},{"type":"target","flow":"ok-validate-payment-navigation-flow","target":"review-details"},{"type":"target","flow":"ok-validate-shipment-navigation-flow","target":"billing-form"},{"type":"target","flow":"order-done-navigation-flow","target":"orders-order-details"},{"type":"target","flow":"orders-cancel-confirmation-navigation-flow","target":"orders-view-container"},{"type":"target","flow":"orders-delete-confirmation-navigation-flow","target":"orders-delete-action"},{"type":"target","flow":"orders-delete-navigation-flow","target":"orders-delete-page-details"},{"type":"target","flow":"orders-display-navigation-flow","target":"orders-order-details"},{"type":"target","flow":"orders-done-delete-navigation-flow","target":"orders-view-container"},{"type":"target","flow":"orders-order-data-flow","target":"orders-order-products-list"},{"type":"target","flow":"payment-cancel-navigation-flow","target":"cart-content-management-pattern-view-container"},{"type":"target","flow":"previous-billing-navigation-flow","target":"previous-shipment-action"},{"type":"target","flow":"previous-payment-navigation-flow","target":"previous-billing-action"},{"type":"target","flow":"previous-review-navigation-flow","target":"previous-payment-action"},{"type":"target","flow":"product-details-navigation-flow","target":"catalog-product-details"},{"type":"target","flow":"registration-navigation-flow","target":"registration-action"},{"type":"target","flow":"search-navigation-flow","target":"results-list"},{"type":"target","flow":"selected-category-navigation-flow","target":"typology-list"},{"type":"target","flow":"selected-product-navigation-flow","target":"catalog-product-details"},{"type":"target","flow":"selected-typology-navigation-flow","target":"products-list"},{"type":"target","flow":"shipment-cancel-navigation-flow","target":"cart-content-management-pattern-view-container"},{"type":"target","flow":"submit-navigation-flow","target":"create-modify-action"},{"type":"target","flow":"to-billing-navigation-flow","target":"billing-form"},{"type":"target","flow":"to-log-in-navigation-flow","target":"log-in-view-container"},{"type":"target","flow":"to-payment-navigation-flow","target":"payment-form"},{"type":"target","flow":"to-shipment-navigation-flow","target":"shipment-form"},{"type":"target","flow":"to-sign-up-navigation-flow","target":"sign-up-view-container"}],"statistics":{"session":{"started_at":"2019-01-10T14:57:02.999Z","ended_at":"2019-01-10T15:18:28.113Z"}}}