{"elements":[{"attributes":{"name":"Blog","default":true,"landmark":false,"xor":false},"metadata":{"graphics":{"position":{"x":-3920,"y":-4020},"size":{"height":1470,"width":1710}}},"id":"blog-view-container","type":"ifml.ViewContainer"},{"attributes":{"name":"Xor","default":false,"landmark":false,"xor":true},"metadata":{"graphics":{"position":{"x":-3900,"y":-3970},"size":{"height":1400,"width":1660}}},"id":"xor-view-container","type":"ifml.ViewContainer"},{"attributes":{"name":"Restricted Search","default":true,"landmark":true,"xor":false},"metadata":{"graphics":{"position":{"x":-3880,"y":-3930},"size":{"height":650,"width":1070}}},"id":"restricted-search-pattern-view-container","type":"ifml.ViewContainer"},{"attributes":{"name":"Xor","default":false,"landmark":false,"xor":true},"metadata":{"graphics":{"position":{"x":-3860,"y":-3890},"size":{"height":590,"width":1030}}},"id":"restricted-search-view-container","type":"ifml.ViewContainer"},{"attributes":{"name":"Multilevel Master Detail Pattern","default":true,"landmark":false,"xor":false},"metadata":{"graphics":{"position":{"x":-3840,"y":-3850},"size":{"height":250,"width":990}}},"id":"worker-multilevel-master-detail-pattern-view-container","type":"ifml.ViewContainer"},{"attributes":{"name":"Search","landmark":true,"xor":false},"metadata":{"graphics":{"position":{"x":-3610,"y":-3580},"size":{"height":250,"width":410}}},"id":"search-view-container","type":"ifml.ViewContainer"},{"attributes":{"name":"Multilevel Master Detail","default":false,"landmark":false,"xor":true},"metadata":{"graphics":{"position":{"x":-3820,"y":-3810},"size":{"height":190,"width":950}}},"id":"worker-multilevel-master-detail-view-container","type":"ifml.ViewContainer"},{"attributes":{"name":"Results","stereotype":"list","fields":[{"label":"name"}],"collection":"results","filters":[{"label":"category"},{"label":"key"}]},"metadata":{"graphics":{"position":{"x":-3370,"y":-3550},"size":{"height":90,"width":150}}},"id":"results-list","type":"ifml.ViewComponent"},{"attributes":{"name":"Keyword","stereotype":"form","fields":[{"label":"key","value":"key","type":"text"}]},"metadata":{"graphics":{"position":{"x":-3590,"y":-3550},"size":{"height":90,"width":150}}},"id":"keyword-form","type":"ifml.ViewComponent"},{"attributes":{"name":"Categories","stereotype":"list","fields":[{"label":"category"}],"collection":"categories","filters":[]},"metadata":{"graphics":{"position":{"x":-3590,"y":-3430},"size":{"height":90,"width":150}}},"id":"categories-list","type":"ifml.ViewComponent"},{"attributes":{"name":"Search"},"metadata":{"graphics":{"position":{"x":-3290,"y":-3340},"name":{"horizontal":"middle","vertical":"top"}}},"id":"search-event","type":"ifml.Event"},{"attributes":{"name":"Results","default":false,"landmark":false,"xor":false},"metadata":{"graphics":{"position":{"x":-3330,"y":-3770},"size":{"height":130,"width":210}}},"id":"worker-results-view-container","type":"ifml.ViewContainer"},{"attributes":{"name":"Subcategories","default":false,"landmark":false,"xor":false},"metadata":{"graphics":{"position":{"x":-3560,"y":-3770},"size":{"height":130,"width":210}}},"id":"worker-subcategories-view-container","type":"ifml.ViewContainer"},{"attributes":{"name":"Categories","default":true,"landmark":true,"xor":false},"metadata":{"graphics":{"position":{"x":-3800,"y":-3770},"size":{"height":130,"width":220}}},"id":"worker-categories-view-container","type":"ifml.ViewContainer"},{"attributes":{"name":"Result","default":false,"landmark":false,"xor":false},"metadata":{"graphics":{"position":{"x":-3080,"y":-3770},"size":{"height":130,"width":190}}},"id":"result-view-container","type":"ifml.ViewContainer"},{"attributes":{"name":"Selected","stereotype":"selection"},"metadata":{"graphics":{"position":{"x":-3230,"y":-3480},"name":{"horizontal":"right","vertical":"bottom"}}},"id":"selected-product-event","type":"ifml.Event"},{"attributes":{"name":"Results","stereotype":"list","fields":[{"label":"name"},{"label":"state"}],"collection":"articles","filters":[{"label":"name"}]},"metadata":{"graphics":{"position":{"x":-3310,"y":-3730},"size":{"height":70,"width":170}}},"id":"worker-results-list","type":"ifml.ViewComponent"},{"attributes":{"name":"Subcategories","stereotype":"list","fields":[{"label":"name"}],"collection":"subcategories","filters":[{"label":"name"}]},"metadata":{"graphics":{"position":{"x":-3540,"y":-3730},"size":{"height":70,"width":170}}},"id":"worker-subcategories-list","type":"ifml.ViewComponent"},{"attributes":{"name":"Categories","stereotype":"list","fields":[{"label":"name"}],"collection":"categories","filters":[]},"metadata":{"graphics":{"position":{"x":-3780,"y":-3730},"size":{"height":70,"width":180}}},"id":"worker-categories-list","type":"ifml.ViewComponent"},{"attributes":{"name":"Result","stereotype":"details","fields":[{"label":"title"},{"label":"content"},{"label":"author"}],"collection":"results"},"metadata":{"graphics":{"position":{"x":-3060,"y":-3730},"size":{"height":70,"width":150}}},"id":"result-details","type":"ifml.ViewComponent"},{"attributes":{"name":"selected","stereotype":"selection"},"metadata":{"graphics":{"position":{"x":-3150,"y":-3680},"name":{"horizontal":"right","vertical":"bottom"}}},"id":"abc42140-c096-4223-9990-31b263786886","type":"ifml.Event"},{"attributes":{"name":"Selected","stereotype":"selection"},"metadata":{"graphics":{"position":{"x":-3380,"y":-3680},"name":{"horizontal":"right","vertical":"bottom"}}},"id":"worker-selected-step-2-event","type":"ifml.Event"},{"attributes":{"name":"Selected","stereotype":"selection"},"metadata":{"graphics":{"position":{"x":-3610,"y":-3680},"name":{"horizontal":"right","vertical":"bottom"}}},"id":"worker-selected-step-1-event","type":"ifml.Event"},{"attributes":{"name":"Profile","default":false,"landmark":true,"xor":false},"metadata":{"graphics":{"position":{"x":-3880,"y":-3260},"size":{"height":670,"width":1610}}},"id":"profile-view-container","type":"ifml.ViewContainer"},{"attributes":{"name":"Xor","default":false,"landmark":false,"xor":true},"metadata":{"graphics":{"position":{"x":-3840,"y":-3220},"size":{"height":610,"width":1530}}},"id":"xor-profile-view-container","type":"ifml.ViewContainer"},{"attributes":{"name":"Content Management Pattern","default":true,"landmark":true,"xor":false},"metadata":{"graphics":{"position":{"x":-3810,"y":-3170},"size":{"height":540,"width":540}}},"id":"content-management-pattern-view-container","type":"ifml.ViewContainer"},{"attributes":{"name":"Content Management Pattern","default":false,"landmark":true,"xor":false},"metadata":{"graphics":{"position":{"x":-3240,"y":-3170},"size":{"height":540,"width":900}}},"id":"personal-page-content-management-pattern-view-container","type":"ifml.ViewContainer"},{"attributes":{"name":"Xor Account Content Management","default":false,"landmark":false,"xor":true},"metadata":{"graphics":{"position":{"x":-3790,"y":-3130},"size":{"height":480,"width":500}}},"id":"xor-account-content-management-view-container","type":"ifml.ViewContainer"},{"attributes":{"name":"Personal Pages Content Management","default":false,"landmark":false,"xor":true},"metadata":{"graphics":{"position":{"x":-3220,"y":-3130},"size":{"height":480,"width":860}}},"id":"personal-pages-content-management-view-container","type":"ifml.ViewContainer"},{"attributes":{"name":"Create or Modify","parameters":[{"label":"id"},{"label":"name"},{"label":"surname"},{"label":"username"},{"label":"password"}],"results":[{"label":"id"},{"label":"name"},{"label":"name-error"},{"label":"surname"},{"label":"surname-error"},{"label":"username"},{"label":"username-error"},{"label":"password"},{"label":"password-error"}]},"metadata":{"graphics":{"position":{"x":-3660,"y":-2840},"size":{"height":60,"width":120},"parent":"xor-account-content-management-view-container"}},"id":"create-modify-action","type":"ifml.Action"},{"attributes":{"name":"Account","default":false,"landmark":true,"xor":false},"metadata":{"graphics":{"position":{"x":-3770,"y":-3070},"size":{"height":150,"width":200}}},"id":"account-view-container","type":"ifml.ViewContainer"},{"attributes":{"name":"Account","default":true,"landmark":true,"xor":false},"metadata":{"graphics":{"position":{"x":-3550,"y":-3070},"size":{"height":150,"width":240}}},"id":"account-view-container-1","type":"ifml.ViewContainer"},{"attributes":{"name":"Create or Modify","parameters":[{"label":"id"},{"label":"title"},{"label":"content"},{"label":"tag"}],"results":[{"label":"id"},{"label":"title"},{"label":"title-error"},{"label":"content"},{"label":"content-error"},{"label":"tag"},{"label":"tag-error"}]},"metadata":{"graphics":{"position":{"x":-2730,"y":-2840},"size":{"height":60,"width":120},"parent":"personal-pages-content-management-view-container"}},"id":"personal-pages-create-modify-action","type":"ifml.Action"},{"attributes":{"name":"Delete","parameters":[{"label":"id"}],"results":[]},"metadata":{"graphics":{"position":{"x":-2910,"y":-2780},"size":{"height":50,"width":75},"parent":"personal-pages-content-management-view-container"}},"id":"personal-pages-delete-action","type":"ifml.Action"},{"attributes":{"name":"Load Content","parameters":[{"label":"id"}],"results":[{"label":"id"},{"label":"title"},{"label":"content"},{"label":"tag"}]},"metadata":{"graphics":{"position":{"x":-2730,"y":-2740},"size":{"height":60,"width":120},"parent":"personal-pages-content-management-view-container"}},"id":"personal-pages-load-content-action","type":"ifml.Action"},{"attributes":{"name":"Personal Page","default":false,"landmark":true,"xor":false},"metadata":{"graphics":{"position":{"x":-2840,"y":-3070},"size":{"height":150,"width":200}}},"id":"personal-pages-personal-page-view-container","type":"ifml.ViewContainer"},{"attributes":{"name":"Personal Page","default":false,"landmark":false,"xor":false},"metadata":{"graphics":{"position":{"x":-2620,"y":-3070},"size":{"height":150,"width":240}}},"id":"personal-page-view-container-1","type":"ifml.ViewContainer"},{"attributes":{"name":"Modal Confirmation","default":false,"landmark":false,"xor":false},"metadata":{"graphics":{"position":{"x":-3150,"y":-2890},"size":{"height":160,"width":210}}},"id":"personal-pages-modal-confirmation-view-container","type":"ifml.ViewContainer"},{"attributes":{"name":"Personal Pages","default":true,"landmark":true,"xor":false},"metadata":{"graphics":{"position":{"x":-3140,"y":-3080},"size":{"height":150,"width":220}}},"id":"personal-pages-view-container","type":"ifml.ViewContainer"},{"attributes":{"name":"Done"},"metadata":{"graphics":{"position":{"x":-3550,"y":-2840},"name":{"horizontal":"middle","vertical":"top"}}},"id":"done-create-modify-event","type":"ifml.Event"},{"attributes":{"name":"Failed"},"metadata":{"graphics":{"position":{"x":-3650,"y":-2850},"name":{"horizontal":"left-outer","vertical":"top"}}},"id":"failed-create-modify-event","type":"ifml.Event"},{"attributes":{"name":"Account","stereotype":"form","fields":[{"label":"id","value":"id","type":"text"},{"label":"name","value":"name","type":"text"},{"label":"surname","value":"surname","type":"text"},{"label":"username","value":"username","type":"text"},{"label":"password","value":"password","type":"password"}]},"metadata":{"graphics":{"position":{"x":-3750,"y":-3010},"size":{"height":70,"width":150}}},"id":"account-form","type":"ifml.ViewComponent"},{"attributes":{"name":"Account","stereotype":"details","fields":[{"label":"name"},{"label":"surname"},{"label":"username"},{"label":"password"}],"collection":"account"},"metadata":{"graphics":{"position":{"x":-3490,"y":-3000},"size":{"height":60,"width":170}}},"id":"account-details","type":"ifml.ViewComponent"},{"attributes":{"name":"Done"},"metadata":{"graphics":{"position":{"x":-2620,"y":-2840},"name":{"horizontal":"middle","vertical":"top"}}},"id":"personal-pages-done-create-modify-event","type":"ifml.Event"},{"attributes":{"name":"Failed"},"metadata":{"graphics":{"position":{"x":-2720,"y":-2850},"name":{"horizontal":"left-outer","vertical":"top"}}},"id":"personal-pages-failed-create-modify-event","type":"ifml.Event"},{"attributes":{"name":"Done"},"metadata":{"graphics":{"position":{"x":-2880,"y":-2790},"name":{"horizontal":"left-outer","vertical":"top"}}},"id":"personal-pages-done-delete-event","type":"ifml.Event"},{"attributes":{"name":"Done"},"metadata":{"graphics":{"position":{"x":-2740,"y":-2740},"name":{"horizontal":"middle","vertical":"top"}}},"id":"personal-pages-done-load-content-event","type":"ifml.Event"},{"attributes":{"name":"Failed"},"metadata":{"graphics":{"position":{"x":-2740,"y":-2700},"name":{"horizontal":"middle","vertical":"bottom"}}},"id":"personal-pages-failed-load-content-event","type":"ifml.Event"},{"attributes":{"name":"Personal Page","stereotype":"form","fields":[{"label":"id","value":"id","type":"text"},{"label":"title","value":"title","type":"text"},{"label":"tag","value":"tag","type":"text"},{"label":"content","value":"content","type":"textarea"}]},"metadata":{"graphics":{"position":{"x":-2820,"y":-3010},"size":{"height":70,"width":150}}},"id":"personal-pages-personal-page-form","type":"ifml.ViewComponent"},{"attributes":{"name":"Personal Page","stereotype":"details","fields":[{"label":"title"},{"label":"content"},{"label":"date"}],"collection":"personal-pages"},"metadata":{"graphics":{"position":{"x":-2560,"y":-3000},"size":{"height":60,"width":170}}},"id":"personal-pages-personal-page-details","type":"ifml.ViewComponent"},{"attributes":{"name":"Cancel"},"metadata":{"graphics":{"position":{"x":-3090,"y":-2740},"name":{"horizontal":"middle","vertical":"top"}}},"id":"personal-pages-cancel-confirmation-event","type":"ifml.Event"},{"attributes":{"name":"Delete Page","stereotype":"details","fields":[{"label":"title"},{"label":"content"},{"label":"date"}],"collection":"personal-pages"},"metadata":{"graphics":{"position":{"x":-3130,"y":-2820},"size":{"height":60,"width":150}}},"id":"personal-pages-delete-page-details","type":"ifml.ViewComponent"},{"attributes":{"name":"Personal-pages","stereotype":"list","fields":[{"label":"title"},{"label":"preview"},{"label":"tag"}],"collection":"personal-pages","filters":[]},"metadata":{"graphics":{"position":{"x":-3120,"y":-3050},"size":{"height":60,"width":180}}},"id":"personal-pages-list","type":"ifml.ViewComponent"},{"attributes":{"name":"Submit"},"metadata":{"graphics":{"position":{"x":-3630,"y":-2950},"name":{"horizontal":"middle","vertical":"top"}}},"id":"submit-event","type":"ifml.Event"},{"attributes":{"name":"Modify"},"metadata":{"graphics":{"position":{"x":-3500,"y":-2990},"name":{"horizontal":"left-outer","vertical":"top"}}},"id":"modify-page-event","type":"ifml.Event"},{"attributes":{"name":"Submit"},"metadata":{"graphics":{"position":{"x":-2700,"y":-2950},"name":{"horizontal":"middle","vertical":"top"}}},"id":"personal-pages-submit-event","type":"ifml.Event"},{"attributes":{"name":"Modify"},"metadata":{"graphics":{"position":{"x":-2570,"y":-2990},"name":{"horizontal":"left-outer","vertical":"top"}}},"id":"personal-pages-modify-page-event","type":"ifml.Event"},{"attributes":{"name":"Delete"},"metadata":{"graphics":{"position":{"x":-2990,"y":-2780},"name":{"horizontal":"middle","vertical":"top"}}},"id":"personal-pages-delete-confirmation-event","type":"ifml.Event"},{"attributes":{"name":"Modify"},"metadata":{"graphics":{"position":{"x":-2960,"y":-3000},"name":{"horizontal":"middle","vertical":"bottom"}}},"id":"personal-pages-modify-event","type":"ifml.Event"},{"attributes":{"name":"Delete"},"metadata":{"graphics":{"position":{"x":-3060,"y":-3000},"name":{"horizontal":"left-outer","vertical":"bottom"}}},"id":"personal-pages-delete-event","type":"ifml.Event"},{"attributes":{"name":"Display"},"metadata":{"graphics":{"position":{"x":-2950,"y":-3040},"name":{"horizontal":"middle","vertical":"top"}}},"id":"personal-pages-display-event","type":"ifml.Event"},{"attributes":{"name":"Sign up and Log In Pattern","default":false,"landmark":true,"xor":false},"metadata":{"graphics":{"position":{"x":-2760,"y":-3650},"size":{"height":370,"width":490}}},"id":"sign-up-and-log-in-pattern-view-container","type":"ifml.ViewContainer"},{"attributes":{"name":"Log In","parameters":[{"label":"username"},{"label":"password"}],"results":[{"label":"username"},{"label":"username-error"},{"label":"password"},{"label":"password-error"}]},"metadata":{"graphics":{"position":{"x":-2670,"y":-3380},"size":{"height":80,"width":115},"parent":"sign-up-and-log-in-pattern-view-container"}},"id":"log-in-action","type":"ifml.Action"},{"attributes":{"name":"Registration","parameters":[{"label":"name"},{"label":"surname"},{"label":"username"},{"label":"password"}],"results":[{"label":"name"},{"label":"name-error"},{"label":"surname"},{"label":"surname-error"},{"label":"username"},{"label":"username-error"},{"label":"password"},{"label":"password-error"}]},"metadata":{"graphics":{"position":{"x":-2480,"y":-3380},"size":{"height":80,"width":160},"parent":"sign-up-and-log-in-pattern-view-container"}},"id":"registration-action","type":"ifml.Action"},{"attributes":{"name":"Sign Up and Log In","default":false,"landmark":false,"xor":true},"metadata":{"graphics":{"position":{"x":-2740,"y":-3610},"size":{"height":200,"width":450}}},"id":"sign-up-and-log-in-view-container","type":"ifml.ViewContainer"},{"attributes":{"name":"Done"},"metadata":{"graphics":{"position":{"x":-2680,"y":-3350},"name":{"horizontal":"middle","vertical":"top"}}},"id":"done-log-in-event","type":"ifml.Event"},{"attributes":{"name":"Failed"},"metadata":{"graphics":{"position":{"x":-2600,"y":-3390},"name":{"horizontal":"middle","vertical":"bottom"}}},"id":"failed-log-in-event","type":"ifml.Event"},{"attributes":{"name":"Done"},"metadata":{"graphics":{"position":{"x":-2490,"y":-3370},"name":{"horizontal":"middle","vertical":"top"}}},"id":"done-registration-event","type":"ifml.Event"},{"attributes":{"name":"Registration"},"metadata":{"graphics":{"position":{"x":-2380,"y":-3390},"name":{"horizontal":"middle","vertical":"bottom"}}},"id":"failed-registration-event","type":"ifml.Event"},{"attributes":{"name":"Log In","default":true,"landmark":false,"xor":false},"metadata":{"graphics":{"position":{"x":-2720,"y":-3570},"size":{"height":140,"width":190}}},"id":"log-in-view-container","type":"ifml.ViewContainer"},{"attributes":{"name":"Sign Up","default":false,"landmark":false,"xor":false},"metadata":{"graphics":{"position":{"x":-2500,"y":-3570},"size":{"height":140,"width":190}}},"id":"sign-up-view-container","type":"ifml.ViewContainer"},{"attributes":{"name":"Log In Form","stereotype":"form","fields":[{"label":"username","value":"username","type":"text"},{"label":"password","value":"password","type":"password"}]},"metadata":{"graphics":{"position":{"x":-2700,"y":-3530},"size":{"height":80,"width":150}}},"id":"log-in-form","type":"ifml.ViewComponent"},{"attributes":{"name":"Sign Up Form","stereotype":"form","fields":[{"label":"name","value":"name","type":"text"},{"label":"surname","value":"surname","type":"text"},{"label":"username","value":"username","type":"text"},{"label":"password","value":"password","type":"password"}]},"metadata":{"graphics":{"position":{"x":-2480,"y":-3530},"size":{"height":80,"width":150}}},"id":"sign-up-form","type":"ifml.ViewComponent"},{"attributes":{"name":"Sign Up"},"metadata":{"graphics":{"position":{"x":-2560,"y":-3530},"name":{"horizontal":"middle","vertical":"top"}}},"id":"sign-up-event","type":"ifml.Event"},{"attributes":{"name":"Log In"},"metadata":{"graphics":{"position":{"x":-2650,"y":-3460},"name":{"horizontal":"middle","vertical":"top"}}},"id":"log-in-event","type":"ifml.Event"},{"attributes":{"name":"Log In"},"metadata":{"graphics":{"position":{"x":-2490,"y":-3500},"name":{"horizontal":"middle","vertical":"top"}}},"id":"back-to-log-in-event","type":"ifml.Event"},{"attributes":{"name":"Registration"},"metadata":{"graphics":{"position":{"x":-2430,"y":-3460},"name":{"horizontal":"middle","vertical":"top"}}},"id":"registration-event","type":"ifml.Event"},{"attributes":{"bindings":[{"input":"name","output":"name"}]},"metadata":{"graphics":{"vertices":[]}},"id":"worker-selected-step-1-navigation-flow","type":"ifml.NavigationFlow"},{"attributes":{"bindings":[{"input":"name","output":"name"}]},"metadata":{"graphics":{"vertices":[]}},"id":"worker-selected-step-2-navigation-flow","type":"ifml.NavigationFlow"},{"attributes":{"bindings":[{"input":"id","output":"id"}]},"metadata":{"graphics":{}},"id":"worker-selected-step-3-navigation-flow","type":"ifml.NavigationFlow"},{"attributes":{"bindings":[{"input":"id","output":"id"},{"input":"name","output":"name"},{"input":"surname","output":"surname"},{"input":"username","output":"username"},{"input":"password","output":"password"}]},"metadata":{"graphics":{}},"id":"details-to-modify-navigation-flow","type":"ifml.NavigationFlow"},{"attributes":{"bindings":[{"input":"id","output":"id"}]},"metadata":{"graphics":{"vertices":[{"x":-3340,"y":-2830}]}},"id":"done-create-modify-navigation-flow","type":"ifml.NavigationFlow"},{"attributes":{"bindings":[]},"metadata":{"graphics":{"vertices":[]}},"id":"done-log-in-navigation-flow","type":"ifml.NavigationFlow"},{"attributes":{"bindings":[]},"metadata":{"graphics":{"vertices":[{"x":-2540,"y":-3360}]}},"id":"done-registration-navigation-flow","type":"ifml.NavigationFlow"},{"attributes":{"bindings":[{"input":"username","output":"username"},{"input":"username-error","output":"username-error"},{"input":"password","output":"password"},{"input":"password-error","output":"password-error"}]},"metadata":{"graphics":{"vertices":[]}},"id":"failed-log-in-navigation-flow","type":"ifml.NavigationFlow"},{"attributes":{"bindings":[{"input":"name","output":"name"},{"input":"name-error","output":"name-error"},{"input":"surname","output":"surname"},{"input":"surname-error","output":"surname-error"},{"input":"username","output":"username"},{"input":"username-error","output":"username-error"},{"input":"password","output":"password"},{"input":"password-error","output":"password-error"}]},"metadata":{"graphics":{"vertices":[]}},"id":"failed-registration-navigation-flow","type":"ifml.NavigationFlow"},{"attributes":{"bindings":[{"input":"id","output":"id"},{"input":"name","output":"name"},{"input":"name-error","output":"name-error"},{"input":"surname","output":"surname"},{"input":"surname-error","output":"surname-error"},{"input":"username","output":"username"},{"input":"username-error","output":"username-error"},{"input":"password","output":"password"},{"input":"password-error","output":"password-error"}]},"metadata":{"graphics":{"vertices":[]}},"id":"failed-submit-navigation-flow","type":"ifml.NavigationFlow"},{"attributes":{"bindings":[{"input":"category","output":"id"}]},"metadata":{"graphics":{"vertices":[{"x":-3340,"y":-3390}]}},"id":"filter-data-flow","type":"ifml.DataFlow"},{"attributes":{"bindings":[{"input":"key","output":"key"}]},"metadata":{"graphics":{}},"id":"keyword-data-flow","type":"ifml.DataFlow"},{"attributes":{"bindings":[{"input":"username","output":"username"},{"input":"password","output":"password"}]},"metadata":{"graphics":{}},"id":"log-in-navigation-flow","type":"ifml.NavigationFlow"},{"attributes":{"bindings":[]},"metadata":{"graphics":{"vertices":[{"x":-3080,"y":-2700},{"x":-3200,"y":-2700},{"x":-3200,"y":-3020}]}},"id":"personal-pages-cancel-delete-event","type":"ifml.NavigationFlow"},{"attributes":{"bindings":[{"input":"id","output":"id"}]},"metadata":{"graphics":{}},"id":"personal-pages-delete-confirmation-navigation-flow","type":"ifml.NavigationFlow"},{"attributes":{"bindings":[{"input":"id","output":"id"}]},"metadata":{"graphics":{}},"id":"personal-pages-delete-navigation-flow","type":"ifml.NavigationFlow"},{"attributes":{"bindings":[]},"metadata":{"graphics":{}},"id":"personal-pages-details-to-modify-navigation-flow","type":"ifml.NavigationFlow"},{"attributes":{"bindings":[{"input":"id","output":"id"}]},"metadata":{"graphics":{"vertices":[{"x":-2890,"y":-3030},{"x":-2890,"y":-3090},{"x":-2450,"y":-3090}]}},"id":"personal-pages-display-navigation-flow","type":"ifml.NavigationFlow"},{"attributes":{"bindings":[{"input":"id","output":"id"}]},"metadata":{"graphics":{"vertices":[{"x":-2410,"y":-2830}]}},"id":"personal-pages-done-create-modify-navigation-flow","type":"ifml.NavigationFlow"},{"attributes":{"bindings":[]},"metadata":{"graphics":{"vertices":[{"x":-2870,"y":-2900},{"x":-3010,"y":-2900}]}},"id":"personal-pages-done-delete-navigation-flow","type":"ifml.NavigationFlow"},{"attributes":{"bindings":[{"input":"id","output":"id"},{"input":"title","output":"title"},{"input":"content","output":"content"},{"input":"tag","output":"tag"}]},"metadata":{"graphics":{"vertices":[{"x":-2770,"y":-2730}]}},"id":"personal-pages-done-load-content-navigation-flow","type":"ifml.NavigationFlow"},{"attributes":{"bindings":[]},"metadata":{"graphics":{"vertices":[{"x":-3180,"y":-2690},{"x":-3180,"y":-2960}]}},"id":"personal-pages-failed-load-content-navigation-flow","type":"ifml.NavigationFlow"},{"attributes":{"bindings":[{"input":"id","output":"id"},{"input":"title","output":"title"},{"input":"title-error","output":"title-error"},{"input":"content","output":"content"},{"input":"content-error","output":"content-error"},{"input":"tag","output":"tag"},{"input":"tag-error","output":"tag-error"}]},"metadata":{"graphics":{"vertices":[]}},"id":"personal-pages-failed-submit-navigation-flow","type":"ifml.NavigationFlow"},{"attributes":{"bindings":[{"input":"id","output":"id"}]},"metadata":{"graphics":{"vertices":[{"x":-2880,"y":-2990},{"x":-2880,"y":-2910},{"x":-2800,"y":-2910},{"x":-2800,"y":-2710}]}},"id":"personal-pages-modify-navigation-flow","type":"ifml.NavigationFlow"},{"attributes":{"bindings":[{"input":"id","output":"id"},{"input":"title","output":"title"},{"input":"content","output":"content"},{"input":"tag","output":"tag"}]},"metadata":{"graphics":{}},"id":"personal-pages-submit-navigation-flow","type":"ifml.NavigationFlow"},{"attributes":{"bindings":[{"input":"name","output":"name"},{"input":"surname","output":"surname"},{"input":"username","output":"username"},{"input":"password","output":"password"}]},"metadata":{"graphics":{"vertices":[]}},"id":"registration-navigation-flow","type":"ifml.NavigationFlow"},{"attributes":{"bindings":[]},"metadata":{"graphics":{"vertices":[{"x":-3280,"y":-3360}]}},"id":"search-navigation-flow","type":"ifml.NavigationFlow"},{"attributes":{"bindings":[{"input":"id","output":"id"}]},"metadata":{"graphics":{"vertices":[{"x":-3100,"y":-3470},{"x":-3100,"y":-3730}]}},"id":"selected-product-navigation-flow","type":"ifml.NavigationFlow"},{"attributes":{"bindings":[{"input":"id","output":"id"},{"input":"name","output":"name"},{"input":"surname","output":"surname"},{"input":"username","output":"username"},{"input":"password","output":"password"}]},"metadata":{"graphics":{}},"id":"submit-navigation-flow","type":"ifml.NavigationFlow"},{"attributes":{"bindings":[]},"metadata":{"graphics":{"vertices":[]}},"id":"to-log-in-navigation-flow","type":"ifml.NavigationFlow"},{"attributes":{"bindings":[]},"metadata":{"graphics":{}},"id":"to-sign-up-navigation-flow","type":"ifml.NavigationFlow"}],"relations":[{"type":"hierarchy","parent":"blog-view-container","child":"xor-view-container"},{"type":"hierarchy","parent":"xor-view-container","child":"restricted-search-pattern-view-container"},{"type":"hierarchy","parent":"restricted-search-pattern-view-container","child":"restricted-search-view-container"},{"type":"hierarchy","parent":"restricted-search-view-container","child":"worker-multilevel-master-detail-pattern-view-container"},{"type":"hierarchy","parent":"restricted-search-view-container","child":"search-view-container"},{"type":"hierarchy","parent":"worker-multilevel-master-detail-pattern-view-container","child":"worker-multilevel-master-detail-view-container"},{"type":"hierarchy","parent":"search-view-container","child":"results-list"},{"type":"hierarchy","parent":"search-view-container","child":"keyword-form"},{"type":"hierarchy","parent":"search-view-container","child":"categories-list"},{"type":"hierarchy","parent":"search-view-container","child":"search-event"},{"type":"hierarchy","parent":"worker-multilevel-master-detail-view-container","child":"worker-results-view-container"},{"type":"hierarchy","parent":"worker-multilevel-master-detail-view-container","child":"worker-subcategories-view-container"},{"type":"hierarchy","parent":"worker-multilevel-master-detail-view-container","child":"worker-categories-view-container"},{"type":"hierarchy","parent":"worker-multilevel-master-detail-view-container","child":"result-view-container"},{"type":"hierarchy","parent":"results-list","child":"selected-product-event"},{"type":"hierarchy","parent":"worker-results-view-container","child":"worker-results-list"},{"type":"hierarchy","parent":"worker-subcategories-view-container","child":"worker-subcategories-list"},{"type":"hierarchy","parent":"worker-categories-view-container","child":"worker-categories-list"},{"type":"hierarchy","parent":"result-view-container","child":"result-details"},{"type":"hierarchy","parent":"worker-results-list","child":"abc42140-c096-4223-9990-31b263786886"},{"type":"hierarchy","parent":"worker-subcategories-list","child":"worker-selected-step-2-event"},{"type":"hierarchy","parent":"worker-categories-list","child":"worker-selected-step-1-event"},{"type":"hierarchy","parent":"xor-view-container","child":"profile-view-container"},{"type":"hierarchy","parent":"profile-view-container","child":"xor-profile-view-container"},{"type":"hierarchy","parent":"xor-profile-view-container","child":"content-management-pattern-view-container"},{"type":"hierarchy","parent":"xor-profile-view-container","child":"personal-page-content-management-pattern-view-container"},{"type":"hierarchy","parent":"content-management-pattern-view-container","child":"xor-account-content-management-view-container"},{"type":"hierarchy","parent":"personal-page-content-management-pattern-view-container","child":"personal-pages-content-management-view-container"},{"type":"hierarchy","parent":"xor-account-content-management-view-container","child":"account-view-container"},{"type":"hierarchy","parent":"xor-account-content-management-view-container","child":"account-view-container-1"},{"type":"hierarchy","parent":"personal-pages-content-management-view-container","child":"personal-pages-personal-page-view-container"},{"type":"hierarchy","parent":"personal-pages-content-management-view-container","child":"personal-page-view-container-1"},{"type":"hierarchy","parent":"personal-pages-content-management-view-container","child":"personal-pages-modal-confirmation-view-container"},{"type":"hierarchy","parent":"personal-pages-content-management-view-container","child":"personal-pages-view-container"},{"type":"hierarchy","parent":"create-modify-action","child":"done-create-modify-event"},{"type":"hierarchy","parent":"create-modify-action","child":"failed-create-modify-event"},{"type":"hierarchy","parent":"account-view-container","child":"account-form"},{"type":"hierarchy","parent":"account-view-container-1","child":"account-details"},{"type":"hierarchy","parent":"personal-pages-create-modify-action","child":"personal-pages-done-create-modify-event"},{"type":"hierarchy","parent":"personal-pages-create-modify-action","child":"personal-pages-failed-create-modify-event"},{"type":"hierarchy","parent":"personal-pages-delete-action","child":"personal-pages-done-delete-event"},{"type":"hierarchy","parent":"personal-pages-load-content-action","child":"personal-pages-done-load-content-event"},{"type":"hierarchy","parent":"personal-pages-load-content-action","child":"personal-pages-failed-load-content-event"},{"type":"hierarchy","parent":"personal-pages-personal-page-view-container","child":"personal-pages-personal-page-form"},{"type":"hierarchy","parent":"personal-page-view-container-1","child":"personal-pages-personal-page-details"},{"type":"hierarchy","parent":"personal-pages-modal-confirmation-view-container","child":"personal-pages-cancel-confirmation-event"},{"type":"hierarchy","parent":"personal-pages-modal-confirmation-view-container","child":"personal-pages-delete-page-details"},{"type":"hierarchy","parent":"personal-pages-view-container","child":"personal-pages-list"},{"type":"hierarchy","parent":"account-form","child":"submit-event"},{"type":"hierarchy","parent":"account-details","child":"modify-page-event"},{"type":"hierarchy","parent":"personal-pages-personal-page-form","child":"personal-pages-submit-event"},{"type":"hierarchy","parent":"personal-pages-personal-page-details","child":"personal-pages-modify-page-event"},{"type":"hierarchy","parent":"personal-pages-delete-page-details","child":"personal-pages-delete-confirmation-event"},{"type":"hierarchy","parent":"personal-pages-list","child":"personal-pages-modify-event"},{"type":"hierarchy","parent":"personal-pages-list","child":"personal-pages-delete-event"},{"type":"hierarchy","parent":"personal-pages-list","child":"personal-pages-display-event"},{"type":"hierarchy","parent":"xor-view-container","child":"sign-up-and-log-in-pattern-view-container"},{"type":"hierarchy","parent":"sign-up-and-log-in-pattern-view-container","child":"sign-up-and-log-in-view-container"},{"type":"hierarchy","parent":"log-in-action","child":"done-log-in-event"},{"type":"hierarchy","parent":"log-in-action","child":"failed-log-in-event"},{"type":"hierarchy","parent":"registration-action","child":"done-registration-event"},{"type":"hierarchy","parent":"registration-action","child":"failed-registration-event"},{"type":"hierarchy","parent":"sign-up-and-log-in-view-container","child":"log-in-view-container"},{"type":"hierarchy","parent":"sign-up-and-log-in-view-container","child":"sign-up-view-container"},{"type":"hierarchy","parent":"log-in-view-container","child":"log-in-form"},{"type":"hierarchy","parent":"sign-up-view-container","child":"sign-up-form"},{"type":"hierarchy","parent":"log-in-form","child":"sign-up-event"},{"type":"hierarchy","parent":"log-in-form","child":"log-in-event"},{"type":"hierarchy","parent":"sign-up-form","child":"back-to-log-in-event"},{"type":"hierarchy","parent":"sign-up-form","child":"registration-event"},{"type":"source","flow":"worker-selected-step-1-navigation-flow","source":"worker-selected-step-1-event"},{"type":"source","flow":"worker-selected-step-2-navigation-flow","source":"worker-selected-step-2-event"},{"type":"source","flow":"worker-selected-step-3-navigation-flow","source":"abc42140-c096-4223-9990-31b263786886"},{"type":"source","flow":"details-to-modify-navigation-flow","source":"modify-page-event"},{"type":"source","flow":"done-create-modify-navigation-flow","source":"done-create-modify-event"},{"type":"source","flow":"done-log-in-navigation-flow","source":"done-log-in-event"},{"type":"source","flow":"done-registration-navigation-flow","source":"done-registration-event"},{"type":"source","flow":"failed-log-in-navigation-flow","source":"failed-log-in-event"},{"type":"source","flow":"failed-registration-navigation-flow","source":"failed-registration-event"},{"type":"source","flow":"failed-submit-navigation-flow","source":"failed-create-modify-event"},{"type":"source","flow":"filter-data-flow","source":"categories-list"},{"type":"source","flow":"keyword-data-flow","source":"keyword-form"},{"type":"source","flow":"log-in-navigation-flow","source":"log-in-event"},{"type":"source","flow":"personal-pages-cancel-delete-event","source":"personal-pages-cancel-confirmation-event"},{"type":"source","flow":"personal-pages-delete-confirmation-navigation-flow","source":"personal-pages-delete-confirmation-event"},{"type":"source","flow":"personal-pages-delete-navigation-flow","source":"personal-pages-delete-event"},{"type":"source","flow":"personal-pages-details-to-modify-navigation-flow","source":"personal-pages-modify-page-event"},{"type":"source","flow":"personal-pages-display-navigation-flow","source":"personal-pages-display-event"},{"type":"source","flow":"personal-pages-done-create-modify-navigation-flow","source":"personal-pages-done-create-modify-event"},{"type":"source","flow":"personal-pages-done-delete-navigation-flow","source":"personal-pages-done-delete-event"},{"type":"source","flow":"personal-pages-done-load-content-navigation-flow","source":"personal-pages-done-load-content-event"},{"type":"source","flow":"personal-pages-failed-load-content-navigation-flow","source":"personal-pages-failed-load-content-event"},{"type":"source","flow":"personal-pages-failed-submit-navigation-flow","source":"personal-pages-failed-create-modify-event"},{"type":"source","flow":"personal-pages-modify-navigation-flow","source":"personal-pages-modify-event"},{"type":"source","flow":"personal-pages-submit-navigation-flow","source":"personal-pages-submit-event"},{"type":"source","flow":"registration-navigation-flow","source":"registration-event"},{"type":"source","flow":"search-navigation-flow","source":"search-event"},{"type":"source","flow":"selected-product-navigation-flow","source":"selected-product-event"},{"type":"source","flow":"submit-navigation-flow","source":"submit-event"},{"type":"source","flow":"to-log-in-navigation-flow","source":"back-to-log-in-event"},{"type":"source","flow":"to-sign-up-navigation-flow","source":"sign-up-event"},{"type":"target","flow":"worker-selected-step-1-navigation-flow","target":"worker-subcategories-list"},{"type":"target","flow":"worker-selected-step-2-navigation-flow","target":"worker-results-list"},{"type":"target","flow":"worker-selected-step-3-navigation-flow","target":"result-details"},{"type":"target","flow":"details-to-modify-navigation-flow","target":"account-form"},{"type":"target","flow":"done-create-modify-navigation-flow","target":"account-details"},{"type":"target","flow":"done-log-in-navigation-flow","target":"xor-profile-view-container"},{"type":"target","flow":"done-registration-navigation-flow","target":"log-in-view-container"},{"type":"target","flow":"failed-log-in-navigation-flow","target":"log-in-form"},{"type":"target","flow":"failed-registration-navigation-flow","target":"sign-up-form"},{"type":"target","flow":"failed-submit-navigation-flow","target":"account-form"},{"type":"target","flow":"filter-data-flow","target":"results-list"},{"type":"target","flow":"keyword-data-flow","target":"results-list"},{"type":"target","flow":"log-in-navigation-flow","target":"log-in-action"},{"type":"target","flow":"personal-pages-cancel-delete-event","target":"personal-pages-view-container"},{"type":"target","flow":"personal-pages-delete-confirmation-navigation-flow","target":"personal-pages-delete-action"},{"type":"target","flow":"personal-pages-delete-navigation-flow","target":"personal-pages-delete-page-details"},{"type":"target","flow":"personal-pages-details-to-modify-navigation-flow","target":"personal-pages-personal-page-form"},{"type":"target","flow":"personal-pages-display-navigation-flow","target":"personal-pages-personal-page-details"},{"type":"target","flow":"personal-pages-done-create-modify-navigation-flow","target":"personal-pages-personal-page-details"},{"type":"target","flow":"personal-pages-done-delete-navigation-flow","target":"personal-pages-view-container"},{"type":"target","flow":"personal-pages-done-load-content-navigation-flow","target":"personal-pages-personal-page-form"},{"type":"target","flow":"personal-pages-failed-load-content-navigation-flow","target":"personal-pages-view-container"},{"type":"target","flow":"personal-pages-failed-submit-navigation-flow","target":"personal-pages-personal-page-form"},{"type":"target","flow":"personal-pages-modify-navigation-flow","target":"personal-pages-load-content-action"},{"type":"target","flow":"personal-pages-submit-navigation-flow","target":"personal-pages-create-modify-action"},{"type":"target","flow":"registration-navigation-flow","target":"registration-action"},{"type":"target","flow":"search-navigation-flow","target":"results-list"},{"type":"target","flow":"selected-product-navigation-flow","target":"result-details"},{"type":"target","flow":"submit-navigation-flow","target":"create-modify-action"},{"type":"target","flow":"to-log-in-navigation-flow","target":"log-in-view-container"},{"type":"target","flow":"to-sign-up-navigation-flow","target":"sign-up-view-container"}],"statistics":{"session":{"started_at":"2019-01-10T15:49:05.935Z","ended_at":"2019-01-10T16:18:42.469Z"}}}