{"elements":[{"attributes":{"name":"Blog","default":true,"landmark":false,"xor":false},"metadata":{"graphics":{"position":{"x":-3450,"y":-3960},"size":{"height":1580,"width":1300}}},"id":"blog-view-container","type":"ifml.ViewContainer"},{"attributes":{"name":"Xor","default":false,"landmark":false,"xor":true},"metadata":{"graphics":{"position":{"x":-3430,"y":-3920},"size":{"height":1520,"width":1260}}},"id":"xor-view-container","type":"ifml.ViewContainer"},{"attributes":{"name":"Back","parameters":[{"label":"content-to-send"}],"results":[{"label":"id"}]},"metadata":{"graphics":{"position":{"x":-2750,"y":-3690},"size":{"height":50,"width":75},"parent":"xor-view-container"}},"id":"favorite-back-to-details-action","type":"ifml.Action"},{"attributes":{"name":"Basic Search","default":true,"landmark":true,"xor":false},"metadata":{"graphics":{"position":{"x":-3410,"y":-3880},"size":{"height":750,"width":600}}},"id":"basic-search-pattern-view-container","type":"ifml.ViewContainer"},{"attributes":{"name":"In-Place Log In","default":false,"landmark":false,"xor":false},"metadata":{"graphics":{"position":{"x":-2640,"y":-3880},"size":{"height":330,"width":440}}},"id":"in-place-log-in-view-container","type":"ifml.ViewContainer"},{"attributes":{"name":"Sign up and Log In Pattern","default":false,"landmark":true,"xor":false},"metadata":{"graphics":{"position":{"x":-2790,"y":-3500},"size":{"height":370,"width":490}}},"id":"sign-up-and-log-in-pattern-view-container","type":"ifml.ViewContainer"},{"attributes":{"name":"Done"},"metadata":{"graphics":{"position":{"x":-2760,"y":-3670},"name":{"horizontal":"middle","vertical":"top"}}},"id":"favorite-back-to-details-done","type":"ifml.Event"},{"attributes":{"name":"Xor","default":false,"landmark":false,"xor":true},"metadata":{"graphics":{"position":{"x":-3390,"y":-3840},"size":{"height":690,"width":560}}},"id":"restricted-search-view-container","type":"ifml.ViewContainer"},{"attributes":{"name":"Favorite In-Place Log In","default":false,"landmark":false,"xor":false},"metadata":{"graphics":{"position":{"x":-2620,"y":-3840},"size":{"height":270,"width":400}}},"id":"favorite-in-place-log-in-view-container","type":"ifml.ViewContainer"},{"attributes":{"name":"Log In","parameters":[{"label":"username"},{"label":"password"}],"results":[{"label":"username"},{"label":"username-error"},{"label":"password"},{"label":"password-error"}]},"metadata":{"graphics":{"position":{"x":-2700,"y":-3230},"size":{"height":80,"width":115},"parent":"sign-up-and-log-in-pattern-view-container"}},"id":"log-in-action","type":"ifml.Action"},{"attributes":{"name":"Registration","parameters":[{"label":"name"},{"label":"surname"},{"label":"username"},{"label":"password"}],"results":[{"label":"name"},{"label":"name-error"},{"label":"surname"},{"label":"surname-error"},{"label":"username"},{"label":"username-error"},{"label":"password"},{"label":"password-error"}]},"metadata":{"graphics":{"position":{"x":-2510,"y":-3230},"size":{"height":80,"width":160},"parent":"sign-up-and-log-in-pattern-view-container"}},"id":"registration-action","type":"ifml.Action"},{"attributes":{"name":"Sign Up and Log In","default":false,"landmark":false,"xor":true},"metadata":{"graphics":{"position":{"x":-2770,"y":-3460},"size":{"height":200,"width":450}}},"id":"sign-up-and-log-in-view-container","type":"ifml.ViewContainer"},{"attributes":{"name":"Master Detail Pattern","default":true,"landmark":false,"xor":false},"metadata":{"graphics":{"position":{"x":-3370,"y":-3800},"size":{"height":360,"width":520}}},"id":"worker-master-detail-pattern-view-container","type":"ifml.ViewContainer"},{"attributes":{"name":"Search","default":false,"landmark":true,"xor":false},"metadata":{"graphics":{"position":{"x":-3370,"y":-3420},"size":{"height":250,"width":410}}},"id":"search-view-container","type":"ifml.ViewContainer"},{"attributes":{"name":"Log In & Send","parameters":[{"label":"username"},{"label":"password"},{"label":"content-to-send"}],"results":[{"label":"username"},{"label":"username-error"},{"label":"password"},{"label":"password-error"},{"label":"content-to-send"}]},"metadata":{"graphics":{"position":{"x":-2360,"y":-3770},"size":{"height":60,"width":125},"parent":"favorite-in-place-log-in-view-container"}},"id":"favorite-log-in-and-send-action","type":"ifml.Action"},{"attributes":{"name":"Send","parameters":[{"label":"id"},{"label":"favorite-group"}],"results":[{"label":"content-to-send"},{"label":"id"},{"label":"favorite-group"}]},"metadata":{"graphics":{"position":{"x":-2530,"y":-3640},"size":{"height":50,"width":100},"parent":"favorite-in-place-log-in-view-container"}},"id":"favorite-send-action","type":"ifml.Action"},{"attributes":{"name":"Modal In-Place Log In","default":false,"landmark":false,"xor":false},"metadata":{"graphics":{"position":{"x":-2600,"y":-3800},"size":{"height":120,"width":200}}},"id":"favorite-in-place-login-modal-view-container","type":"ifml.ViewContainer"},{"attributes":{"name":"Done"},"metadata":{"graphics":{"position":{"x":-2710,"y":-3200},"name":{"horizontal":"middle","vertical":"top"}}},"id":"done-log-in-event","type":"ifml.Event"},{"attributes":{"name":"Failed"},"metadata":{"graphics":{"position":{"x":-2630,"y":-3240},"name":{"horizontal":"middle","vertical":"bottom"}}},"id":"failed-log-in-event","type":"ifml.Event"},{"attributes":{"name":"Done"},"metadata":{"graphics":{"position":{"x":-2520,"y":-3220},"name":{"horizontal":"middle","vertical":"top"}}},"id":"done-registration-event","type":"ifml.Event"},{"attributes":{"name":"Registration"},"metadata":{"graphics":{"position":{"x":-2410,"y":-3240},"name":{"horizontal":"middle","vertical":"bottom"}}},"id":"failed-registration-event","type":"ifml.Event"},{"attributes":{"name":"Log In","default":true,"landmark":false,"xor":false},"metadata":{"graphics":{"position":{"x":-2750,"y":-3420},"size":{"height":140,"width":190}}},"id":"log-in-view-container","type":"ifml.ViewContainer"},{"attributes":{"name":"Sign Up","default":false,"landmark":false,"xor":false},"metadata":{"graphics":{"position":{"x":-2530,"y":-3420},"size":{"height":140,"width":190}}},"id":"sign-up-view-container","type":"ifml.ViewContainer"},{"attributes":{"name":"Master Detail","default":false,"landmark":false,"xor":true},"metadata":{"graphics":{"position":{"x":-3350,"y":-3760},"size":{"height":300,"width":480}}},"id":"worker-master-detail-view-container","type":"ifml.ViewContainer"},{"attributes":{"name":"Results","stereotype":"list","fields":[{"label":"name"}],"collection":"results","filters":[{"label":"key"}]},"metadata":{"graphics":{"position":{"x":-3130,"y":-3390},"size":{"height":90,"width":150}}},"id":"results-list","type":"ifml.ViewComponent"},{"attributes":{"name":"Keyword","stereotype":"form","fields":[{"label":"key","value":"key","type":"text"}]},"metadata":{"graphics":{"position":{"x":-3350,"y":-3390},"size":{"height":90,"width":150}}},"id":"keyword-form","type":"ifml.ViewComponent"},{"attributes":{"name":"Search"},"metadata":{"graphics":{"position":{"x":-3050,"y":-3180},"name":{"horizontal":"middle","vertical":"top"}}},"id":"search-event","type":"ifml.Event"},{"attributes":{"name":"Failed"},"metadata":{"graphics":{"position":{"x":-2370,"y":-3770},"name":{"horizontal":"middle","vertical":"top"}}},"id":"favorite-failed-log-in-event","type":"ifml.Event"},{"attributes":{"name":"Done"},"metadata":{"graphics":{"position":{"x":-2270,"y":-3780},"name":{"horizontal":"left-outer","vertical":"top"}}},"id":"favorite-done-log-in-event","type":"ifml.Event"},{"attributes":{"name":"Log In"},"metadata":{"graphics":{"position":{"x":-2500,"y":-3650},"name":{"horizontal":"left-outer","vertical":"top"}}},"id":"favorite-log-in-event","type":"ifml.Event"},{"attributes":{"name":"Done"},"metadata":{"graphics":{"position":{"x":-2440,"y":-3630},"name":{"horizontal":"middle","vertical":"top"}}},"id":"favorite-done-logged-event","type":"ifml.Event"},{"attributes":{"name":"Failed"},"metadata":{"graphics":{"position":{"x":-2540,"y":-3610},"name":{"horizontal":"middle","vertical":"top"}}},"id":"favorite-failed-logged-event","type":"ifml.Event"},{"attributes":{"name":"Log In Form","stereotype":"form","fields":[{"label":"username","value":"username","type":"text"},{"label":"password","value":"password","type":"password"},{"label":"content-to-send","value":"content-to-send","type":"hidden-object"}]},"metadata":{"graphics":{"position":{"x":-2580,"y":-3760},"size":{"height":60,"width":150}}},"id":"favorite-log-in-form","type":"ifml.ViewComponent"},{"attributes":{"name":"Log In Form","stereotype":"form","fields":[{"label":"username","value":"username","type":"text"},{"label":"password","value":"password","type":"password"}]},"metadata":{"graphics":{"position":{"x":-2730,"y":-3380},"size":{"height":80,"width":150}}},"id":"log-in-form","type":"ifml.ViewComponent"},{"attributes":{"name":"Sign Up Form","stereotype":"form","fields":[{"label":"name","value":"name","type":"text"},{"label":"surname","value":"surname","type":"text"},{"label":"username","value":"username","type":"text"},{"label":"password","value":"password","type":"password"}]},"metadata":{"graphics":{"position":{"x":-2510,"y":-3380},"size":{"height":80,"width":150}}},"id":"sign-up-form","type":"ifml.ViewComponent"},{"attributes":{"name":"Results","default":true,"landmark":false,"xor":false},"metadata":{"graphics":{"position":{"x":-3330,"y":-3720},"size":{"height":130,"width":210}}},"id":"worker-results-view-container","type":"ifml.ViewContainer"},{"attributes":{"name":"Result","default":false,"landmark":false,"xor":false},"metadata":{"graphics":{"position":{"x":-3080,"y":-3720},"size":{"height":240,"width":190}}},"id":"result-view-container","type":"ifml.ViewContainer"},{"attributes":{"name":"Selected","stereotype":"selection"},"metadata":{"graphics":{"position":{"x":-2990,"y":-3320},"name":{"horizontal":"right","vertical":"bottom"}}},"id":"selected-product-event","type":"ifml.Event"},{"attributes":{"name":"Log In"},"metadata":{"graphics":{"position":{"x":-2440,"y":-3730},"name":{"horizontal":"middle","vertical":"top"}}},"id":"favorite-log-in-and-create-event","type":"ifml.Event"},{"attributes":{"name":"Back"},"metadata":{"graphics":{"position":{"x":-2570,"y":-3710},"name":{"horizontal":"middle","vertical":"top"}}},"id":"favorite-back-event","type":"ifml.Event"},{"attributes":{"name":"Sign Up"},"metadata":{"graphics":{"position":{"x":-2590,"y":-3380},"name":{"horizontal":"middle","vertical":"top"}}},"id":"sign-up-event","type":"ifml.Event"},{"attributes":{"name":"Log In"},"metadata":{"graphics":{"position":{"x":-2680,"y":-3310},"name":{"horizontal":"middle","vertical":"top"}}},"id":"log-in-event","type":"ifml.Event"},{"attributes":{"name":"Log In"},"metadata":{"graphics":{"position":{"x":-2520,"y":-3350},"name":{"horizontal":"middle","vertical":"top"}}},"id":"back-to-log-in-event","type":"ifml.Event"},{"attributes":{"name":"Registration"},"metadata":{"graphics":{"position":{"x":-2460,"y":-3310},"name":{"horizontal":"middle","vertical":"top"}}},"id":"registration-event","type":"ifml.Event"},{"attributes":{"name":"Results","stereotype":"list","fields":[{"label":"name"},{"label":"state"}],"collection":"articles","filters":[]},"metadata":{"graphics":{"position":{"x":-3310,"y":-3680},"size":{"height":70,"width":170}}},"id":"worker-results-list","type":"ifml.ViewComponent"},{"attributes":{"name":"Result","stereotype":"details","fields":[{"label":"title"},{"label":"content"},{"label":"author"}],"collection":"results"},"metadata":{"graphics":{"position":{"x":-3060,"y":-3680},"size":{"height":90,"width":150}}},"id":"result-details","type":"ifml.ViewComponent"},{"attributes":{"name":"Favorite","stereotype":"form","fields":[{"label":"id","value":"id","type":"hidden"},{"label":"favorite","value":"favorite","type":"checkbox","name":"favorite-group"}]},"metadata":{"graphics":{"position":{"x":-3060,"y":-3570},"size":{"height":60,"width":150}}},"id":"favorite-form","type":"ifml.ViewComponent"},{"attributes":{"name":"selected","stereotype":"selection"},"metadata":{"graphics":{"position":{"x":-3150,"y":-3630},"name":{"horizontal":"right","vertical":"bottom"}}},"id":"abc42140-c096-4223-9990-31b263786886","type":"ifml.Event"},{"attributes":{"name":"Send"},"metadata":{"graphics":{"position":{"x":-2920,"y":-3530},"name":{"horizontal":"middle","vertical":"bottom"}}},"id":"favorite-send-event","type":"ifml.Event"},{"attributes":{"name":"Profile","default":false,"landmark":true,"xor":false},"metadata":{"graphics":{"position":{"x":-3410,"y":-3090},"size":{"height":670,"width":1090}}},"id":"profile-view-container","type":"ifml.ViewContainer"},{"attributes":{"name":"Xor","default":false,"landmark":false,"xor":true},"metadata":{"graphics":{"position":{"x":-3390,"y":-3050},"size":{"height":610,"width":1050}}},"id":"xor-profile-view-container","type":"ifml.ViewContainer"},{"attributes":{"name":"Content Management Pattern","default":true,"landmark":true,"xor":false},"metadata":{"graphics":{"position":{"x":-3370,"y":-3000},"size":{"height":540,"width":540}}},"id":"content-management-pattern-view-container","type":"ifml.ViewContainer"},{"attributes":{"name":"Content Management Pattern","default":false,"landmark":true,"xor":false},"metadata":{"graphics":{"position":{"x":-2810,"y":-3000},"size":{"height":540,"width":450}}},"id":"favorite-content-management-pattern-view-container","type":"ifml.ViewContainer"},{"attributes":{"name":"Xor Account Content Management","default":false,"landmark":false,"xor":true},"metadata":{"graphics":{"position":{"x":-3350,"y":-2960},"size":{"height":480,"width":500}}},"id":"xor-account-content-management-view-container","type":"ifml.ViewContainer"},{"attributes":{"name":"Favorite Content Management","default":false,"landmark":false,"xor":true},"metadata":{"graphics":{"position":{"x":-2790,"y":-2960},"size":{"height":480,"width":410}}},"id":"favorite-content-management-view-container","type":"ifml.ViewContainer"},{"attributes":{"name":"Create or Modify","parameters":[{"label":"id"},{"label":"name"},{"label":"surname"},{"label":"username"},{"label":"password"}],"results":[{"label":"id"},{"label":"name"},{"label":"name-error"},{"label":"surname"},{"label":"surname-error"},{"label":"username"},{"label":"username-error"},{"label":"password"},{"label":"password-error"}]},"metadata":{"graphics":{"position":{"x":-3220,"y":-2670},"size":{"height":60,"width":120},"parent":"xor-account-content-management-view-container"}},"id":"create-modify-action","type":"ifml.Action"},{"attributes":{"name":"Account","default":false,"landmark":true,"xor":false},"metadata":{"graphics":{"position":{"x":-3330,"y":-2900},"size":{"height":150,"width":200}}},"id":"account-view-container","type":"ifml.ViewContainer"},{"attributes":{"name":"Account","default":true,"landmark":true,"xor":false},"metadata":{"graphics":{"position":{"x":-3110,"y":-2900},"size":{"height":150,"width":240}}},"id":"account-view-container-1","type":"ifml.ViewContainer"},{"attributes":{"name":"Delete","parameters":[{"label":"id"}],"results":[]},"metadata":{"graphics":{"position":{"x":-2480,"y":-2610},"size":{"height":50,"width":75},"parent":"favorite-content-management-view-container"}},"id":"favorite-delete-action","type":"ifml.Action"},{"attributes":{"name":"Modal Confirmation","default":false,"landmark":false,"xor":false},"metadata":{"graphics":{"position":{"x":-2720,"y":-2720},"size":{"height":160,"width":210}}},"id":"favorite-modal-confirmation-view-container","type":"ifml.ViewContainer"},{"attributes":{"name":"Favorite","default":true,"landmark":true,"xor":false},"metadata":{"graphics":{"position":{"x":-2710,"y":-2910},"size":{"height":150,"width":220}}},"id":"favorite-view-container","type":"ifml.ViewContainer"},{"attributes":{"name":"Done"},"metadata":{"graphics":{"position":{"x":-3110,"y":-2670},"name":{"horizontal":"middle","vertical":"top"}}},"id":"done-create-modify-event","type":"ifml.Event"},{"attributes":{"name":"Failed"},"metadata":{"graphics":{"position":{"x":-3210,"y":-2680},"name":{"horizontal":"left-outer","vertical":"top"}}},"id":"failed-create-modify-event","type":"ifml.Event"},{"attributes":{"name":"Account","stereotype":"form","fields":[{"label":"id","value":"id","type":"text"},{"label":"name","value":"name","type":"text"},{"label":"surname","value":"surname","type":"text"},{"label":"username","value":"username","type":"text"},{"label":"password","value":"password","type":"password"}]},"metadata":{"graphics":{"position":{"x":-3310,"y":-2840},"size":{"height":70,"width":150}}},"id":"account-form","type":"ifml.ViewComponent"},{"attributes":{"name":"Account","stereotype":"details","fields":[{"label":"name"},{"label":"surname"},{"label":"username"},{"label":"password"}],"collection":"account"},"metadata":{"graphics":{"position":{"x":-3050,"y":-2830},"size":{"height":60,"width":170}}},"id":"account-details","type":"ifml.ViewComponent"},{"attributes":{"name":"Done"},"metadata":{"graphics":{"position":{"x":-2450,"y":-2620},"name":{"horizontal":"left-outer","vertical":"top"}}},"id":"favorite-done-delete-event","type":"ifml.Event"},{"attributes":{"name":"Cancel"},"metadata":{"graphics":{"position":{"x":-2660,"y":-2570},"name":{"horizontal":"middle","vertical":"top"}}},"id":"favorite-cancel-confirmation-event","type":"ifml.Event"},{"attributes":{"name":"Delete Page","stereotype":"details","fields":[],"collection":"favorite"},"metadata":{"graphics":{"position":{"x":-2700,"y":-2650},"size":{"height":60,"width":150}}},"id":"favorite-delete-page-details","type":"ifml.ViewComponent"},{"attributes":{"name":"Favorite","stereotype":"list","fields":[{"label":"title"},{"label":"preview"}],"collection":"favorite","filters":[]},"metadata":{"graphics":{"position":{"x":-2690,"y":-2880},"size":{"height":60,"width":180}}},"id":"favorite-list","type":"ifml.ViewComponent"},{"attributes":{"name":"Submit"},"metadata":{"graphics":{"position":{"x":-3190,"y":-2780},"name":{"horizontal":"middle","vertical":"top"}}},"id":"submit-event","type":"ifml.Event"},{"attributes":{"name":"Modify"},"metadata":{"graphics":{"position":{"x":-3060,"y":-2820},"name":{"horizontal":"left-outer","vertical":"top"}}},"id":"modify-page-event","type":"ifml.Event"},{"attributes":{"name":"Delete"},"metadata":{"graphics":{"position":{"x":-2560,"y":-2610},"name":{"horizontal":"middle","vertical":"top"}}},"id":"favorite-delete-confirmation-event","type":"ifml.Event"},{"attributes":{"name":"Delete"},"metadata":{"graphics":{"position":{"x":-2630,"y":-2830},"name":{"horizontal":"left-outer","vertical":"bottom"}}},"id":"favorite-delete-event","type":"ifml.Event"},{"attributes":{"name":"Display"},"metadata":{"graphics":{"position":{"x":-2520,"y":-2870},"name":{"horizontal":"middle","vertical":"top"}}},"id":"favorite-display-event","type":"ifml.Event"},{"attributes":{"bindings":[{"input":"id","output":"id"},{"input":"name","output":"name"},{"input":"surname","output":"surname"},{"input":"username","output":"username"},{"input":"password","output":"password"}]},"metadata":{"graphics":{}},"id":"details-to-modify-navigation-flow","type":"ifml.NavigationFlow"},{"attributes":{"bindings":[{"input":"id","output":"id"}]},"metadata":{"graphics":{"vertices":[{"x":-2900,"y":-2660}]}},"id":"done-create-modify-navigation-flow","type":"ifml.NavigationFlow"},{"attributes":{"bindings":[]},"metadata":{"graphics":{"vertices":[]}},"id":"done-log-in-navigation-flow","type":"ifml.NavigationFlow"},{"attributes":{"bindings":[]},"metadata":{"graphics":{"vertices":[{"x":-2570,"y":-3210}]}},"id":"done-registration-navigation-flow","type":"ifml.NavigationFlow"},{"attributes":{"bindings":[{"input":"username","output":"username"},{"input":"username-error","output":"username-error"},{"input":"password","output":"password"},{"input":"password-error","output":"password-error"}]},"metadata":{"graphics":{"vertices":[]}},"id":"failed-log-in-navigation-flow","type":"ifml.NavigationFlow"},{"attributes":{"bindings":[{"input":"name","output":"name"},{"input":"name-error","output":"name-error"},{"input":"surname","output":"surname"},{"input":"surname-error","output":"surname-error"},{"input":"username","output":"username"},{"input":"username-error","output":"username-error"},{"input":"password","output":"password"},{"input":"password-error","output":"password-error"}]},"metadata":{"graphics":{"vertices":[]}},"id":"failed-registration-navigation-flow","type":"ifml.NavigationFlow"},{"attributes":{"bindings":[{"input":"id","output":"id"},{"input":"name","output":"name"},{"input":"name-error","output":"name-error"},{"input":"surname","output":"surname"},{"input":"surname-error","output":"surname-error"},{"input":"username","output":"username"},{"input":"username-error","output":"username-error"},{"input":"password","output":"password"},{"input":"password-error","output":"password-error"}]},"metadata":{"graphics":{"vertices":[]}},"id":"failed-submit-navigation-flow","type":"ifml.NavigationFlow"},{"attributes":{"bindings":[{"input":"content-to-send","output":"content-to-send"}]},"metadata":{"graphics":{"vertices":[{"x":-2560,"y":-3560},{"x":-2720,"y":-3560}]}},"id":"favorite-back-navigation-flow","type":"ifml.NavigationFlow"},{"attributes":{"bindings":[{"input":"id","output":"id"}]},"metadata":{"graphics":{"vertices":[]}},"id":"favorite-back-to-details-navigation-flow","type":"ifml.NavigationFlow"},{"attributes":{"bindings":[]},"metadata":{"graphics":{"vertices":[{"x":-2650,"y":-2530},{"x":-2770,"y":-2530},{"x":-2770,"y":-2850}]}},"id":"favorite-cancel-delete-event","type":"ifml.NavigationFlow"},{"attributes":{"bindings":[{"input":"id","output":"id"}]},"metadata":{"graphics":{}},"id":"favorite-delete-confirmation-navigation-flow","type":"ifml.NavigationFlow"},{"attributes":{"bindings":[{"input":"id","output":"id"}]},"metadata":{"graphics":{"vertices":[]}},"id":"favorite-delete-navigation-flow","type":"ifml.NavigationFlow"},{"attributes":{"bindings":[{"input":"id","output":"id"}]},"metadata":{"graphics":{"vertices":[{"x":-2460,"y":-2860},{"x":-2460,"y":-3110},{"x":-3000,"y":-3110}]}},"id":"favorite-display-navigation-flow","type":"ifml.NavigationFlow"},{"attributes":{"bindings":[]},"metadata":{"graphics":{"vertices":[{"x":-2440,"y":-2730},{"x":-2580,"y":-2730}]}},"id":"favorite-done-delete-navigation-flow","type":"ifml.NavigationFlow"},{"attributes":{"bindings":[{"input":"id","output":"id"}]},"metadata":{"graphics":{"vertices":[{"x":-2260,"y":-3850},{"x":-3010,"y":-3850}]}},"id":"favorite-done-log-in-and-send-navigation-flow","type":"ifml.NavigationFlow"},{"attributes":{"bindings":[{"input":"id","output":"id"}]},"metadata":{"graphics":{"vertices":[{"x":-2430,"y":-3810},{"x":-3030,"y":-3810}]}},"id":"favorite-done-log-in-navigation-flow","type":"ifml.NavigationFlow"},{"attributes":{"bindings":[{"input":"username","output":"username"},{"input":"username-error","output":"username-error"},{"input":"password","output":"password"},{"input":"password-error","output":"password-error"},{"input":"content-to-send","output":"content-to-send"}]},"metadata":{"graphics":{}},"id":"favorite-failed-log-in-navigation-flow","type":"ifml.NavigationFlow"},{"attributes":{"bindings":[{"input":"id","output":"id"},{"input":"favorite-group","output":"favorite-group"}]},"metadata":{"graphics":{"vertices":[{"x":-2530,"y":-3540}]}},"id":"favorite-failed-send-navigation-flow","type":"ifml.NavigationFlow"},{"attributes":{"bindings":[{"input":"id","output":"id"}]},"metadata":{"graphics":{"vertices":[{"x":-2820,"y":-3630},{"x":-2820,"y":-3550}]}},"id":"favorite-form-data-flow","type":"ifml.DataFlow"},{"attributes":{"bindings":[{"input":"content-to-send","output":"content-to-send"}]},"metadata":{"graphics":{"vertices":[]}},"id":"favorite-in-place-log-in-navigation-flow","type":"ifml.NavigationFlow"},{"attributes":{"bindings":[{"input":"username","output":"username"},{"input":"password","output":"password"},{"input":"content-to-send","output":"content-to-send"}]},"metadata":{"graphics":{}},"id":"favorite-log-in-navigation-flow","type":"ifml.NavigationFlow"},{"attributes":{"bindings":[{"input":"id","output":"id"},{"input":"favorite-group","output":"favorite-group"}]},"metadata":{"graphics":{"vertices":[{"x":-2480,"y":-3520}]}},"id":"favorite-send-navigation-flow","type":"ifml.NavigationFlow"},{"attributes":{"bindings":[{"input":"key","output":"key"}]},"metadata":{"graphics":{}},"id":"keyword-data-flow","type":"ifml.DataFlow"},{"attributes":{"bindings":[{"input":"username","output":"username"},{"input":"password","output":"password"}]},"metadata":{"graphics":{}},"id":"log-in-navigation-flow","type":"ifml.NavigationFlow"},{"attributes":{"bindings":[{"input":"name","output":"name"},{"input":"surname","output":"surname"},{"input":"username","output":"username"},{"input":"password","output":"password"}]},"metadata":{"graphics":{"vertices":[]}},"id":"registration-navigation-flow","type":"ifml.NavigationFlow"},{"attributes":{"bindings":[]},"metadata":{"graphics":{"vertices":[{"x":-3040,"y":-3200}]}},"id":"search-navigation-flow","type":"ifml.NavigationFlow"},{"attributes":{"bindings":[{"input":"id","output":"id"}]},"metadata":{"graphics":{"vertices":[{"x":-2940,"y":-3310}]}},"id":"selected-product-navigation-flow","type":"ifml.NavigationFlow"},{"attributes":{"bindings":[{"input":"id","output":"id"},{"input":"name","output":"name"},{"input":"surname","output":"surname"},{"input":"username","output":"username"},{"input":"password","output":"password"}]},"metadata":{"graphics":{}},"id":"submit-navigation-flow","type":"ifml.NavigationFlow"},{"attributes":{"bindings":[]},"metadata":{"graphics":{"vertices":[]}},"id":"to-log-in-navigation-flow","type":"ifml.NavigationFlow"},{"attributes":{"bindings":[]},"metadata":{"graphics":{}},"id":"to-sign-up-navigation-flow","type":"ifml.NavigationFlow"},{"attributes":{"bindings":[{"input":"id","output":"id"}]},"metadata":{"graphics":{}},"id":"worker-selected-step-3-navigation-flow","type":"ifml.NavigationFlow"}],"relations":[{"type":"hierarchy","parent":"blog-view-container","child":"xor-view-container"},{"type":"hierarchy","parent":"xor-view-container","child":"basic-search-pattern-view-container"},{"type":"hierarchy","parent":"xor-view-container","child":"in-place-log-in-view-container"},{"type":"hierarchy","parent":"xor-view-container","child":"sign-up-and-log-in-pattern-view-container"},{"type":"hierarchy","parent":"favorite-back-to-details-action","child":"favorite-back-to-details-done"},{"type":"hierarchy","parent":"basic-search-pattern-view-container","child":"restricted-search-view-container"},{"type":"hierarchy","parent":"in-place-log-in-view-container","child":"favorite-in-place-log-in-view-container"},{"type":"hierarchy","parent":"sign-up-and-log-in-pattern-view-container","child":"sign-up-and-log-in-view-container"},{"type":"hierarchy","parent":"restricted-search-view-container","child":"worker-master-detail-pattern-view-container"},{"type":"hierarchy","parent":"restricted-search-view-container","child":"search-view-container"},{"type":"hierarchy","parent":"favorite-in-place-log-in-view-container","child":"favorite-in-place-login-modal-view-container"},{"type":"hierarchy","parent":"log-in-action","child":"done-log-in-event"},{"type":"hierarchy","parent":"log-in-action","child":"failed-log-in-event"},{"type":"hierarchy","parent":"registration-action","child":"done-registration-event"},{"type":"hierarchy","parent":"registration-action","child":"failed-registration-event"},{"type":"hierarchy","parent":"sign-up-and-log-in-view-container","child":"log-in-view-container"},{"type":"hierarchy","parent":"sign-up-and-log-in-view-container","child":"sign-up-view-container"},{"type":"hierarchy","parent":"worker-master-detail-pattern-view-container","child":"worker-master-detail-view-container"},{"type":"hierarchy","parent":"search-view-container","child":"results-list"},{"type":"hierarchy","parent":"search-view-container","child":"keyword-form"},{"type":"hierarchy","parent":"search-view-container","child":"search-event"},{"type":"hierarchy","parent":"favorite-log-in-and-send-action","child":"favorite-failed-log-in-event"},{"type":"hierarchy","parent":"favorite-log-in-and-send-action","child":"favorite-done-log-in-event"},{"type":"hierarchy","parent":"favorite-send-action","child":"favorite-log-in-event"},{"type":"hierarchy","parent":"favorite-send-action","child":"favorite-done-logged-event"},{"type":"hierarchy","parent":"favorite-send-action","child":"favorite-failed-logged-event"},{"type":"hierarchy","parent":"favorite-in-place-login-modal-view-container","child":"favorite-log-in-form"},{"type":"hierarchy","parent":"log-in-view-container","child":"log-in-form"},{"type":"hierarchy","parent":"sign-up-view-container","child":"sign-up-form"},{"type":"hierarchy","parent":"worker-master-detail-view-container","child":"worker-results-view-container"},{"type":"hierarchy","parent":"worker-master-detail-view-container","child":"result-view-container"},{"type":"hierarchy","parent":"results-list","child":"selected-product-event"},{"type":"hierarchy","parent":"favorite-log-in-form","child":"favorite-log-in-and-create-event"},{"type":"hierarchy","parent":"favorite-log-in-form","child":"favorite-back-event"},{"type":"hierarchy","parent":"log-in-form","child":"sign-up-event"},{"type":"hierarchy","parent":"log-in-form","child":"log-in-event"},{"type":"hierarchy","parent":"sign-up-form","child":"back-to-log-in-event"},{"type":"hierarchy","parent":"sign-up-form","child":"registration-event"},{"type":"hierarchy","parent":"worker-results-view-container","child":"worker-results-list"},{"type":"hierarchy","parent":"result-view-container","child":"result-details"},{"type":"hierarchy","parent":"result-view-container","child":"favorite-form"},{"type":"hierarchy","parent":"worker-results-list","child":"abc42140-c096-4223-9990-31b263786886"},{"type":"hierarchy","parent":"favorite-form","child":"favorite-send-event"},{"type":"hierarchy","parent":"xor-view-container","child":"profile-view-container"},{"type":"hierarchy","parent":"profile-view-container","child":"xor-profile-view-container"},{"type":"hierarchy","parent":"xor-profile-view-container","child":"content-management-pattern-view-container"},{"type":"hierarchy","parent":"xor-profile-view-container","child":"favorite-content-management-pattern-view-container"},{"type":"hierarchy","parent":"content-management-pattern-view-container","child":"xor-account-content-management-view-container"},{"type":"hierarchy","parent":"favorite-content-management-pattern-view-container","child":"favorite-content-management-view-container"},{"type":"hierarchy","parent":"xor-account-content-management-view-container","child":"account-view-container"},{"type":"hierarchy","parent":"xor-account-content-management-view-container","child":"account-view-container-1"},{"type":"hierarchy","parent":"favorite-content-management-view-container","child":"favorite-modal-confirmation-view-container"},{"type":"hierarchy","parent":"favorite-content-management-view-container","child":"favorite-view-container"},{"type":"hierarchy","parent":"create-modify-action","child":"done-create-modify-event"},{"type":"hierarchy","parent":"create-modify-action","child":"failed-create-modify-event"},{"type":"hierarchy","parent":"account-view-container","child":"account-form"},{"type":"hierarchy","parent":"account-view-container-1","child":"account-details"},{"type":"hierarchy","parent":"favorite-delete-action","child":"favorite-done-delete-event"},{"type":"hierarchy","parent":"favorite-modal-confirmation-view-container","child":"favorite-cancel-confirmation-event"},{"type":"hierarchy","parent":"favorite-modal-confirmation-view-container","child":"favorite-delete-page-details"},{"type":"hierarchy","parent":"favorite-view-container","child":"favorite-list"},{"type":"hierarchy","parent":"account-form","child":"submit-event"},{"type":"hierarchy","parent":"account-details","child":"modify-page-event"},{"type":"hierarchy","parent":"favorite-delete-page-details","child":"favorite-delete-confirmation-event"},{"type":"hierarchy","parent":"favorite-list","child":"favorite-delete-event"},{"type":"hierarchy","parent":"favorite-list","child":"favorite-display-event"},{"type":"source","flow":"details-to-modify-navigation-flow","source":"modify-page-event"},{"type":"source","flow":"done-create-modify-navigation-flow","source":"done-create-modify-event"},{"type":"source","flow":"done-log-in-navigation-flow","source":"done-log-in-event"},{"type":"source","flow":"done-registration-navigation-flow","source":"done-registration-event"},{"type":"source","flow":"failed-log-in-navigation-flow","source":"failed-log-in-event"},{"type":"source","flow":"failed-registration-navigation-flow","source":"failed-registration-event"},{"type":"source","flow":"failed-submit-navigation-flow","source":"failed-create-modify-event"},{"type":"source","flow":"favorite-back-navigation-flow","source":"favorite-back-event"},{"type":"source","flow":"favorite-back-to-details-navigation-flow","source":"favorite-back-to-details-done"},{"type":"source","flow":"favorite-cancel-delete-event","source":"favorite-cancel-confirmation-event"},{"type":"source","flow":"favorite-delete-confirmation-navigation-flow","source":"favorite-delete-confirmation-event"},{"type":"source","flow":"favorite-delete-navigation-flow","source":"favorite-delete-event"},{"type":"source","flow":"favorite-display-navigation-flow","source":"favorite-display-event"},{"type":"source","flow":"favorite-done-delete-navigation-flow","source":"favorite-done-delete-event"},{"type":"source","flow":"favorite-done-log-in-and-send-navigation-flow","source":"favorite-done-log-in-event"},{"type":"source","flow":"favorite-done-log-in-navigation-flow","source":"favorite-done-logged-event"},{"type":"source","flow":"favorite-failed-log-in-navigation-flow","source":"favorite-failed-log-in-event"},{"type":"source","flow":"favorite-failed-send-navigation-flow","source":"favorite-failed-logged-event"},{"type":"source","flow":"favorite-form-data-flow","source":"result-details"},{"type":"source","flow":"favorite-in-place-log-in-navigation-flow","source":"favorite-log-in-event"},{"type":"source","flow":"favorite-log-in-navigation-flow","source":"favorite-log-in-and-create-event"},{"type":"source","flow":"favorite-send-navigation-flow","source":"favorite-send-event"},{"type":"source","flow":"keyword-data-flow","source":"keyword-form"},{"type":"source","flow":"log-in-navigation-flow","source":"log-in-event"},{"type":"source","flow":"registration-navigation-flow","source":"registration-event"},{"type":"source","flow":"search-navigation-flow","source":"search-event"},{"type":"source","flow":"selected-product-navigation-flow","source":"selected-product-event"},{"type":"source","flow":"submit-navigation-flow","source":"submit-event"},{"type":"source","flow":"to-log-in-navigation-flow","source":"back-to-log-in-event"},{"type":"source","flow":"to-sign-up-navigation-flow","source":"sign-up-event"},{"type":"source","flow":"worker-selected-step-3-navigation-flow","source":"abc42140-c096-4223-9990-31b263786886"},{"type":"target","flow":"details-to-modify-navigation-flow","target":"account-form"},{"type":"target","flow":"done-create-modify-navigation-flow","target":"account-details"},{"type":"target","flow":"done-log-in-navigation-flow","target":"xor-profile-view-container"},{"type":"target","flow":"done-registration-navigation-flow","target":"log-in-view-container"},{"type":"target","flow":"failed-log-in-navigation-flow","target":"log-in-form"},{"type":"target","flow":"failed-registration-navigation-flow","target":"sign-up-form"},{"type":"target","flow":"failed-submit-navigation-flow","target":"account-form"},{"type":"target","flow":"favorite-back-navigation-flow","target":"favorite-back-to-details-action"},{"type":"target","flow":"favorite-back-to-details-navigation-flow","target":"result-details"},{"type":"target","flow":"favorite-cancel-delete-event","target":"favorite-view-container"},{"type":"target","flow":"favorite-delete-confirmation-navigation-flow","target":"favorite-delete-action"},{"type":"target","flow":"favorite-delete-navigation-flow","target":"favorite-delete-page-details"},{"type":"target","flow":"favorite-display-navigation-flow","target":"result-details"},{"type":"target","flow":"favorite-done-delete-navigation-flow","target":"favorite-view-container"},{"type":"target","flow":"favorite-done-log-in-and-send-navigation-flow","target":"result-details"},{"type":"target","flow":"favorite-done-log-in-navigation-flow","target":"result-details"},{"type":"target","flow":"favorite-failed-log-in-navigation-flow","target":"favorite-log-in-form"},{"type":"target","flow":"favorite-failed-send-navigation-flow","target":"favorite-form"},{"type":"target","flow":"favorite-form-data-flow","target":"favorite-form"},{"type":"target","flow":"favorite-in-place-log-in-navigation-flow","target":"favorite-log-in-form"},{"type":"target","flow":"favorite-log-in-navigation-flow","target":"favorite-log-in-and-send-action"},{"type":"target","flow":"favorite-send-navigation-flow","target":"favorite-send-action"},{"type":"target","flow":"keyword-data-flow","target":"results-list"},{"type":"target","flow":"log-in-navigation-flow","target":"log-in-action"},{"type":"target","flow":"registration-navigation-flow","target":"registration-action"},{"type":"target","flow":"search-navigation-flow","target":"results-list"},{"type":"target","flow":"selected-product-navigation-flow","target":"result-details"},{"type":"target","flow":"submit-navigation-flow","target":"create-modify-action"},{"type":"target","flow":"to-log-in-navigation-flow","target":"log-in-view-container"},{"type":"target","flow":"to-sign-up-navigation-flow","target":"sign-up-view-container"},{"type":"target","flow":"worker-selected-step-3-navigation-flow","target":"result-details"}],"statistics":{"session":{"started_at":"2019-01-11T07:30:17.289Z","ended_at":"2019-01-11T07:32:31.637Z"}}}